autor;frase;fonte;nota_interna
Viktor Frankl;Quando não podemos mais mudar uma situação, somos desafiados a mudar a nós mesmos.;Em Busca de Sentido, parte II (logoterapia);"Fase 121 (10/10/2026): texto conferido na obra — Man's Search for Meaning, trad. Ilse Lasch, parte II (Logotherapy in a Nutshell, seção The Meaning of Suffering): ""When we are no longer able to change a situation—just think of an incurable disease such as inoperable cancer—we are challenged to change ourselves."" Conferido no LitCharts (página da seção e do tema Psychology and Logotherapy). Observação: O português omite o aparte entre travessões (exemplo do câncer inoperável), sem mudar o sentido."
Aristóteles;A educação tem raízes amargas, mas os seus frutos são doces.;Diógenes Laércio, Vidas e Doutrinas dos Filósofos Ilustres, V, 18;"Fase 121 (10/10/2026): texto conferido na obra — Texto grego de Diógenes Laércio (Perseus, tlg0004.tlg001), livro V, § 18 (vida de Aristóteles): ""Τῆς παιδείας ἔφη τὰς μὲν ῥίζας εἶναι πικράς, τὸν δὲ καρπὸν γλυκύν."""
Confúcio;"Por natureza, os homens são próximos; pelo hábito, tornam-se distantes.";Analectos, XVII, 2;"Fase 120 (10/10/2026, escrituras): “educação” não traduz 習 (hábito, prática). Evidência: Analectos XVII, 2: texto chinês (chinese-poetry/论语, GitHub) e tradução de James Legge (1861; Project Gutenberg #3330)."
Nicolau Maquiavel;"Os homens têm menos escrúpulo em ofender quem se faz amar do que quem se faz temer; porque o amor é mantido por um vínculo de obrigação que, sendo os homens maus, se rompe a cada ocasião de proveito próprio; mas o temor é mantido pelo medo do castigo, que nunca te abandona.";O Príncipe, XVII;"Fase 121 (10/10/2026, correção): A frase é este trecho (mesma estrutura amar/temer, vínculo rompido, medo do castigo que não falha), mas ""o amor se rompe quando deixa de ser necessário"" não traduz o original, que fala em vínculo de obrigação rompido pela maldade dos homens a cada ocasião de proveito próprio; tradução refeita. Evidência: Texto italiano de Il Principe, capítulo XVII (repositório GitHub mbykov/diglossa.data, Il_Principe/Capitolo_17); conferido também na tradução de W. K. Marriott (Project Gutenberg #1232), capítulo XVII: ""love is preserved by the link of obligation which, owing to the baseness of men, is broken at every opportunity for their advantage""."
Audre Lorde;Não sou livre enquanto qualquer mulher não for livre, mesmo quando as algemas dela forem muito diferentes das minhas.;Ensaio “The Uses of Anger: Women Responding to Racism” (1981), reunido em Sister Outsider (1984);"Fase 121 (10/10/2026, correção): Ensaio errado: a frase é de “The Uses of Anger” (1981), não de “Age, Race, Class, and Sex”. O português já é fiel. Evidência: Wikiquote (en), Audre Lorde, reproduzido em Quotepark: frase datada de 1981 e ligada a “The Uses of Anger: Women Responding to Racism” (discurso de abertura na conferência da NWSA); destaques de leitores de The Selected Works of Audre Lorde (Goodreads) com a mesma redação."
Confúcio;Sê exigente contigo mesmo e brando ao censurar os outros, e manterás longe o ressentimento.;Analectos, XV, 15;"Fase 120 (10/10/2026, escrituras): tradução solta; substituída por tradução fiel do capítulo, com o original chinês. Evidência: Analectos XV, 15: texto chinês (chinese-poetry/论语, GitHub) e tradução de James Legge (1861; Project Gutenberg #3330). Observação: na numeração de Legge, XV, 14."
Albert Einstein;Ele percebeu com muita clareza que o mundo corre maior perigo da parte dos que toleram ou encorajam o mal do que da parte daqueles que o cometem.;Nota sobre Pablo Casals, 30 de março de 1953, publicada em Conversations avec Pablo Casals, de J. M. Corredor (1955);Fase 119 (10/10/2026): original conferido — Quote Investigator (2022) reproduz o texto alemão da declaração de 1953 (Albert Einstein Archives, Universidade Hebraica de Jerusalém) e registra sua publicação em Corredor, Conversations avec Pablo Casals (1955).
Confúcio;Se ainda não conheces a vida, como podes conhecer a morte?;Analectos, XI, 12;"Fase 120 (10/10/2026, escrituras): original acrescentado; tradução ajustada. Evidência: Analectos XI, 12: texto chinês (chinese-poetry/论语, GitHub) e tradução de James Legge (1861; Project Gutenberg #3330). Observação: na numeração de Legge, XI, 11."
Benjamin Franklin;Aquele que acreditar que o dinheiro fará tudo pode bem ser suspeito de fazer tudo por dinheiro.;Poor Richard’s Almanack, 1753;Fase 121 (10/10/2026): texto conferido na obra — Localizada no almanaque Poor Richard Improved, 1753, no texto de The Papers of Benjamin Franklin (Founders Online, Franklin/01-04-02-0148), lido no espelho ViralTexts/revolutionary-clusters do GitHub.
Warren Buffett;Dinheiro suficiente para que sintam que podem fazer qualquer coisa, mas não tanto que possam não fazer nada.;Fortune, “Should You Leave It All to the Children?” (1986);"Fase 121 (10/10/2026, correção): A frase não vem das cartas anuais e sim de reportagem da Fortune de 1986; o português (""Quero dar a meus filhos..."") acrescentava uma primeira pessoa que não está no original. Fonte e tradução corrigidas. Evidência: Fortune, “Should You Leave It All to the Children?” (29 set. 1986, republicado em fortune.com e na coletânea Tap Dancing to Work, de Carol Loomis): Buffett define a herança ideal como ""enough money so that they would feel they could do anything, but not so much that they could do nothing""; resenha da Publishers Weekly de Tap Dancing to Work cita o mesmo trecho. Observação: Coberturas de imprensa indicam que Buffett retomou a ideia na carta de novembro de 2024 (""hugely wealthy parents should leave their children enough so they can do anything but not enough that they can do nothing""); não conferido em texto primário."
Carl Rogers;"O único homem educado é aquele que aprendeu a aprender; o homem que aprendeu a se adaptar e a mudar.";Liberdade para Aprender (1969);"Fase 121 (10/10/2026, correção): A frase não é de Tornar-se Pessoa, e sim de Liberdade para Aprender (1969); o português acrescentava ""verdadeiramente"" e fundia os dois membros. Tradução ajustada ao trecho contínuo. Evidência: Freedom to Learn (Merrill, 1969): ""The only man who is educated is the man who has learned how to learn; the man who has learned how to adapt and change; the man who has realized that no knowledge is secure..."". Conferido em artigo do International Journal of Engineering Education (2010, Somerville, works.bepress.com) e em instructionaldesign.org; o artigo de F. Zimring sobre Rogers (UNESCO) cita a passagem do mesmo livro."
John Dewey;A educação é o método fundamental do progresso e da reforma social.;My Pedagogic Creed (1897), parte V;"Fase 119 (10/10/2026): original conferido — My Pedagogic Creed (1897), artigo V, primeiro parágrafo; texto integral reproduzido por infed.org e citado pela enciclopédia SAGE."
François de La Rochefoucauld;A ausência diminui as pequenas paixões e aumenta as grandes, assim como o vento apaga a vela e atiça o fogo.;Máximas (1678), máxima 276;Fase 121 (10/10/2026): texto conferido na obra — Texto integral de Réflexions ou sentences et maximes morales (Project Gutenberg #14913, texto francês), máxima 276.
Philip Kotler;As empresas dão atenção demais ao custo de fazer alguma coisa. Deveriam se preocupar mais com o custo de não fazê-la.;Marketing de A a Z (2003);"Fase 121 (10/10/2026, correção): A frase não é de Administração de Marketing, e sim de Marketing Insights from A to Z (no Brasil, Marketing de A a Z). Fonte corrigida; o português já é fiel. Evidência: Wikiquote (página Philip Kotler) cita a passagem de Marketing Insights from A to Z: 80 Concepts Every Manager Needs to Know, com página (p. 127 da edição citada), no contexto de desenvolvimento de novos produtos; a mesma redação aparece em Quotepark com a mesma obra."
René Descartes;Penso, logo existo.;Discurso do Método (1637), parte IV;"Fase 119 (10/10/2026, correção): o orig latino não é do Discurso, escrito em francês. Evidência: Discours de la méthode (1637), parte IV: “je pense, donc je suis”; a forma latina “Cogito, ergo sum” é dos Principia philosophiae (1644), I.7 (Project Gutenberg #13846, espelho GITenberg)."
Napoleon Hill;A oportunidade muitas vezes chega disfarçada de infortúnio ou de derrota temporária.;Pense e Enriqueça (1937), capítulo 1;"Fase 121 (10/10/2026, correção): O original diz ""often"" (muitas vezes), não ""geralmente""; tradução ajustada e capítulo indicado. Evidência: Conferido no texto integral de Think and Grow Rich (edição de 1937, impressão de 1938 transcrita no sacred-texts.com, lida via cópia no GitHub jonnyg23/mahabrain), capítulo 1 (Introduction): ""That is one of the tricks of opportunity. It has a sly habit of slipping in by the back door, and often it comes disguised in the form of misfortune, or temporary defeat."""
John Wooden;Não permita que aquilo que você não pode fazer interfira naquilo que você pode fazer.;They Call Me Coach (1972);"Fase 121 (10/10/2026, correção): A frase não vem de Wooden on Leadership (2005); a fonte verificável mais antiga em livro de Wooden é They Call Me Coach (1972). Fonte corrigida; o português já é fiel. Evidência: Barry Popik (barrypopik.com, 'Do not let what you cannot do interfere with what you can do') localiza a frase em They Call Me Coach, de John Wooden com Jack Tobin (Word Books, 1972), p. 56, via Google Books; registra também versão impressa em 1971 (The Presbyterian Journal)."
Alcorão;E quem lhe dá a vida será como se desse a vida a todos os homens.;Alcorão 5:32 · trad. Helmi Nasr;"Fase 120 (10/10/2026, escrituras): Frase sem referência; é o Alcorão 5:32, substituída pelo texto exato (a edição El Hayek no texto digital omite esta oração). Evidência: texto do versículo na tradução de Helmi Nasr (Complexo Rei Fahd; texto digital QuranEnc, via fawazahmed0/quran-api no GitHub); versículo 5:32."
Profeta Muhammad;Os melhores dentre vós são os que têm o melhor caráter.;Sahih al-Bukhari 6035;"Fase 120 (10/10/2026, escrituras): fonte genérica (“Hadith”); localizado em Bukhari 6035 (também 6029); tradução conferida. Evidência: Sahih al-Bukhari 6035: texto da coleção (edições inglesa e árabe abertas, fawazahmed0/hadith-api no GitHub), com a classificação de autenticidade registrada na edição."
Hillel;Se eu não for por mim, quem será por mim? E quando eu for só para mim, o que sou eu? E se não agora, quando?;Pirkei Avot 1:14 · trad. Saymon Pires da Silva (Sefaria);"Fase 120 (10/10/2026, escrituras): redação solta; substituída pelo texto exato de uma tradução publicada. Evidência: Pirkei Avot na tradução de Saymon Pires da Silva (Sefaria, 5784), conferida com o hebraico (Sefaria) e com Charles Taylor (1897); 1:14."
Buda;"A atenção é o caminho para o imortal; a negligência, o caminho para a morte. Os atentos não morrem; os negligentes são como se já estivessem mortos.";Dhammapada, verso 21;"Fase 120 (10/10/2026, escrituras): tradução solta ou com acréscimos; substituída por tradução fiel do verso, com o original páli. Evidência: Dhammapada, verso 21: texto páli (edição Mahāsaṅgīti, SuttaCentral bilara-data) e tradução de Bhikkhu Sujato (domínio público, CC0)."
Krishna;"Teu direito é só à ação, nunca aos seus frutos; que os frutos da ação não sejam o teu motivo, nem te apegues à inação.";Bhagavad Gita, 2.47;"Fase 120 (10/10/2026, escrituras): tradução solta ou com acréscimos; substituída por tradução fiel do verso, com o original sânscrito. Evidência: Bhagavad Gita 2.47: texto sânscrito e traduções inglesas (Swami Sivananda, Swami Gambirananda), dados abertos do projeto gita/gita no GitHub."
Krishna;"Que cada um eleve a si mesmo por si mesmo e não se deixe rebaixar; pois só o eu é amigo de si mesmo, e só o eu é inimigo de si mesmo.";Bhagavad Gita, 6.5;"Fase 120 (10/10/2026, escrituras): tradução solta ou com acréscimos; substituída por tradução fiel do verso, com o original sânscrito. Evidência: Bhagavad Gita 6.5: texto sânscrito e traduções inglesas (Swami Sivananda, Swami Gambirananda), dados abertos do projeto gita/gita no GitHub."
Lao Tsé;"Quem conhece os outros é sagaz; quem conhece a si mesmo é esclarecido.";Tao Te Ching, 33;"Fase 120 (10/10/2026, escrituras): tradução solta ou com acréscimos; substituída por tradução fiel do capítulo, com o original chinês. Evidência: Tao Te Ching, cap. 33: sentido conferido na tradução de James Legge, The Tao Teh King (1891; Project Gutenberg #216); original chinês do texto recebido (Wang Bi)."
John Kotter;A liderança define como o futuro deve ser, alinha as pessoas com essa visão e as inspira a realizá-la apesar dos obstáculos.;Leading Change (1996), p. 25;"Fase 119 (10/10/2026): original conferido — Leading Change (1996), cap. 2, p. 25; reproduzida com a mesma redação por várias resenhas e coletâneas."
Charlie Munger;Passe cada dia tentando ser um pouco mais sábio do que você era quando acordou.;Assembleia anual da Wesco Financial, 2003;"Fase 121 (10/10/2026, correção): A fala é da assembleia da Wesco Financial de 2003, não de reunião da Berkshire; fonte precisada (o português já é fiel). Evidência: Notas da assembleia da Wesco de 7 maio 2003 (""Notes from the 2003 Wesco Annual Meeting, 5/7/03"", na compilação de Max Olson do repositório GitHub awesome-charlie-munger): resposta a um jovem acionista, ""Spend each day trying to be a little wiser than you were when you woke up. Discharge your duties faithfully and well.""; The Motley Fool (""Charlie Munger's Worldly Wisdom"", 9 maio 2003) relata a mesma fala na assembleia."
Morgan Housel;O risco e a sorte são lados diferentes da mesma moeda.;“Ironies of Luck”, ensaio no blog da Collaborative Fund (2018);"Fase 121 (10/10/2026, correção): A redação “lados diferentes da mesma moeda” é do ensaio de 2018 no blog da Collaborative Fund, não do livro; fonte corrigida e ordem dos termos ajustada ao original. Evidência: Ensaio “Ironies of Luck” (collabfund.com/blog/ironies-of-luck), citado com a mesma redação por Validea (“Housel on the Irony of Luck”, 20/03/2018) e The Globe and Mail (2018). No livro (capítulo 2, “Luck & Risk”) a formulação é outra: “Luck and risk are siblings.”"
Morgan Housel;A capacidade de fazer o que você quer, quando quer, com quem quer, pelo tempo que quiser, não tem preço. É o maior dividendo que o dinheiro paga.;A Psicologia Financeira (2020), capítulo 7;"Fase 121 (10/10/2026, correção): O português resumia a passagem trocando “a capacidade de fazer o que você quer, quando quer, com quem quer…” por “a liberdade”; tradução fiel. Evidência: The Psychology of Money, capítulo 7 (“Freedom”): destaque de leitor no Goodreads (notas de leitura, posição 34%) e citação idêntica em chemaclass.com (notas de leitura, repositório GitHub Chemaclass/chemaclass.com)."
George S. Clason;Controle seus gastos.;O Homem Mais Rico da Babilônia (1926), capítulo “Seven Cures for a Lean Purse”, segunda cura;"Fase 121 (10/10/2026, correção): O livro tem apenas “Control thy expenditures” (título da segunda cura); a continuação “ou eles controlarão você” não existe no texto e foi retirada. Evidência: Texto integral lido: The Richest Man in Babylon (ed. Signet, 1988), capítulo “Seven Cures for a Lean Purse”: “THE SECOND CURE — Control thy expenditures”."
Ray Dalio;Não confunda o que você deseja que seja verdade com o que é realmente verdade.;Princípios (2017), parte II, capítulo 1 (“Embrace Reality and Deal with It”);Fase 121 (10/10/2026): texto conferido na obra — Principles (2017), princípios de vida, seção “Embrace Reality and Deal with It”: página oficial principles.com (de7bf153-…) e resumos do livro (diaundra.substack.com, nateliason.com).
Howard Marks;A coisa mais arriscada do mundo é a crença generalizada de que não há risco.;Memorando aos clientes da Oaktree, “Risk Revisited”, setembro de 2014;"Fase 121 (10/10/2026, correção): A frase do catálogo deriva desta (superlativo de risco + ausência de risco percebida: “riskiest thing… belief that there’s no risk”), mas a reescrevia como “risco que não parece risco”; tradução fiel e fonte precisa (memorando de 2014). Evidência: Memorando “Risk Revisited” (Oaktree, setembro de 2014; divulgado por Market Folly em 04/09/2014), reproduzido no fórum Mutual Fund Observer com a frase na abertura; Marks repete a ideia no podcast “Behind the Memo” (ceointerviews.ai)."
Montesquieu;Para que não se possa abusar do poder, é preciso que, pela disposição das coisas, o poder freie o poder.;O Espírito das Leis (1748), livro XI, capítulo 4;"Fase 121 (10/10/2026, correção): O src trazia um comentário (“formulação central da separação dos poderes”) em vez da localização, e o português omitia “pela disposição das coisas”, que faz parte da frase. Evidência: Livro XI, capítulo IV conferido na tradução inglesa de Nugent (“To prevent this abuse, it is necessary, from the very nature of things, power should be a check to power”, transcrição em GitHub zelliewinterich/CMH, SOL.xml); texto francês reproduzido com a localização “Book XI, chapter IV” em ficha de fonte que usa a 1ª edição de Genebra, 1748 (GitHub izzy9118-blip/Stars) e em comentário de texto do capítulo (corpus valentinefleith/plagiarism-checker)."
Montesquieu;A liberdade é o direito de fazer tudo aquilo que as leis permitem.;O Espírito das Leis (1748), livro XI, capítulo 3;"Fase 121 (10/10/2026): texto conferido na obra — Livro XI, capítulo III conferido na tradução inglesa de Nugent (“Liberty is a right of doing whatever the laws permit”, transcrição em GitHub zelliewinterich/CMH, SOL.xml); texto francês reproduzido em comentário de texto do capítulo XI, 3 (corpus valentinefleith/plagiarism-checker)."
Confúcio;Governar é corrigir. Se conduzires o povo com retidão, quem ousará não ser reto?;Analectos, XII, 17;"Fase 120 (10/10/2026, escrituras): tradução solta; substituída por tradução fiel do capítulo, com o original chinês. Evidência: Analectos XII, 17: texto chinês (chinese-poetry/论语, GitHub) e tradução de James Legge (1861; Project Gutenberg #3330)."
Alexis de Tocqueville;A liberdade não pode ser estabelecida sem moralidade, nem a moralidade sem fé.;A Democracia na América, vol. 1 (1835), introdução;"Fase 121 (10/10/2026): texto conferido na obra — Conferida na tradução inglesa de Henry Reeve, Democracy in America, vol. 1, introdução do autor (Project Gutenberg #815): “liberty cannot be established without morality, nor morality without faith”. Texto francês integral não acessível nesta rede; orig deixado vazio."
Rui Barbosa;Justiça atrasada não é justiça, senão injustiça qualificada e manifesta.;Oração aos Moços (1921);"Fase 121 (10/10/2026, correção): O texto do catálogo trocava o “Mas” inicial por um artigo (“A justiça atrasada”), que não está no original; recorte ajustado à redação de Rui. A fonte tinha um comentário interno (“a linha mais citada…”), retirado. Evidência: Trecho da Oração aos Moços (“Mas justiça atrasada não é justiça, senão injustiça qualificada e manifesta”) reproduzido, com o contexto sobre os juízes tardinheiros, na revista Justiça & Cidadania (repositório BDJur do STJ, “recomendacao_magistrados_barbosa.pdf”), na Consultor Jurídico e na Migalhas."
Edmund Burke;Como os fins de tal parceria não podem ser alcançados em muitas gerações, ela se torna uma parceria não só entre os que estão vivos, mas entre os que estão vivos, os que estão mortos e os que estão por nascer.;Reflexões sobre a Revolução em França (1790);"Fase 121 (10/10/2026, correção): No original a parceria entre vivos, mortos e nascituros é o Estado (“such a partnership”), não a “sociedade” em geral, e a frase é mais longa; o português resumia e trocava o sujeito. Evidência: Localizada em Reflections on the Revolution in France, The Works of the Right Honourable Edmund Burke, vol. 3 (Project Gutenberg #15679), no trecho que começa “Society is, indeed, a contract”."
Robert Cialdini;Uma das mais poderosas armas de influência ao nosso redor é a regra da reciprocidade.;As Armas da Persuasão (1984), capítulo 2;"Fase 121 (10/10/2026, correção): A frase do catálogo vem desta passagem (""uma das mais poderosas armas de influência"" + reciprocidade), mas trocava ""ao nosso redor"" por ""humana"". Tradução ajustada; o travessão do original foi vertido como ""é"". Evidência: Influence: The Psychology of Persuasion, capítulo 2 (Reciprocation): ""One of the most potent of the weapons of influence around us—the rule for reciprocation. The rule says that we should try to repay, in kind, what another person has provided us."" Conferido nas notas do livro em sive.rs (Derek Sivers) e em capacity-building.com (excertos). Observação: A frase seguinte do livro (a regra diz que devemos retribuir) é q81kvrc1bu420; são frases distintas."
Gustave Le Bon;Quem conhece a arte de impressionar a imaginação das multidões conhece também a arte de governá-las.;Psicologia das Multidões (1895), livro I, capítulo III;"Fase 121 (10/10/2026): texto conferido na obra — Texto integral de Psychologie des foules (Project Gutenberg #24007, texto francês), livro I, capítulo III, § 3 (""L'imagination des foules""), última frase do capítulo."
Sun Tzu;Toda guerra é baseada em engano.;A Arte da Guerra, capítulo I;"Fase 121 (10/10/2026): texto conferido na obra — Texto integral conferido: tradução de Lionel Giles (1910, Project Gutenberg #17405), capítulo I (""Laying Plans""), §18: ""All warfare is based on deception.""; original chinês (Project Gutenberg #23864, 始計第一): ""兵者，詭道也""."
Roger Fisher e William Ury;Concentre-se nos interesses, não nas posições.;Como Chegar ao Sim (1981), capítulo 3;"Fase 121 (10/10/2026): texto conferido na obra — Texto integral de Getting to Yes (2.ª edição, 1991, com Bruce Patton; cópia no GitHub kirthistaank/MIDS): é o título do capítulo 3 (""Focus on Interests, Not Positions"") e o segundo dos quatro pontos do método enunciados no capítulo 1."
Mahatma Gandhi;Onde há amor, há vida.;Young India, 5 de maio de 1920;"Fase 121 (10/10/2026): texto conferido na obra — Mohan-Mala, comp. R. K. Prabhu (reproduzido em mkgandhi.org e gandhiashramsevagram.org): “Where there is love there is life; hatred leads to destruction”, citado de Young India (28/04 e 05/05/1920; Collected Works, vol. 20, p. 217–222); ServiceSpace (My Life is My Message) dá a mesma passagem como publicada em Young India de 05/05/1920."
François de La Rochefoucauld;Não há disfarce que possa ocultar por muito tempo o amor onde ele existe, nem simulá-lo onde ele não existe.;Máximas (1678), máxima 70;Fase 121 (10/10/2026): texto conferido na obra — Texto integral de Réflexions ou sentences et maximes morales (Project Gutenberg #14913, texto francês), máxima 70.
W. Edwards Deming;Um sistema ruim vencerá uma boa pessoa todas as vezes.;Seminário de quatro dias de Deming, Phoenix (fevereiro de 1993);"Fase 121 (10/10/2026, correção): A frase não vem de Out of the Crisis; a fonte documentada é um seminário de 1993. Fonte corrigida. Evidência: The W. Edwards Deming Institute (deming.org, artigo 'A Bad System Will Beat a Good Person Every Time', de John Hunter) atribui a frase ao seminário de quatro dias de Phoenix, em fevereiro de 1993, a partir das notas de Mike Stoecklein."
Zenão de Cítio;O objetivo da vida é viver de acordo com a natureza.;Diógenes Laércio, Vidas e Doutrinas dos Filósofos Ilustres, VII, 87;"Fase 121 (10/10/2026): texto conferido na obra — Texto grego de Diógenes Laércio (Perseus, tlg0004.tlg001), livro VII, § 87: ""Διόπερ πρῶτος ὁ Ζήνων ἐν τῷ Περὶ ἀνθρώπου φύσεως τέλος εἶπε τὸ ὁμολογουμένως τῇ φύσει ζῆν, ὅπερ ἐστὶ κατʼ ἀρετὴν ζῆν""."
Benjamin Franklin;A felicidade humana é produzida não tanto por grandes golpes de sorte, que raramente acontecem, quanto por pequenas vantagens que ocorrem todos os dias.;Autobiografia, parte III;"Fase 121 (10/10/2026, correção): O português trocava “não tanto… quanto” por uma negação absoluta, omitia “que raramente acontecem” e trocava “pequenas vantagens” por “pequenas coisas”; a frase não é do almanaque, só da Autobiografia. Evidência: Localizada na Autobiografia de Franklin, parte III (escrita a partir de 1788), no trecho sobre a limpeza das ruas de Filadélfia; Project Gutenberg #148 e #20203."
Lao Tsé;A jornada de mil li começa com um passo.;Tao Te Ching, 64;"Fase 120 (10/10/2026, escrituras): tradução solta ou com acréscimos; substituída por tradução fiel do capítulo, com o original chinês. Evidência: Tao Te Ching, cap. 64: sentido conferido na tradução de James Legge, The Tao Teh King (1891; Project Gutenberg #216); original chinês do texto recebido (Wang Bi)."
Confúcio;"Aprender sem pensar é trabalho perdido; pensar sem aprender é perigoso.";Analectos, II, 15;"Fase 120 (10/10/2026, escrituras): original acrescentado; tradução ajustada. Evidência: Analectos II, 15: texto chinês (chinese-poetry/论语, GitHub) e tradução de James Legge (1861; Project Gutenberg #3330)."
Epicuro;Quem menos necessita do amanhã é quem mais alegremente o aguarda.;Fragmento citado por Plutarco, Sobre a Tranquilidade da Alma, 16 (474C);"Fase 121 (10/10/2026, correção): A frase não está nas Sentenças Vaticanas: é um fragmento de Epicuro conservado por Plutarco; fonte corrigida (o português já é fiel). Evidência: Texto grego de Plutarco, De tranquillitate animi, 16 (474C), ed. Bernardakis (Perseus, tlg0007.tlg096.perseus-grc2), com nota remetendo a Usener, p. 307; tradução inglesa de Goodwin/Morgan (Perseus, perseus-eng4): ""as Epicurus said, not only does he that is least impatient after to-morrow enjoy it most when it comes""."
Carl Rogers;A vida boa é um processo, não um estado de ser. É uma direção, não um destino.;Tornar-se Pessoa (1961), capítulo 9;"Fase 121 (10/10/2026, correção): ""The good life"" é o conceito do capítulo (""a vida boa""); ""a vida plena"" mudava o termo. Evidência: On Becoming a Person (1961), capítulo 9 (""A Therapist's View of the Good Life: The Fully Functioning Person""), p. 187 segundo a Wikiquote; Psychology Today (Stephen Joseph, ""What is the good life"", cita pp. 186-187) e imhu.org trazem a mesma redação."
Carl Rogers;Os indivíduos têm dentro de si vastos recursos para a autocompreensão e para alterar seus autoconceitos, suas atitudes básicas e seu comportamento autodirigido.;Um Jeito de Ser (1980);"Fase 121 (10/10/2026, correção): A passagem não é de Tornar-se Pessoa, e sim de Um Jeito de Ser (1980); o português resumia (""mudar seus conceitos""). Tradução fiel do primeiro membro da frase. Evidência: A Way of Being (Houghton Mifflin, 1980), p. 115, hipótese central da abordagem centrada na pessoa. Conferido na entrada ""Rogers, Carl R."" da Springer (cita a p. 115) e no New York Person-Centered Resource Center (pp. 115-116)."
Profeta Muhammad;"Facilitai as coisas e não as dificulteis; dai boas notícias e não afasteis as pessoas.";Sahih al-Bukhari 69;"Fase 120 (10/10/2026, escrituras): fonte genérica (“Hadith”); localizado em Bukhari 69 (narrado por Anas); tradução conferida. Evidência: Sahih al-Bukhari 69: texto da coleção (edições inglesa e árabe abertas, fawazahmed0/hadith-api no GitHub), com a classificação de autenticidade registrada na edição."
Profeta Muhammad;"O forte não é quem vence os outros pela força; o forte é quem se domina na hora da ira.";Sahih al-Bukhari 6114;"Fase 120 (10/10/2026, escrituras): fonte genérica; tradução anterior (“força verdadeira… vencer os outros”) ajustada ao texto. Evidência: Sahih al-Bukhari 6114: texto da coleção (edições inglesa e árabe abertas, fawazahmed0/hadith-api no GitHub), com a classificação de autenticidade registrada na edição."
Ben Zoma;Quem é sábio? Aquele que aprende de todo ser humano.;Pirkei Avot 4:1 · trad. Saymon Pires da Silva (Sefaria);"Fase 120 (10/10/2026, escrituras): redação solta. Evidência: Pirkei Avot na tradução de Saymon Pires da Silva (Sefaria, 5784), conferida com o hebraico (Sefaria) e com Charles Taylor (1897); 4:1."
Ben Zoma;Quem é rico? Aquele que se alegra com a sua parte.;Pirkei Avot 4:1 · trad. Saymon Pires da Silva (Sefaria);"Fase 120 (10/10/2026, escrituras): redação solta. Evidência: Pirkei Avot na tradução de Saymon Pires da Silva (Sefaria, 5784), conferida com o hebraico (Sefaria) e com Charles Taylor (1897); 4:1."
Buda;Assim como uma rocha maciça não é abalada pelo vento, os sábios não se abalam com a censura nem com o elogio.;Dhammapada, verso 81;"Fase 120 (10/10/2026, escrituras): original páli acrescentado; tradução conferida. Evidência: Dhammapada, verso 81: texto páli (edição Mahāsaṅgīti, SuttaCentral bilara-data) e tradução de Bhikkhu Sujato (domínio público, CC0)."
Buda;"A paciência, a tolerância, é a ascese suprema; o nibbana é o supremo, dizem os Budas.";Dhammapada, verso 184;"Fase 120 (10/10/2026, escrituras): tradução solta ou com acréscimos; substituída por tradução fiel do verso, com o original páli. Evidência: Dhammapada, verso 184: texto páli (edição Mahāsaṅgīti, SuttaCentral bilara-data) e tradução de Bhikkhu Sujato (domínio público, CC0)."
Buda;"Vivei tendo a vós mesmos como ilha, a vós mesmos como refúgio, sem outro refúgio; tendo o ensinamento como ilha e como refúgio, sem outro refúgio.";Dīgha Nikāya 16 (Mahāparinibbāna Sutta), 2.26;"Fase 120 (10/10/2026, escrituras): tradução solta (“seja uma luz para si próprio”); o páli diz “ilha” (dīpa) e “refúgio”; agora tradução fiel com o original. Evidência: Dīgha Nikāya 16, 2.26: texto páli (Mahāsaṅgīti, SuttaCentral) e tradução de Bhikkhu Sujato (CC0)."
Buda;Assim como uma mãe protegeria com a própria vida o seu filho, o seu único filho, assim também, para com todos os seres, cultive um coração sem limites.;Sutta Nipāta 1.8 (Metta Sutta), estrofe 7;"Fase 120 (10/10/2026, escrituras): tradução solta; agora tradução fiel da estrofe, com o original. Evidência: Sutta Nipāta 1.8 (Metta Sutta), estrofe 7: texto páli (Mahāsaṅgīti, SuttaCentral) e tradução de Bhikkhu Sujato (CC0)."
Lao Tsé;"O sábio, querendo estar acima do povo, coloca-se abaixo dele com suas palavras; querendo estar à frente, coloca-se atrás. Por isso todos no mundo se alegram em exaltá-lo e não se cansam dele.";Tao Te Ching, 66;"Fase 120 (10/10/2026, escrituras): tradução solta ou com acréscimos; substituída por tradução fiel do capítulo, com o original chinês. Evidência: Tao Te Ching, cap. 66: sentido conferido na tradução de James Legge, The Tao Teh King (1891; Project Gutenberg #216); original chinês do texto recebido (Wang Bi)."
Lao Tsé;O fraco vence o forte e o mole vence o duro: todos no mundo o sabem, mas ninguém consegue praticá-lo.;Tao Te Ching, 78;"Fase 120 (10/10/2026, escrituras): tradução solta ou com acréscimos; substituída por tradução fiel do capítulo, com o original chinês. Evidência: Tao Te Ching, cap. 78: sentido conferido na tradução de James Legge, The Tao Teh King (1891; Project Gutenberg #216); original chinês do texto recebido (Wang Bi)."
Upanishads;"Do irreal conduz-me ao real; da escuridão conduz-me à luz; da morte conduz-me à imortalidade.";Brihadaranyaka Upanishad, 1.3.28;"Fase 120 (10/10/2026, escrituras): fonte genérica; localizada a passagem e acrescentado o original. Evidência: Bṛhadāraṇyaka Upanishad 1.3.28 (mantra pavamāna); texto canônico, sem edição integral acessível neste ambiente."
Stephen R. Covey;Procure primeiro compreender, depois ser compreendido.;Os 7 Hábitos das Pessoas Altamente Eficazes (1989), hábito 5;"Fase 121 (10/10/2026): texto conferido na obra — Título do Hábito 5 de The 7 Habits of Highly Effective People (1989); confirmado na página oficial da FranklinCovey ('Habit 5: Seek First to Understand, Then to Be Understood') e na edição avulsa da Simon & Schuster."
John Kotter;A gestão faz um sistema funcionar: ela ajuda você a fazer o que já sabe fazer. A liderança constrói sistemas novos ou transforma os antigos.;Leading Change (1996);"Fase 119 (10/10/2026): original conferido — Leading Change (1996); destaques de leitores da edição publicada (Goodreads) e resumos do livro (Shortform)."
Warren Buffett;De longe, o melhor investimento que você pode fazer é em você mesmo.;Entrevista a Andy Serwer, Yahoo Finance (2019);"Fase 121 (10/10/2026, correção): A frase não é das cartas anuais, e sim de entrevista ao Yahoo Finance; fonte corrigida e acrescentado ""de longe"" (""by far"") do original. Evidência: CNBC (22 abr. 2019, ""Warren Buffett: This is how to be successful"") e vídeo do Yahoo Finance (""Lessons from Warren Buffett on his 90th birthday"", com transcrição) reproduzem a fala de Buffett ao editor-chefe Andy Serwer: ""By far the best investment you can make is in yourself."" Não aparece nas cartas aos acionistas 1977–2020."
Warren Buffett;Não importa o quão talentoso ou esforçado você seja, algumas coisas levam tempo.;Carta aos acionistas da Berkshire Hathaway, 1985;"Fase 121 (10/10/2026): texto conferido na obra — Carta aos acionistas de 1985 (texto integral, trecho sobre a Capital Cities/ABC): ""No matter how great the talent or effort, some things just take time: you can't produce a baby in one month by getting nine women pregnant."""
Peter Lynch;Você precisa saber o que possui e por que o possui.;Beating the Street (1993), “25 Golden Rules” (capítulo final);"Fase 121 (10/10/2026, correção): A redação está em Beating the Street (1993), não em One Up on Wall Street; fonte corrigida e tradução ajustada ao original. Evidência: Beating the Street (1993): regra 6 das “25 Golden Rules” do capítulo final, reproduzida em Market Folly (“Peter Lynch’s Principles & Golden Rules of Investing”, 2012), Seeking Alpha e moomoo (“Peter Lynch’s 25 Golden Rules”); The Motley Fool (“Beating the Street”, 13/03/2000) situa as 25 regras no capítulo final do livro."
George S. Clason;Uma parte de tudo o que ganho é minha para guardar.;O Homem Mais Rico da Babilônia (1926), capítulo “The Richest Man in Babylon”;"Fase 121 (10/10/2026, correção): O português omitia “to keep” (para guardar), que é o ponto da máxima; tradução ajustada. Evidência: Texto integral lido: The Richest Man in Babylon (ed. Signet, 1988), capítulo “The Richest Man in Babylon”, conselho de Arkad aos alunos: “say to yourselves, ‘A part of all I earn is mine to keep.’”."
George S. Clason;A riqueza, como uma árvore, cresce a partir de uma pequena semente.;O Homem Mais Rico da Babilônia (1926), capítulo “The Richest Man in Babylon”;Fase 121 (10/10/2026): texto conferido na obra — Texto integral lido: The Richest Man in Babylon (ed. Signet, 1988), capítulo “The Richest Man in Babylon”, fala de Algamish a Arkad: “Wealth, like a tree, grows from a tiny seed.”.
Confúcio;"Se os nomes não são corretos, a linguagem não corresponde às coisas; se a linguagem não corresponde às coisas, os assuntos não chegam a bom termo.";Analectos, XIII, 3;"Fase 120 (10/10/2026, escrituras): a tradução anterior (“se suas palavras não têm valor…”) não correspondia ao texto, que trata da retificação dos nomes. Evidência: Analectos XIII, 3: texto chinês (chinese-poetry/论语, GitHub) e tradução de James Legge (1861; Project Gutenberg #3330)."
Alexis de Tocqueville;A igualdade de condições é o fato fundamental de onde todos os outros parecem derivar.;A Democracia na América, vol. 1 (1835), introdução;"Fase 121 (10/10/2026): texto conferido na obra — Conferida na tradução inglesa de Henry Reeve, Democracy in America, vol. 1, introdução do autor (Project Gutenberg #815): “the equality of conditions is the fundamental fact from which all others seem to be derived”. Texto francês integral não acessível nesta rede; orig deixado vazio."
Nicolau Maquiavel;Aquele que engana encontrará sempre quem se deixe enganar.;O Príncipe, XVIII;"Fase 121 (10/10/2026): texto conferido na obra — Texto italiano de Il Principe, capítulo XVIII (repositório GitHub mbykov/diglossa.data, Il_Principe/Capitolo_18): ""e sono tanto semplici gli uomini, e tanto obediscano alle necessità presenti, che colui che inganna troverrà sempre chi si lascerà ingannare""; tradução de Marriott (Project Gutenberg #1232), capítulo XVIII."
Marshall McLuhan;O meio é a mensagem.;Os Meios de Comunicação como Extensões do Homem (1964), capítulo 1;"Fase 121 (10/10/2026): texto conferido na obra — Conferido no texto integral de Understanding Media: The Extensions of Man (1964; edição Routledge, Londres e Nova York, extração OCR por capítulo no repositório GitHub jch3xyz/Material-Immaterial---Curatorial-Research-Vault), capítulo 1 (""The Medium Is the Message""): ""in operational and practical fact, the medium is the message""; a fórmula reaparece nos capítulos 13, 26, 30 e 31."
Guy Debord;O espetáculo não é um conjunto de imagens, mas uma relação social entre pessoas, mediada por imagens.;A Sociedade do Espetáculo (1967), tese 4;"Fase 121 (10/10/2026, correção): O português omitia ""entre pessoas"" (""entre des personnes""); tradução completada e tese indicada. Evidência: Texto francês integral de La Société du spectacle (1967; transcrição no GitHub unredacted-word/spectacle, conferida com a transcrição do capítulo 1 publicada pelas Éditions Plagiat no GitHub), capítulo 1, tese 4."
Sam Walton;Comunique tudo o que puder aos seus parceiros. Quanto mais eles souberem, mais vão entender. Quanto mais entenderem, mais vão se importar.;Sam Walton: Made in America (1992), regra 4 das dez regras para construir um negócio;"Fase 121 (10/10/2026, correção): O português pulava o elo do meio (""the more they'll understand. The more they understand""), juntando pedaços não contíguos; também traduzia ""partners"" por ""associados"". Tradução refeita com o trecho contínuo e regra indicada. Evidência: Página oficial do Walmart ""10 rules for building a better business"" (corporate.walmart.com), regra 4, e destaques de leitores de Made in America no Goodreads com a mesma redação."
Jane Austen;"A imaginação de uma dama é muito rápida; salta da admiração ao amor, do amor ao matrimônio, num instante.";Orgulho e Preconceito (1813), capítulo VI;"Fase 118 (08/10/2026): localização e original conferidos; fonte anterior era genérica."
Mary Wollstonecraft;Há muito considero a independência a grande bênção da vida, a base de toda virtude.;Reivindicação dos Direitos da Mulher (1792), dedicatória a Talleyrand;"Fase 121 (10/10/2026, correção): O original fala da independência como “a grande bênção da vida, a base de toda virtude”; “de uma vida doméstica bem ordenada” não existe no texto. A frase antiga vinha desta passagem: mesmas palavras-chave (independência como “grande bênção”). Evidência: Localizada na dedicatória a M. Talleyrand-Périgord de A Vindication of the Rights of Woman (Project Gutenberg #3420)."
Charles Dickens;Não há nada no mundo tão irresistivelmente contagioso quanto o riso e o bom humor.;Um Conto de Natal (1843), Estrofe III;"Fase 118 (08/10/2026): localização e original conferidos; fonte anterior era genérica."
John Dewey;A única educação verdadeira acontece por meio do estímulo das capacidades da criança pelas exigências das situações sociais em que ela vive.;My Pedagogic Creed (1897), parte I;"Fase 119 (10/10/2026): original conferido — My Pedagogic Creed (School Journal, 16/01/1897), artigo I, 2º parágrafo; texto integral reproduzido por infed.org."
Jane Austen;Não há prazer comparável ao de ler.;Orgulho e Preconceito (1813), capítulo XI;"Fase 118 (08/10/2026): localização e original conferidos; fonte anterior era genérica."
Jane Austen;Não há encanto igual à ternura do coração.;Emma (1815), capítulo XXXI;"Fase 118 (08/10/2026): localização e original conferidos; fonte anterior era genérica."
Warren Buffett;O mercado de ações funciona como um centro de realocação, no qual o dinheiro passa dos ativos para os pacientes.;Carta aos acionistas da Berkshire Hathaway, 1991;"Fase 121 (10/10/2026, correção): A versão popular troca ""ativos"" por ""impacientes"" e transforma a imagem; tradução refeita a partir da redação real da carta de 1991. Evidência: Carta aos acionistas de 1991 (texto integral): ""Our stay-put behavior reflects our view that the stock market serves as a relocation center at which money is moved from the active to the patient."" A forma ""from the impatient to the patient"" não aparece em nenhuma carta 1977–2020."
Robert Kiyosaki;"Não importa quanto dinheiro você ganha; importa quanto dinheiro você mantém.";Pai Rico, Pai Pobre (1997), lição 2;"Fase 121 (10/10/2026): texto conferido na obra — Texto integral de Rich Dad Poor Dad (arquivo FB2 no GitHub georgelviv/fb2Reader), capítulo 3, ""Lesson Two: Why Teach Financial Literacy?"": ""Most people fail to realize that in life, it's not how much money you make, it's how much money you keep."""
Morgan Housel;O sucesso financeiro não é uma ciência exata. É uma habilidade comportamental, em que a forma como você age importa mais do que aquilo que você sabe.;A Psicologia Financeira (2020), introdução;"Fase 121 (10/10/2026, correção): “Hard science” foi traduzido como “ciência difícil” (o sentido é ciência exata) e faltava “em que a forma como você age importa mais do que aquilo que você sabe”; tradução refeita. Evidência: The Psychology of Money, introdução (“The Greatest Show on Earth”): destaques de leitores no Bookmate e passagem reproduzida em resenhas (Bankrate, “Book review: The Psychology of Money”; HumbleDollar; newmag.am)."
Peter Lynch;Por trás de cada ação existe uma empresa. Descubra o que ela faz.;Beating the Street (1993), “25 Golden Rules” (capítulo final);"Fase 121 (10/10/2026, correção): A frase é de Beating the Street (1993), não de One Up on Wall Street; fonte corrigida (o português já é fiel). Evidência: Beating the Street (1993): regra 4 das “25 Golden Rules” (moomoo, “Peter Lynch’s 25 Golden Rules”; Seeking Alpha, “25 Investing Rules From Peter Lynch”); The Motley Fool (“Beating the Street”, 13/03/2000) situa as 25 regras no capítulo final do livro."
Warren Buffett;A diversificação é uma proteção contra a ignorância.;Assembleia anual da Berkshire Hathaway, 1996;"Fase 121 (10/10/2026, correção): A frase não é das cartas anuais, e sim da assembleia de acionistas de 1996; fonte corrigida (o português já é fiel). Evidência: Trecho da sessão de perguntas da assembleia de 1996 reproduzido por Owen Lamont (Acadian Asset Management, ""Buffett's bad advice""): ""Diversification as practiced generally makes very little sense for anyone that knows what they're doing. Diversification is a protection against ignorance.""; The Motley Fool (2023) situa a fala na mesma assembleia. Não aparece nas cartas 1977–2020."
Warren Buffett;Quando possuímos parte de negócios excepcionais, com gestões excepcionais, nosso prazo favorito de permanência é para sempre.;Carta aos acionistas da Berkshire Hathaway, 1988;"Fase 121 (10/10/2026, correção): O português generalizava para qualquer ação e omitia a condição da frase original (negócios e gestões excepcionais), o que muda o sentido; tradução refeita a partir da carta de 1988. Evidência: Carta aos acionistas de 1988 (texto integral): ""In fact, when we own portions of outstanding businesses with outstanding managements, our favorite holding period is forever."""
Warren Buffett;Se você não está disposto a possuir uma ação por dez anos, nem pense em possuí-la por dez minutos.;Carta aos acionistas da Berkshire Hathaway, 1996;"Fase 121 (10/10/2026): texto conferido na obra — Carta aos acionistas de 1996 (texto integral, seção sobre investimentos): ""If you aren't willing to own a stock for ten years, don't even think about owning it for ten minutes."""
Charlie Munger;Reconhecer o que você não sabe é o começo da sabedoria.;Poor Charlie’s Almanack (2005);"Fase 121 (10/10/2026): texto conferido na obra — Poor Charlie's Almanack, ""Investing Principles Checklist"", item ""Intellectual humility"": ""Acknowledging what you don't know is the dawning of wisdom. Stay within a well-defined circle of competence."" Conferido em destaque de leitor do livro no Goodreads e em Farnam Street (fs.blog, ""Charlie Munger wisdom""); Sloww e Safal Niveshak reproduzem a lista com o mesmo item."
Warren Buffett;Em investimentos, não é necessário fazer coisas extraordinárias para obter resultados extraordinários.;Carta aos acionistas da Berkshire Hathaway, 1994;"Fase 121 (10/10/2026, correção): O português omitia o âmbito da frase (""em investimentos""); acrescentado para traduzir fielmente o trecho da carta de 1994. Evidência: Carta aos acionistas de 1994 (texto integral): ""Ben Graham taught me 45 years ago that in investing it is not necessary to do extraordinary things to get extraordinary results."""
Charlie Munger;Vejo constantemente pessoas subirem na vida que não são as mais inteligentes, às vezes nem as mais esforçadas, mas são máquinas de aprender.;Discurso de formatura na USC Gould School of Law (2007);"Fase 121 (10/10/2026, correção): A frase do catálogo é a forma encurtada que circula como ""Those who keep learning, will keep rising in life"" (sem fonte), derivada desta passagem: mesmas palavras-chave ""aprender"" e ""subir/crescer na vida"". Tradução refeita a partir da redação real do discurso de 2007. Evidência: Transcrição do discurso de Munger na formatura da USC Gould School of Law, 13 maio 2007 (PDF da transcrição no repositório GitHub awesome-charlie-munger): ""I constantly see people rise in life who are not the smartest, sometimes not even the most diligent, but they are learning machines, they go to bed every night a little wiser than when they got up""."
Ray Dalio;Para ganhar dinheiro nos mercados, você precisa pensar de forma independente e ser humilde. Precisa ser um pensador independente porque não se ganha dinheiro concordando com a visão consensual, que já está embutida no preço.;Texto de Dalio na Institutional Investor, “Bridgewater’s Ray Dalio Explains the Power of Not Knowing” (2015);"Fase 121 (10/10/2026, correção): A frase do catálogo deriva desta passagem (“você precisa ser um pensador independente” + “mercados”), mas a encurtava; a redação vem do texto de 2015 na Institutional Investor, não de Princípios. Tradução fiel e fonte corrigida. Evidência: Institutional Investor, “Bridgewater’s Ray Dalio Explains the Power of Not Knowing” (2015), citado com a mesma redação por Farnam Street (fs.blog, “Ray Dalio: not knowing”, abril de 2015) e investinglive.com (06/03/2015)."
Morgan Housel;O maior valor intrínseco do dinheiro — e nunca é demais dizer isso — é sua capacidade de lhe dar controle sobre o seu tempo.;A Psicologia Financeira (2020);"Fase 121 (10/10/2026, correção): O português (“uma ferramenta que permite controlar seu próprio tempo”) resumia a passagem; tradução fiel. Evidência: The Psychology of Money: página de citações do livro no Goodreads (work/quotes/65374007) e citação idêntica em resenha (pottekkat, repositório GitHub pottekkat/personal-website); resumo em holisticinvestment.in."
Morgan Housel;Planejar é importante, mas a parte mais importante de todo plano é planejar para o caso de o plano não sair como planejado.;A Psicologia Financeira (2020);"Fase 121 (10/10/2026, correção): O português (“a flexibilidade é ainda mais importante”) não traduzia a passagem; tradução fiel. Evidência: The Psychology of Money: citação no Goodreads ligada ao livro (quotes/10614417) e na lista “Top 50 lines from the book” (hansels-newsletter, beehiiv)."
Peter Lynch;"As ações não são bilhetes de loteria; são partes de empresas.";O Jeito Peter Lynch de Investir (1989);"Fase 121 (10/10/2026): texto conferido na obra — One Up on Wall Street (1989): destaque de leitor do livro no Goodreads (notas de Vishal Sharma) com a passagem; a mesma frase atribuída a Lynch em lovemoney.com (“Why investing is not gambling”) e a ideia resumida no sumário executivo do livro de The Investor’s Podcast."
George S. Clason;A oportunidade é uma deusa altiva que não perde tempo com os que não estão preparados.;O Homem Mais Rico da Babilônia (1926), capítulo “The Richest Man in Babylon”;"Fase 121 (10/10/2026, correção): O português omitia “haughty” (altiva); tradução completada. Evidência: Texto integral lido: The Richest Man in Babylon (ed. Signet, 1988), capítulo “The Richest Man in Babylon”, fala de Arkad: “Opportunity is a haughty goddess who wastes no time with those who are unprepared.”."
George S. Clason;O ouro vem de bom grado e em quantidade crescente a todo homem que guardar não menos de um décimo de seus ganhos para formar um patrimônio para o seu futuro e o de sua família.;O Homem Mais Rico da Babilônia (1926), capítulo “The Five Laws of Gold”, primeira lei do ouro;"Fase 121 (10/10/2026, correção): O português trocava “não menos de um décimo de seus ganhos para formar um patrimônio para o seu futuro e o de sua família” por “uma parte do que ganha”; tradução fiel da primeira lei. Evidência: Texto integral lido: The Richest Man in Babylon (ed. Signet, 1988), capítulo “The Five Laws of Gold”, “THE FIRST LAW OF GOLD”."
George S. Clason;O ouro foge daquele que o força a ganhos impossíveis.;O Homem Mais Rico da Babilônia (1926), capítulo “The Five Laws of Gold”, quinta lei do ouro;Fase 121 (10/10/2026): texto conferido na obra — Texto integral lido: The Richest Man in Babylon (ed. Signet, 1988), capítulo “The Five Laws of Gold”, “THE FIFTH LAW OF GOLD”: “Gold flees the man who would force it to impossible earnings or who followeth the alluring advice of tricksters and schemers…” (recorte do início da lei).
Charlie Munger;É notável quanta vantagem de longo prazo pessoas como nós obtiveram tentando ser consistentemente não estúpidas, em vez de tentar ser muito inteligentes.;Carta aos acionistas da Wesco Financial, 1989;"Fase 121 (10/10/2026, correção): O português começava com a mesma estrutura do original (""É notável quanto... vantagem de longo prazo"") mas trocava o conteúdo (""pequenas melhorias contínuas"" em vez de ""ser consistentemente não estúpido em vez de muito inteligente""). Tradução refeita e fonte precisada. Evidência: Quote Investigator (""Trying To Be Consistently Not Stupid Instead of Trying To Be Very Intelligent"", 25 ago. 2025): a frase está na carta de Munger aos acionistas no relatório anual de 1989 da Wesco Financial, datada de 5 mar. 1990; reproduzida em Charlie Munger's Wesco Letters 1983–2009."
Warren Buffett;Nosso objetivo é encontrar um negócio excepcional a um preço sensato, não um negócio medíocre a preço de pechincha.;Carta aos acionistas da Berkshire Hathaway, 1987;"Fase 121 (10/10/2026, correção): O português era um resumo da ideia; substituído pela tradução fiel da frase correspondente da carta de 1987. Evidência: Carta aos acionistas de 1987 (texto integral, seção sobre ações): ""Our goal is to find an outstanding business at a sensible price, not a mediocre business at a bargain price."""
Warren Buffett;Queremos que o negócio seja (1) um que possamos entender, (2) com perspectivas favoráveis a longo prazo, (3) dirigido por pessoas honestas e competentes e (4) disponível a um preço muito atraente.;Carta aos acionistas da Berkshire Hathaway, 1977;"Fase 121 (10/10/2026, correção): O português era um resumo genérico (""o investidor deve buscar...""); substituído pela tradução fiel dos critérios enunciados na carta de 1977. Evidência: Carta aos acionistas de 1977 (texto integral): ""We select our marketable equity securities in much the same way we would evaluate a business for acquisition in its entirety. We want the business to be (1) one that we can understand, (2) with favorable long-term prospects, (3) operated by honest and competent people, and (4) available at a very attractive price."" Citado de novo na carta de 1992."
Peter Lynch;Investir sem pesquisar é como jogar pôquer sem nunca olhar as cartas.;Beating the Street (1993), “25 Golden Rules” (capítulo final);"Fase 121 (10/10/2026, correção): A regra está em Beating the Street (1993), não em One Up on Wall Street; fonte corrigida e tradução ajustada (“jogar pôquer sem nunca olhar as cartas”). Evidência: Beating the Street (1993): regra 21 das “25 Golden Rules” (moomoo, “Peter Lynch’s 25 Golden Rules”); The Motley Fool (“Beating the Street”, 13/03/2000) situa as 25 regras no capítulo final do livro; a frase também é citada pela Motley Fool (“Everything you need to know about Peter Lynch in 8…”, 2016)."
Warren Buffett;Acreditamos que uma política de concentração da carteira pode muito bem diminuir o risco, se aumentar, como deve, tanto a intensidade com que o investidor pensa sobre um negócio quanto o grau de conforto que ele precisa sentir com as características econômicas desse negócio antes de comprá-lo.;Carta aos acionistas da Berkshire Hathaway, 1993;"Fase 121 (10/10/2026, correção): O português afirmava sem condição que o risco ""pode ser muito reduzido"" pela concentração; a carta condiciona a redução de risco ao estudo mais intenso do negócio. Tradução refeita. Evidência: Carta aos acionistas de 1993 (texto integral): ""We believe that a policy of portfolio concentration may well decrease risk if it raises, as it should, both the intensity with which an investor thinks about a business and the comfort-level he must feel with its economic characteristics before buying into it."""
Warren Buffett;Na Berkshire, preferimos muito mais possuir uma parcela não controladora, mas substancial, de uma empresa maravilhosa a possuir 100% de um negócio medíocre.;Carta aos acionistas da Berkshire Hathaway, 2013;"Fase 121 (10/10/2026, correção): O português era uma paráfrase; substituído pela tradução fiel da frase da carta de 2013. Evidência: Carta aos acionistas de 2013 (texto integral): ""At Berkshire, we much prefer owning a non-controlling but substantial portion of a wonderful company to owning 100% of a so-so business; it's better to have a partial interest in the Hope diamond than to own all of a rhinestone."" Repetida em 2014 e 2015."
Warren Buffett;O tempo é o amigo da empresa maravilhosa e o inimigo da medíocre.;Carta aos acionistas da Berkshire Hathaway, 1989;"Fase 121 (10/10/2026): texto conferido na obra — Carta aos acionistas de 1989 (texto integral, seção ""Mistakes of the First Twenty-five Years""): ""Time is the friend of the wonderful business, the enemy of the mediocre."""
Warren Buffett;Um investidor precisa fazer muito poucas coisas certas, desde que evite grandes erros.;Carta aos acionistas da Berkshire Hathaway, 1992;"Fase 121 (10/10/2026, correção): A redação popular não tem fonte verificável; a carta de 1992 traz a mesma ideia com outra redação, que passa a ser traduzida fielmente. Evidência: Carta aos acionistas de 1992 (texto integral): ""An investor needs to do very few things right as long as he or she avoids big mistakes."" A forma popular (""You only have to do a very few things right in your life so long as you don't do too many things wrong"") não aparece em nenhuma carta 1977–2020 e só circula em sites de frases e livros de compilação."
Morgan Housel;Para mim, independência não significa que você vai parar de trabalhar. Significa que você só faz o trabalho de que gosta, com pessoas de quem gosta, nos horários que quer, pelo tempo que quiser.;A Psicologia Financeira (2020);"Fase 121 (10/10/2026, correção): A forma “A independência financeira é a capacidade de fazer aquilo que você quer com seu tempo” não foi localizada; é um resumo desta passagem, cuja tradução fiel substitui o texto. Evidência: The Psychology of Money: notas de leitores no Goodreads (posição 84%), citação em quotewise.io e em resumos (wisdomproject.substack.com, distillnotes.substack.com)."
Warren Buffett;Tendo uma inteligência comum, o que você precisa é do temperamento para controlar os impulsos que metem outras pessoas em apuros nos investimentos.;Entrevista à BusinessWeek (1999);"Fase 121 (10/10/2026, correção): A frase não é das cartas anuais; o português era um resumo (""depende mais do temperamento do que da inteligência""). Substituído pela tradução fiel do trecho da entrevista de 1999, com fonte corrigida. Evidência: Entrevista de Buffett à BusinessWeek (edição de 5 jul. 1999), citada por David Kass (blog da Universidade de Maryland), Farnam Street e Mutual Fund Observer: ""Success in investing doesn't correlate with I.Q. ... Once you have ordinary intelligence, what you need is the temperament to control the urges that get other people into trouble in investing."" As fontes divergem no valor de QI citado na primeira frase, por isso só a segunda foi traduzida."
Warren Buffett;A chave para investir não é avaliar quanto um setor vai afetar a sociedade, ou quanto vai crescer, mas sim determinar a vantagem competitiva de uma empresa e, acima de tudo, a durabilidade dessa vantagem.;Fortune, “Mr. Buffett on the Stock Market” (1999);"Fase 121 (10/10/2026, correção): A frase não é das cartas anuais, e sim do artigo da Fortune de 1999; o português omitia ""ou quanto vai crescer"" e ""a durabilidade dessa vantagem"". Fonte e tradução corrigidas. Evidência: Fortune, ""Mr. Buffett on the Stock Market"" (22 nov. 1999, Warren Buffett com Carol Loomis): ""The key to investing is not assessing how much an industry is going to affect society, or how much it will grow, but rather determining the competitive advantage of any given company and, above all, the durability of that advantage."" Reproduzido por The Motley Fool (2008) e BVResources."
John Bogle;Ignore o ruído de curto prazo das emoções refletidas em nossos mercados financeiros e concentre-se na economia produtiva de longo prazo de nossas empresas.;Entrevista ao New York Sun, “‘Stay the Course,’ John Bogle Advises Investors”;"Fase 121 (10/10/2026, correção): A frase do catálogo deriva desta (“ignorar o ruído” + “concentrar-se nos fundamentos de longo prazo”), mas a resumia; tradução fiel e fonte corrigida para a entrevista em que a redação foi encontrada. Evidência: New York Sun, “‘Stay the Course,’ John Bogle Advises Investors” (arquivo nysun.com), com a recomendação de Bogle nesses termos; a redação não foi conferida no texto do Pequeno Livro."
Morgan Housel;Mais do que grandes retornos, quero ser financeiramente inquebrável. E, se eu for inquebrável, acho que terei de fato os maiores retornos, porque conseguirei permanecer no jogo tempo suficiente para que os juros compostos façam maravilhas.;A Psicologia Financeira (2020);"Fase 121 (10/10/2026, correção): A frase do catálogo vinha desta passagem (“sobreviver tempo suficiente para que os juros compostos trabalhem” = “stick around long enough for compounding to work wonders”), mas a reduzia a uma tese genérica; tradução fiel da passagem. Evidência: The Psychology of Money: citação no Goodreads ligada ao livro (quotes/10600894) e notas de leitores no Goodreads; resenha da Bankrate (“Book review: The Psychology of Money”) descreve a mesma ideia de ser “financially unbreakable”."
Morgan Housel;Construir riqueza tem pouco a ver com sua renda ou com o retorno de seus investimentos, e muito a ver com sua taxa de poupança.;A Psicologia Financeira (2020);"Fase 121 (10/10/2026, correção): A frase do catálogo segue a mesma estrutura (“Construir riqueza tem pouco a ver com renda… e muito a ver com…”), mas trocava “taxa de poupança” por “comportamento” e omitia o retorno dos investimentos; tradução fiel. Evidência: The Psychology of Money: frase citada pela editora Harriman House (nota de imprensa) e pela resenha da Bankrate; resumo da Shortform sobre o capítulo de poupança."
Howard Marks;Investir de forma superior, como espero já tê-lo convencido, exige pensamento de segundo nível.;O Mais Importante para o Investidor (2011);"Fase 121 (10/10/2026, correção): A frase do catálogo deriva desta (mesmos elementos: “resultados superiores” + “pensamento de segundo nível” + “é necessário/exige”), mas era uma reformulação; tradução fiel. Evidência: The Most Important Thing (2011): frase reproduzida no resumo do livro de James Clear (jamesclear.com/book-summaries/the-most-important-thing); o memorando “It’s Not Easy” (Oaktree, 09/09/2015; republicado por Advisor Perspectives) retoma o texto do livro sobre o pensamento de segundo nível."
Morgan Housel;Gastar dinheiro para mostrar às pessoas quanto dinheiro você tem é a maneira mais rápida de ter menos dinheiro.;A Psicologia Financeira (2020);"Fase 121 (10/10/2026): texto conferido na obra — The Psychology of Money: página de citações do livro no Goodreads (work/quotes/65374007) e citações em resumos (alexandbooks, beehiiv; fio de leitura “The Psychology of Money by @morganhousel has…”, threadreaderapp)."
Benjamin Franklin;"Cuidado com pequenas despesas; um pequeno vazamento afundará um grande navio.";Poor Richard’s Almanack, 1758 (“The Way to Wealth”);"Fase 121 (10/10/2026): texto conferido na obra — Localizada no prefácio de Poor Richard Improved, 1758 (o discurso do Pai Abraão, depois publicado como The Way to Wealth), texto de The Papers of Benjamin Franklin (Founders Online, Franklin/01-07-02-0146) lido via espelho ViralTexts no GitHub; também em Gutenberg #43855."
Benjamin Franklin;Quem compra o que não precisa acaba vendendo o que precisa.;Poor Richard’s Almanack, 1738;"Fase 121 (10/10/2026): texto conferido na obra — Localizada em Poor Richard, 1738 (The Papers of Benjamin Franklin, Founders Online Franklin/01-02-02-0035, via espelho ViralTexts no GitHub); repetida em The Way to Wealth (almanaque de 1758)."
Benjamin Franklin;Aquele que vive de esperança morrerá jejuando.;Poor Richard’s Almanack, 1758 (“The Way to Wealth”);"Fase 121 (10/10/2026): texto conferido na obra — Localizada no prefácio de Poor Richard Improved, 1758 (The Way to Wealth), Founders Online Franklin/01-07-02-0146, via espelho ViralTexts no GitHub; também em Gutenberg #43855. No almanaque de 1736 a máxima aparece em forma jocosa (“dies farting”)."
Benjamin Franklin;Em suma, o caminho para a riqueza, se você o deseja, é tão claro quanto o caminho para o mercado. Depende principalmente de duas palavras: diligência e frugalidade.;Conselhos a um jovem comerciante (1748);"Fase 121 (10/10/2026, correção): A frase não é do almanaque nem da Autobiografia, e sim do texto “Advice to a Young Tradesman” (1748); o português fundia duas frases e cortava a do meio. “Industry” no sentido de Franklin é diligência, trabalho assíduo. Evidência: Localizada em “Advice to a Young Tradesman” (21 de julho de 1748), The Papers of Benjamin Franklin (Founders Online, Franklin/01-03-02-0130), lido via espelho ViralTexts no GitHub."
Benjamin Franklin;Lembra-te de que tempo é dinheiro.;Conselhos a um jovem comerciante (1748);Fase 121 (10/10/2026, correção): A obra estava errada: a frase abre “Advice to a Young Tradesman” (1748), não o almanaque nem a Autobiografia. Evidência: Primeira frase de “Advice to a Young Tradesman” (21 de julho de 1748), The Papers of Benjamin Franklin (Founders Online, Franklin/01-03-02-0130), lido via espelho ViralTexts no GitHub.
Benjamin Franklin;Se quiseres ser rico, pensa em poupar tanto quanto em ganhar.;Poor Richard’s Almanack, 1758 (“The Way to Wealth”);"Fase 121 (10/10/2026): texto conferido na obra — Localizada no prefácio de Poor Richard Improved, 1758 (The Way to Wealth), Founders Online Franklin/01-07-02-0146, via espelho ViralTexts no GitHub, com o aparte “says he, in another Almanack” no meio; também em Gutenberg #43855. O almanaque de 1743 trazia “If you’d be wealthy, think of saving, more than of getting”."
Warren Buffett;O risco vem de não saber o que você está fazendo.;Palestra na Columbia Business School (1993);"Fase 121 (10/10/2026, correção): A frase não é das cartas anuais, e sim de palestra na Columbia em 1993; fonte corrigida (o português já é fiel). Evidência: Quote Investigator (""Risk Comes from Not Knowing What You're Doing"", 18 mar. 2018): Buffett disse a frase em palestra a estudantes da Columbia Business School em 1993, relatada por Jim Rasmussen no Omaha World-Herald (jan. 1994). Não aparece nas cartas 1977–2020."
W. Edwards Deming;O lucro nos negócios vem de clientes que voltam a comprar, clientes que se gabam do seu produto e do seu serviço e que trazem amigos com eles.;Out of the Crisis (1986);"Fase 121 (10/10/2026, correção): O português omitia 'clientes que voltam a comprar' (repeat customers) e trocava 'se gabam' por 'se orgulham'; tradução refeita. Fonte reduzida ao livro. Evidência: Base de citações do W. Edwards Deming Institute (quotes.deming.org, seção Out of the Crisis) reproduz a passagem com a obra."
Warren Buffett;"Percam dinheiro para a empresa e serei compreensivo; percam um fiapo da reputação da empresa e serei implacável.";Depoimento ao Congresso dos EUA sobre o caso Salomon Brothers (1991);"Fase 121 (10/10/2026, correção): A frase não é das cartas anuais, e sim do depoimento ao Congresso em 1991; fonte corrigida e português ajustado (o anterior misturava infinitivo e futuro: ""perder... eu entenderei""). Evidência: Depoimento de Buffett a subcomissão da Câmara dos EUA em 4 set. 1991, reproduzido por Fortune (6 ago. 2025) e Yahoo Finance: ""Lose money for the firm, and I will be understanding; lose a shred of reputation for the firm, and I will be ruthless."" Não aparece nas cartas 1977–2020 (a carta de 2010 traz variante: ""We can afford to lose money – even a lot of money. But we can't afford to lose reputation – even a shred of reputation."")."
Warren Buffett;No mundo dos negócios, o retrovisor é sempre mais claro do que o para-brisa.;Carta aos acionistas da Berkshire Hathaway, 1991;"Fase 121 (10/10/2026): texto conferido na obra — Carta aos acionistas de 1991 (texto integral, trecho sobre o setor de mídia): ""In the business world, unfortunately, the rear-view mirror is always clearer than the windshield""."
Warren Buffett;É muito melhor comprar uma empresa maravilhosa a um preço razoável do que uma empresa razoável a um preço maravilhoso.;Carta aos acionistas da Berkshire Hathaway, 1989;"Fase 121 (10/10/2026, correção): ""Fair company"" significa empresa mediana, não ""empresa justa""; tradução ajustada mantendo o jogo de palavras do original. Evidência: Carta aos acionistas de 1989 (texto integral, seção ""Mistakes of the First Twenty-five Years""): ""It's far better to buy a wonderful company at a fair price than a fair company at a wonderful price. Charlie understood this early"". Reformulada na carta de 2012."
Philip Kotler;Vantagem competitiva é a capacidade de uma empresa de ter um desempenho, de uma ou mais maneiras, que os concorrentes não conseguem ou não querem igualar.;Administração de Marketing;"Fase 121 (10/10/2026, correção): O português acrescentava 'atividades' e mudava a construção; tradução refeita para seguir o original. Evidência: Definição de Marketing Management (Kotler e Keller), citada com a obra em trabalho acadêmico (StudyCorgi, 'Kotler and Keller, 2015, p. 304') e em material didático do capítulo 'Crafting the Brand Positioning' (Quizlet); listada também na página de citações do site oficial de Kotler (philkotler.com/quotes)."
W. Edwards Deming;Boa qualidade e a uniformidade certa não têm significado a não ser em relação às exigências do consumidor.;Statistical Techniques and International Trade, Journal of Marketing (1953);"Fase 121 (10/10/2026, correção): A passagem é de um artigo de 1953, não de Out of the Crisis; o português trocava 'a uniformidade certa' por 'uniformidade' e 'exigências' por 'necessidades'. Fonte e tradução corrigidas. Evidência: The W. Edwards Deming Institute (deming.org, base de citações) reproduz a frase citando Deming, 'Statistical Techniques and International Trade', Journal of Marketing 17(4), 1953, p. 428-433."
W. Edwards Deming;Elimine o medo.;Out of the Crisis (1986), capítulo 2, ponto 8;"Fase 121 (10/10/2026): texto conferido na obra — Ponto 8 dos 14 pontos, Out of the Crisis, capítulo 2 (lista nas p. 23-24); texto reproduzido por deming.org ('Deming's 14 Points for Management') e pela Universidade de Cambridge (IfM). Recorte do início do ponto."
W. Edwards Deming;Melhore constantemente e para sempre o sistema de produção e de serviços.;Out of the Crisis (1986), capítulo 2, ponto 5;"Fase 121 (10/10/2026): texto conferido na obra — Ponto 5 dos 14 pontos, Out of the Crisis, capítulo 2 (lista nas p. 23-24); texto reproduzido por deming.org e pela Universidade de Cambridge (IfM). A frase do site é o início do ponto."
W. Edwards Deming;Institua liderança.;Out of the Crisis (1986), capítulo 2, ponto 7;"Fase 121 (10/10/2026): texto conferido na obra — Ponto 7 dos 14 pontos, Out of the Crisis, capítulo 2 (lista nas p. 23-24): 'Institute leadership (see Point 12 and Ch. 8)...'; reproduzido por deming.org e pela Universidade de Cambridge (IfM)."
W. Edwards Deming;Remova as barreiras que privam o trabalhador horista do seu direito ao orgulho pelo trabalho bem-feito.;Out of the Crisis (1986), capítulo 2, ponto 12;"Fase 121 (10/10/2026, correção): No livro o ponto 12 tem duas partes (trabalhador horista; gerência e engenharia) e fala do 'direito' ao orgulho pelo trabalho; o português generalizava. Tradução ajustada ao ponto 12a e fonte localizada. Evidência: Ponto 12a dos 14 pontos, Out of the Crisis, capítulo 2 (p. 24); reproduzido por IndustryWeek ('Lessons for Management: Deming's 14 Points for Transformation') e pela página 'Pride of workmanship' da Wikipedia."
James Kouzes e Barry Posner;A liderança é a arte de mobilizar os outros para que queiram lutar por aspirações compartilhadas.;O Desafio da Liderança;"Fase 121 (10/10/2026, correção): O português omitia 'queiram' (want to), que é o ponto central da definição dos autores (lutar por vontade própria, não por obrigação); tradução corrigida. Evidência: Definição de The Leadership Challenge (Kouzes e Posner) atribuída ao livro em material de curso da Florida Atlantic University (Lead and Serve, 2015) e em fichas de estudo do livro (Brainscape); os autores repetem a fórmula ('mobilize others to want to struggle for shared aspirations') no texto The Five Practices of Exemplary Leadership (Pfeiffer, 2003)."
Bernard Montgomery;Liderança é a capacidade e a vontade de reunir homens e mulheres em torno de um propósito comum, e o caráter que inspire confiança.;Discurso sobre a formação de líderes, Universidade da Colúmbia Britânica;"Fase 121 (10/10/2026, correção): A definição não foi localizada nas Memórias (1958); a fonte verificável é o discurso transcrito pela UBC. Fonte trocada e tradução ajustada à redação do discurso (“which will inspire confidence”). Evidência: Texto do discurso de Montgomery sobre o ensino de liderança nas universidades, no arquivo de discursos da Universidade da Colúmbia Britânica (library.ubc.ca/archives/speeches/montgomery.html), com a definição “The capacity and the will to rally men and women to a common purpose and the character which will inspire confidence.” A mesma definição circula atribuída a Montgomery em coletâneas (Quotepark; Elizabeth Dole, Hearts Touched With Fire, 2004, p. 143). Observação: Fotos do arquivo da UBC registram a cerimônia de doutorado honorário de Montgomery em 09/05/1960, provável ocasião do discurso; a data do texto não foi confirmada, por isso o ano ficou fora de src."
Warren Bennis;A confiança é a cola emocional que une seguidores e líderes.;Leaders: Strategies for Taking Charge (1985), com Burt Nanus;"Fase 121 (10/10/2026, correção): A frase do catálogo vem desta passagem (mesma imagem: a confiança como 'cola' que mantém unido), mas trocava 'seguidores e líderes' por 'uma organização' e omitia 'emocional'; a obra é Leaders (1985), não On Becoming a Leader. Tradução e fonte corrigidas. Evidência: Passagem de Leaders (Bennis e Nanus, 1985), reproduzida com a obra no blog da ATD (Association for Talent Development, 'Building Trust: A Leadership Behavior or Process?') e citada em material didático da Oxford University Press (Banfield et al., capítulo 5); Thinkers50 também a liga a Bennis."
Warren Bennis;Bons líderes fazem as pessoas sentirem que estão no centro das coisas, não na periferia.;Managing People Is Like Herding Cats (1999);"Fase 121 (10/10/2026, correção): A frase é de Managing People Is Like Herding Cats (1999), não de On Becoming a Leader. Fonte corrigida; o português já é fiel. Evidência: Wikiquote (página Warren Bennis) cita a passagem de Managing People Is Like Herding Cats (1999), p. 89, seguida de 'Everyone feels that he or she makes a difference to the success of the organization'; Quotepark repete a mesma obra e página."
Stephen R. Covey;Lembre-se: a liderança é uma escolha, não um cargo.;Prefácio de Turn the Ship Around!, de L. David Marquet (2012);"Fase 121 (10/10/2026, correção): A frase não é de Os 7 Hábitos; vem do prefácio de Covey ao livro de Marquet. O português acrescentava 'que fazemos' e 'um lugar que ocupamos'; tradução e fonte corrigidas. Evidência: Destaques de leitores (Goodreads) da edição publicada de Turn the Ship Around! mostram a frase no fim do prefácio assinado 'Stephen R. Covey, Spring 2012'; a editora (Penguin Random House) confirma o prefácio de Covey; a mesma redação aparece em destaques da coletânea Leadership Essentials, de Covey (Bookmate)."
Walter Lippmann;O teste final de um líder é deixar em outras pessoas a convicção e a vontade de continuar.;"Coluna ""Roosevelt Has Gone"" (Today and Tomorrow), 14 de abril de 1945";"Fase 121 (10/10/2026, correção): A obra estava errada: a frase não está em Opinião Pública (1922); vem da coluna de Lippmann sobre a morte de Franklin Roosevelt, ""Roosevelt Has Gone"" (abril de 1945). O português já é fiel. Evidência: Wist.info (Lippmann, ""Roosevelt Has Gone"", coluna ""Today and Tomorrow"", 14 abr. 1945, escrita após a morte de Franklin Roosevelt) e Britannica Quotes; a frase não aparece no texto integral de Public Opinion (Project Gutenberg #6456). Observação: Texto da coluna não visto em fac-símile; redação e data conferidas em fontes secundárias com referência."
John Kotter;Nada mina mais uma mudança do que o comportamento de pessoas importantes ser incoerente com aquilo que elas dizem.;Leading Change (1996);"Fase 119 (10/10/2026): original conferido — Leading Change (1996), etapa 4 (comunicar a visão); destaques de leitores da edição publicada (Goodreads) e resumos do livro."
Nelson Mandela;Um líder é como um pastor. Ele permanece atrás do rebanho, deixando os mais ágeis seguirem na frente.;Longo Caminho para a Liberdade (1994);"Fase 121 (10/10/2026): texto conferido na obra — Destaques de leitores da edição publicada de Long Walk to Freedom (Goodreads, várias notas, no início do livro, nos anos de Mandela com o regente em Mqhekezweni) com a mesma redação; a passagem também é reproduzida e ligada ao livro pelo Christian Science Monitor (“5 best books by Nelson Mandela”, 2013)."
John Wooden;O sucesso é a paz de espírito alcançada somente pela satisfação pessoal de saber que você se esforçou para fazer o melhor de que é capaz.;Palestra no TED, 'The Difference Between Winning and Succeeding' (2001);"Fase 121 (10/10/2026, correção): A frase do catálogo é a definição de sucesso de Wooden (mesmas palavras-chave: paz de espírito, satisfação, saber que fez o melhor), mas resumida; a redação documentada é a da palestra do TED, já que a redação nos livros varia. Tradução e fonte corrigidas. Evidência: Transcrição da palestra de Wooden no TED2001 (Monterey, fevereiro de 2001), reproduzida por The Singju Post e por VOA Learning English ('What It Takes – Coach John Wooden'); página do palestrante no ted.com confirma a palestra. Wooden apresenta a frase como 'the definition I coined for success'."
John Kotter;Sempre que pessoas inteligentes e bem-intencionadas evitam enfrentar os obstáculos, elas tiram o poder de quem trabalha e sabotam a mudança.;Leading Change (1996);"Fase 119 (10/10/2026): original conferido — Leading Change (1996), parte I; destaques de leitores da edição publicada (Goodreads) e resumos do livro."
John Kotter;Se você não consegue descrever sua visão a alguém em cinco minutos e despertar interesse, ainda há trabalho a fazer nesta fase da transformação.;Leading Change (1996);"Fase 119 (10/10/2026): original conferido — Leading Change (1996), cap. 5; destaque de leitor da edição Kindle com a mesma redação."
John Kotter;Visão é uma imagem do futuro acompanhada de algum comentário, implícito ou explícito, sobre por que as pessoas deveriam se empenhar em construí-lo.;Leading Change (1996), capítulo 5;"Fase 119 (10/10/2026, correção): orig era paráfrase; substituído pela definição do livro. Evidência: Leading Change (1996), cap. 5: “a picture of the future with some implicit or explicit commentary on why people should strive to create that future” (descrição do capítulo pela Harvard Business Publishing; Kotter 2012, p. 70)."
Sun Tzu;A velocidade é a essência da guerra.;A Arte da Guerra, capítulo XI;"Fase 121 (10/10/2026): texto conferido na obra — Texto integral conferido: tradução de Lionel Giles (1910, Project Gutenberg #17405), capítulo XI (""The Nine Situations""), §19: ""Rapidity is the essence of war""; original chinês (Project Gutenberg #23864, 九地第十一): ""兵之情主速""."
Sun Tzu;O general que vence uma batalha faz muitos cálculos antes dela acontecer.;A Arte da Guerra, capítulo I;"Fase 121 (10/10/2026): texto conferido na obra — Texto integral conferido: tradução de Lionel Giles (1910, Project Gutenberg #17405), capítulo I, §26: ""Now the general who wins a battle makes many calculations in his temple ere the battle is fought.""; original chinês (Project Gutenberg #23864, 始計第一): ""夫未戰而廟算勝者，得算多也""."
Sun Tzu;Conforme as circunstâncias sejam favoráveis, devem-se modificar os planos.;A Arte da Guerra, capítulo I;"Fase 121 (10/10/2026, correção): O português era paráfrase (acrescentava ""um líder deve ser capaz"" e ""mudanças""), mas deriva de I, 17 na versão de Giles: mesmas palavras-chave (circunstâncias, modificar/adaptar os planos); refeito como tradução fiel desse trecho. Evidência: Tradução de Lionel Giles (1910, Project Gutenberg #17405), capítulo I, §17: ""According as circumstances are favorable, one should modify one's plans."" (original chinês, Project Gutenberg #23864: ""勢者，因利而制權也"")."
Warren Bennis;"Líderes são aqueles que fazem a coisa certa; gestores são aqueles que fazem as coisas corretamente.";Leaders: Strategies for Taking Charge (1985), com Burt Nanus;"Fase 121 (10/10/2026, correção): A redação vem de Leaders (1985), escrito com Burt Nanus, e não de On Becoming a Leader. Fonte corrigida; o português (com a ordem invertida) já é fiel. Evidência: Wikiquote (página Warren Bennis) e trabalho acadêmico da Old Dominion University citam a frase de Leaders: The Strategies for Taking Charge (Bennis e Nanus, Harper & Row, 1985), p. 21; Barry Popik (barrypopik.com) registra a atribuição a Bennis e Nanus."
Charles Dickens;Era a idade da sabedoria, era a idade da loucura.;Um Conto de Duas Cidades (1859), livro I, capítulo 1;"Fase 118 (08/10/2026): localização e original conferidos; fonte anterior era genérica."
Charles Dickens;"Tínhamos tudo diante de nós; não tínhamos nada diante de nós.";Um Conto de Duas Cidades (1859), livro I, capítulo 1;"Fase 118 (08/10/2026): localização e original conferidos; fonte anterior era genérica."
Charles Dickens;"Estávamos todos indo diretamente para o Céu; estávamos todos indo na direção contrária.";Um Conto de Duas Cidades (1859), livro I, capítulo 1;"Fase 118 (08/10/2026): localização e original conferidos; fonte anterior era genérica."
Mahatma Gandhi;A mulher é a companheira do homem, dotada da mesma capacidade mental.;Discurso sobre a educação das mulheres, Bhagini Samaj, Bombaim, 20 de fevereiro de 1918;"Fase 121 (10/10/2026): texto conferido na obra — Artigo acadêmico na Feminist Review (2010, D. Mookerjea-Leonard) cita a frase do discurso de Gandhi sobre educação feminina no Bhagini Samaj de Bombaim, 1918 (Collected Works, vol. 16, p. 273–275); a versão mais longa, com data de 20/02/1918, aparece reproduzida em relatório jurídico (advocatekhoj) a partir da coletânea To the Women."
Mahatma Gandhi;A força não vem da capacidade física. Vem de uma vontade indomável.;“The Doctrine of the Sword”, Young India, 11 de agosto de 1920;"Fase 121 (10/10/2026): texto conferido na obra — Artigo “The Doctrine of the Sword”, Young India, 11/08/1920 (texto no mkgandhi.org); a frase é listada sob esse artigo na compilação derivada do Wikiquote (Quotepark) e em WIST Quotations com a mesma data."
Simone de Beauvoir;A humanidade é masculina, e o homem define a mulher não em si mesma, mas em relação a ele.;O Segundo Sexo (1949), Introdução;Fase 119 (10/10/2026): original conferido — Le Deuxième Sexe (1949), introdução.
Mary Wollstonecraft;Fortalecei a mente feminina alargando-a, e haverá um fim para a obediência cega.;Reivindicação dos Direitos da Mulher (1792), capítulo 2;"Fase 121 (10/10/2026, correção): O português acrescentava “de seus conhecimentos”; o original diz apenas “by enlarging it” (alargando-a). Evidência: Localizada no capítulo 2 de A Vindication of the Rights of Woman (Project Gutenberg #3420)."
Mary Wollstonecraft;Desejo ver as mulheres nem heroínas nem brutas, mas criaturas racionais.;Reivindicação dos Direitos da Mulher (1792), capítulo 4;Fase 121 (10/10/2026, correção): O português deformava a frase do capítulo 4: “companheiras” e “esposas e amantes infantis” não estão no original, que opõe “heroínas” e “brutas” a “criaturas racionais”. A frase antiga vinha desta passagem: mesma estrutura “quero ver as mulheres… [como] criaturas racionais, em vez de…”. Evidência: Localizada no capítulo 4 de A Vindication of the Rights of Woman, em observação entre parênteses (Project Gutenberg #3420).
Mary Wollstonecraft;"Tornai as mulheres criaturas racionais e cidadãs livres, e elas rapidamente se tornarão boas esposas e mães; isto é, se os homens não negligenciarem os deveres de maridos e pais.";Reivindicação dos Direitos da Mulher (1792), capítulo 12;Fase 121 (10/10/2026, correção): O português cortava a condição que fecha a frase (“isto é, se os homens não negligenciarem os deveres de maridos e pais”), que muda o alcance da afirmação. Evidência: Localizada no capítulo 12 (“On National Education”) de A Vindication of the Rights of Woman (Project Gutenberg #3420).
Jane Austen;A amizade é certamente o melhor bálsamo para as dores do amor decepcionado.;A Abadia de Northanger (1817);"Fase 118 (08/10/2026): localização e original conferidos; fonte anterior era genérica."
Sêneca;A vida feliz é aquela que está de acordo com a própria natureza.;Sobre a Vida Feliz, III;"Fase 121 (10/10/2026): texto conferido na obra — Texto latino integral de De vita beata (The Latin Library, sen.vita), capítulo III, 3: ""Beata est ergo uita conueniens naturae suae, quae non aliter contingere potest quam si primum sana mens est...""."
Aristóteles;A felicidade é uma atividade, e a atividade evidentemente se realiza, e não está presente como uma posse.;Ética a Nicômaco, livro IX, capítulo 9 (1169b29);Fase 119 (10/10/2026, correção): O original registrado era uma fórmula reconstruída com glosa entre parênteses, e o português (“não de repouso”) não correspondia a ele. Substituídos pelo texto de IX, 9 e tradução fiel. Evidência: Ética a Nicômaco IX, 9, 1169b29, texto grego da edição Perseus (canonical-greekLit, GitHub).
Jane Austen;Conheça a sua própria felicidade. Você não quer nada além de paciência — ou dê-lhe um nome mais fascinante: chame-a de esperança.;Razão e Sensibilidade (1811);"Fase 118 (08/10/2026): localização e original conferidos; fonte anterior era genérica."
Jane Austen;Pense no passado apenas quando sua lembrança lhe trouxer prazer.;Orgulho e Preconceito (1813), capítulo LVIII;"Fase 118 (08/10/2026): localização e original conferidos; fonte anterior era genérica."
Sêneca;Nenhum vento sopra a favor de quem não sabe para onde vai.;Cartas a Lucílio, LXXI;"Fase 121 (10/10/2026): texto conferido na obra — Texto latino integral das Epistulae morales (The Latin Library, livro VIII), carta 71, 3: ""errant consilia nostra, quia non habent quo derigantur; ignoranti quem portum petat nullus suus ventus est""."
Confúcio;"Quando sabes uma coisa, reconhecer que a sabes; quando não sabes, reconhecer que não sabes: isso é saber.";Analectos, II, 17;"Fase 120 (10/10/2026, escrituras): frase sem capítulo; corresponde a II, 17, agora com tradução fiel e o original. Evidência: Analectos II, 17: texto chinês (chinese-poetry/论语, GitHub) e tradução de James Legge (1861; Project Gutenberg #3330)."
Confúcio;A virtude não fica isolada: sempre tem vizinhos.;Analectos, IV, 25;"Fase 120 (10/10/2026, escrituras): capítulo e original acrescentados. Evidência: Analectos IV, 25: texto chinês (chinese-poetry/论语, GitHub) e tradução de James Legge (1861; Project Gutenberg #3330)."
Confúcio;"O homem nobre compreende o que é justo; o homem mesquinho compreende o que dá lucro.";Analectos, IV, 16;"Fase 120 (10/10/2026, escrituras): capítulo e original acrescentados; tradução ajustada. Evidência: Analectos IV, 16: texto chinês (chinese-poetry/论语, GitHub) e tradução de James Legge (1861; Project Gutenberg #3330)."
Arthur Schopenhauer;O mundo é minha representação.;O Mundo como Vontade e Representação (1819), livro I, § 1;"Fase 121 (10/10/2026): texto conferido na obra — Primeira frase do § 1: ""„Die Welt ist meine Vorstellung:“ — dies ist eine Wahrheit, welche in Beziehung auf jedes lebende und erkennende Wesen gilt"" (Die Welt als Wille und Vorstellung, vol. 1, ed. Frauenstädt, Leipzig, Brockhaus, 1888, texto digitalizado do Internet Archive reproduzido no GitHub jedipunkz/philosophy); tradução de Haldane e Kemp (Project Gutenberg #38427): ""The world is my idea""."
Jane Austen;Pessoas iradas nem sempre são sábias.;Orgulho e Preconceito (1813), capítulo XLV;"Fase 118 (08/10/2026): localização e original conferidos; fonte anterior era genérica."
Jane Austen;Metade do mundo não pode compreender os prazeres da outra metade.;Emma (1815), capítulo IX;"Fase 118 (08/10/2026): localização e original conferidos; fonte anterior era genérica."
Charles Dickens;Era a época da crença, era a época da incredulidade.;Um Conto de Duas Cidades (1859), livro I, capítulo 1;"Fase 118 (08/10/2026): localização e original conferidos; fonte anterior era genérica."
Jane Austen;Nada é mais enganador do que a aparência de humildade.;Orgulho e Preconceito (1813), capítulo 10;"Fase 121 (10/10/2026, correção): A fonte era genérica (""Romance de Jane Austen""); corrigida para obra e capítulo. O português já é fiel. Evidência: Texto integral de Pride and Prejudice (Project Gutenberg #1342), capítulo 10: ""“Nothing is more deceitful,” said Darcy, “than the appearance of humility. It is often only carelessness of opinion, and sometimes an indirect boast.”""."
Ralph Waldo Emerson;"Adota o ritmo da natureza; seu segredo é a paciência.";Palestras e Esboços Biográficos (1883), “Educação”;"Fase 121 (10/10/2026, correção): A frase não está em Essays: Second Series nem em Society and Solitude; é do ensaio “Education”, publicado em Lectures and Biographical Sketches (1883). Evidência: A Concordance to the Collected Essays of Ralph Waldo Emerson (Concord Free Public Library, edição Centenary) registra “Leave this military hurry and adopt the pace of Nature” no ensaio “Education”, vol. 10 (Lectures and Biographical Sketches); a frase seguinte, “Her secret is patience”, aparece reproduzida junto em artigo do MITH (Universidade de Maryland). Texto integral não acessível nesta rede (Gutenberg #75942 fora do espelho)."
Viktor Frankl;Não procure o sucesso. Quanto mais você o procura e o transforma em objetivo, mais ele escapa de você.;Em Busca de Sentido, prefácio à edição de 1992;"Fase 121 (10/10/2026): texto conferido na obra — Man's Search for Meaning, prefácio à edição de 1992 (Beacon Press): ""Don't aim at success—the more you aim at it and make it a target, the more you are going to miss it."" Conferido no LitCharts (página do prefácio de 1992), The Marginalian e The Floating Library."
Viktor Frankl;"O homem não é totalmente condicionado e determinado; ele mesmo determina se cede às condições ou se as enfrenta.";Em Busca de Sentido, parte II (logoterapia);"Fase 121 (10/10/2026, correção): O português era paráfrase da passagem (""não é simplesmente um produto das condições"", ""liberdade para escolher sua atitude""); substituído por tradução fiel da frase do livro. Evidência: Man's Search for Meaning, trad. Ilse Lasch, parte II (Logotherapy in a Nutshell, seção Critique of Pan-Determinism): ""Man is not fully conditioned and determined but rather determines himself whether he gives in to conditions or stands up to them."" Conferido no LitCharts (seção Critique of Pan-Determinism), Goodreads e Center for Respect."
Ralph Waldo Emerson;Nada de grande foi realizado sem entusiasmo.;Ensaios: Primeira Série (1841), “Círculos”;"Fase 121 (10/10/2026, correção): A obra estava errada: a frase é do ensaio “Circles”, da Primeira Série (1841), não da Segunda Série nem de Society and Solitude. Evidência: Localizada no ensaio “Circles”, Essays: First Series (Project Gutenberg #2944; também na antologia #16643)."
Ralph Waldo Emerson;A recompensa de uma coisa bem feita é tê-la feito.;Ensaios: Segunda Série (1844), “Reformadores da Nova Inglaterra”;Fase 121 (10/10/2026): texto conferido na obra — Localizada no fim de “New England Reformers”, último texto de Essays: Second Series (Project Gutenberg #2945), na fala que Emerson atribui à Lei que governa o mundo.
Benjamin Franklin;Bem feito é melhor que bem dito.;Poor Richard’s Almanack, 1737;Fase 121 (10/10/2026): texto conferido na obra — Localizada em Poor Richard, 1737 (The Papers of Benjamin Franklin, Founders Online Franklin/01-02-02-0028), lido via espelho ViralTexts no GitHub.
Benjamin Franklin;Você pode adiar, mas o tempo não.;Poor Richard’s Almanack, 1758;Fase 121 (10/10/2026): texto conferido na obra — Localizada entre as máximas do calendário de Poor Richard Improved, 1758 (The Papers of Benjamin Franklin, Founders Online Franklin/01-07-02-0146), lido via espelho ViralTexts no GitHub.
Benjamin Franklin;Aquele que pode ter paciência pode ter o que quiser.;Poor Richard’s Almanack, 1736;Fase 121 (10/10/2026): texto conferido na obra — Localizada em Poor Richard, 1736 (The Papers of Benjamin Franklin, Founders Online Franklin/01-02-02-0019), lido via espelho ViralTexts no GitHub.
Napoleon Hill;Não espere. O tempo nunca será perfeito.;Pense e Enriqueça (1937), capítulo 7;Fase 121 (10/10/2026): texto conferido na obra — Conferido no texto integral de Think and Grow Rich (edição de 1937, impressão de 1938 transcrita no sacred-texts.com, lida via cópia no GitHub jonnyg23/mahabrain), capítulo 7 (Organized Planning), lista das causas de fracasso, item 8 (Procrastination).
Ralph Waldo Emerson;Cada artista foi primeiro um amador.;Cartas e Objetivos Sociais (1876), “Progresso da Cultura”;"Fase 121 (10/10/2026, correção): A obra estava errada: a frase é do ensaio “Progress of Culture”, em Letters and Social Aims (1876). Evidência: WIST Quotations reproduz a frase com a fonte “Progress of Culture”, Letters and Social Aims (1876), e a seleção da Wikiquote (espelhada em Quotepark) a lista sob “Progress of Culture”; não está em Society and Solitude, Conduct of Life nem nas duas séries de Essays (busca de “amateur” nos textos Gutenberg #2944, #2945, #69258, #39827). Texto integral de Letters and Social Aims (Gutenberg #71393) não acessível nesta rede."
Ralph Waldo Emerson;Atrela teu carro a uma estrela.;Sociedade e Solidão (1870), “Civilização”;"Fase 121 (10/10/2026, correção): O português deturpava a imagem (“faze do teu carro uma estrela a que te ates”); o original manda atrelar o carro a uma estrela, isto é, pôr as forças da natureza a serviço do trabalho. A frase vem claramente dessa passagem (mesmas palavras: carro, estrela, atar). Evidência: Localizada no ensaio “Civilization”, Society and Solitude (Project Gutenberg #69258)."
Kahlil Gibran;Só é grande aquele que transforma a voz do vento numa canção tornada mais doce pelo seu próprio amor.;"O Profeta (1923), ""Do Trabalho""";"Fase 121 (10/10/2026, correção): A obra estava errada (é O Profeta, ""Do Trabalho"", não Areia e Espuma) e o português cortava ""tornada mais doce pelo seu próprio amor"", que é o ponto da frase; a imagem da voz do vento transformada em canção mostra que vinha deste trecho. Evidência: Texto integral de The Prophet (1923), capítulo ""On Work"" (edição Monadnock Valley Press, GitHub MonadnockValleyPress/monadnock); a frase não está em Sand and Foam (texto integral na mesma edição)."
Benjamin Franklin;O tempo perdido nunca é encontrado novamente.;Poor Richard’s Almanack, 1758 (“The Way to Wealth”);"Fase 121 (10/10/2026): texto conferido na obra — Localizada no prefácio de Poor Richard Improved, 1758 (The Way to Wealth), Founders Online Franklin/01-07-02-0146, via espelho ViralTexts no GitHub; também em Gutenberg #43855."
Benjamin Franklin;A diligência é a mãe da boa sorte.;Poor Richard’s Almanack, 1736;"Fase 121 (10/10/2026): texto conferido na obra — Localizada em Poor Richard, 1736 (The Papers of Benjamin Franklin, Founders Online Franklin/01-02-02-0019), lido via espelho ViralTexts no GitHub; repetida em The Way to Wealth (1758)."
Viktor Frankl;Ninguém pode livrá-lo do sofrimento nem sofrer em seu lugar. Sua oportunidade única está na maneira como ele carrega o seu fardo.;Em Busca de Sentido (1946), parte I;"Fase 121 (10/10/2026, correção): O português juntava a primeira e a última frase da passagem, que estão separadas por outras duas; substituído por trecho contínuo e curto, em tradução fiel. Evidência: Man's Search for Meaning, trad. Ilse Lasch, parte I: ""No one can relieve him of his suffering or suffer in his place. His unique opportunity lies in the way in which he bears his burden."" (fim da passagem que começa com ""When a man finds that it is his destiny to suffer...""). Conferido em destaques do Goodreads de duas edições (por volta de 50% do Kindle) e no The Marginalian."
Viktor Frankl;"Cada homem é questionado pela vida; e ele só pode responder à vida respondendo por sua própria vida.";Em Busca de Sentido, parte II (logoterapia);"Fase 121 (10/10/2026, correção): O português trocava a voz (""a vida pergunta"") e omitia ""à vida"" em ""responder à vida""; tradução ajustada à frase do livro. Evidência: Man's Search for Meaning, trad. Ilse Lasch, parte II (Logotherapy in a Nutshell, seção The Meaning of Life): ""In a word, each man is questioned by life; and he can only answer to life by answering for his own life."" Conferido em religiousnaturalism.org (excertos do livro), Writers Write e wist.info."
Sêneca;Não é o homem que tem pouco, mas o homem que anseia por mais, que é pobre.;Cartas a Lucílio, II;"Fase 121 (10/10/2026): texto conferido na obra — Texto latino integral das Epistulae morales (The Latin Library, livro I), carta 2, 6: ""Illa vero non est paupertas, si laeta est; non qui parum habet, sed qui plus cupit, pauper est."""
Charles Dickens;Era a primavera da esperança, era o inverno do desespero.;Um Conto de Duas Cidades (1859), livro I, capítulo 1;"Fase 118 (08/10/2026): localização e original conferidos; fonte anterior era genérica."
Carl Gustav Jung;A solidão não vem de não ter pessoas ao redor, mas de não conseguir comunicar as coisas que nos parecem importantes, ou de ter certas opiniões que os outros consideram inadmissíveis.;"Memórias, Sonhos, Reflexões (1962), capítulo ""Retrospectiva""";"Fase 121 (10/10/2026, correção): O português cortava a frase no meio, omitindo ""para si"" e a segunda alternativa (ter opiniões que os outros consideram inadmissíveis); agora traz a frase inteira. Evidência: Memories, Dreams, Reflections, trad. Richard e Clara Winston (1963), capítulo ""Retrospect"": ""Loneliness does not come from having no people about one, but from being unable to communicate the things that seem important to oneself, or from holding certain views which others find inadmissible."" Conferido em wist.info (com capítulo e tradução), texto do capítulo em PDF de curso (faculty.sfcc.spokane.edu) e carljungdepthpsychologysite.blog. Original alemão (Erinnerungen, Träume, Gedanken) não conferido."
Ralph Waldo Emerson;O homem deve aprender a detectar e observar aquele lampejo de luz que cruza sua mente vindo de dentro, mais do que o brilho do firmamento de bardos e sábios.;Ensaios: Primeira Série (1841), “Autoconfiança”;"Fase 121 (10/10/2026, correção): A obra estava errada (é “Self-Reliance”, da Primeira Série) e o português cortava “vindo de dentro” e a comparação com o brilho dos bardos e sábios, que dão o sentido da frase. Evidência: Localizada no início de “Self-Reliance”, Essays: First Series (Project Gutenberg #2944; também na antologia #16643)."
Viktor Frankl;Viva como se estivesse vivendo pela segunda vez e como se na primeira vez tivesse agido tão errado quanto está prestes a agir agora.;Em Busca de Sentido, parte II (logoterapia);"Fase 121 (10/10/2026): texto conferido na obra — Man's Search for Meaning, trad. Ilse Lasch, parte II (Logotherapy in a Nutshell, seção The Essence of Existence), o ""imperativo categórico"" da logoterapia: ""Live as if you were living already for the second time and as if you had acted the first time as wrongly as you are about to act now!"" Conferido no LitCharts (seção The Essence of Existence) e em Mindset Shifts (Barry Brownstein)."
Viktor Frankl;O homem não deve perguntar qual o sentido da vida, mas reconhecer que é ele quem está sendo questionado.;Em Busca de Sentido, parte II (logoterapia);"Fase 121 (10/10/2026): texto conferido na obra — Man's Search for Meaning, trad. Ilse Lasch, parte II (Logotherapy in a Nutshell, seção The Meaning of Life): ""Ultimately, man should not ask what the meaning of his life is, but rather must recognize that it is he who is asked."" Conferido em religiousnaturalism.org (excertos do livro) e wist.info; algumas impressões trazem ""the meaning of life""."
Viktor Frankl;Cada um tem sua própria vocação ou missão específica na vida: realizar uma tarefa concreta que exige cumprimento. Nisso, ele não pode ser substituído, nem sua vida pode ser repetida.;Em Busca de Sentido, parte II (logoterapia);"Fase 121 (10/10/2026, correção): O português acrescentava ""única"" e ""que ninguém mais pode realizar""; substituído por tradução fiel das duas frases contínuas. Evidência: Man's Search for Meaning, trad. Ilse Lasch, parte II (Logotherapy in a Nutshell, seção The Meaning of Life): ""Everyone has his own specific vocation or mission in life to carry out a concrete assignment which demands fulfillment. Therein he cannot be replaced, nor can his life be repeated."" Conferido no LitCharts (seção The Meaning of Life e termo Essence of Human Existence) e em coletâneas com a mesma redação."
Jane Austen;É muito injusto julgar a conduta de alguém sem um conhecimento íntimo de sua situação.;Emma (1815), capítulo XVIII;"Fase 118 (08/10/2026): localização e original conferidos; fonte anterior era genérica."
Mary Wollstonecraft;A liberdade é a mãe da virtude.;Reivindicação dos Direitos da Mulher (1792), capítulo 2;Fase 121 (10/10/2026, correção): O original diz “a liberdade é a mãe da virtude”, não “a base de todas as virtudes”. A frase antiga vinha desta passagem: mesma estrutura “a liberdade é [base/mãe] da virtude”. Evidência: Localizada no capítulo 2 de A Vindication of the Rights of Woman (Project Gutenberg #3420): “Liberty is the mother of virtue, and if women are, by their very constitution, slaves...”.
Mary Wollstonecraft;Na verdade, é uma farsa chamar de virtuoso qualquer ser cujas virtudes não resultem do exercício de sua própria razão.;Reivindicação dos Direitos da Mulher (1792), capítulo 2;"Fase 121 (10/10/2026, correção): O português era uma paráfrase livre (“só pode florescer quando a razão é exercitada”); substituído pela tradução da frase real do capítulo 2. A frase antiga vinha desta passagem: mesmas palavras-chave (virtude que resulta do exercício da razão). Evidência: Localizada no capítulo 2 de A Vindication of the Rights of Woman (Project Gutenberg #3420)."
Nicolau Maquiavel;Um príncipe deve desejar ter fama de piedoso, não de cruel.;O Príncipe, XVII;"Fase 121 (10/10/2026): texto conferido na obra — Texto italiano de Il Principe, capítulo XVII, primeira frase (repositório GitHub mbykov/diglossa.data); tradução de Marriott (Project Gutenberg #1232): ""every prince ought to desire to be considered clement and not cruel""."
Nicolau Maquiavel;Os homens esquecem mais rapidamente a morte do pai do que a perda do patrimônio.;O Príncipe, XVII;"Fase 121 (10/10/2026): texto conferido na obra — Texto italiano de Il Principe, capítulo XVII (repositório GitHub mbykov/diglossa.data); tradução de Marriott (Project Gutenberg #1232): ""men more quickly forget the death of their father than the loss of their patrimony""."
Nicolau Maquiavel;Os principais fundamentos de todos os Estados, tanto novos como velhos ou mistos, são as boas leis e as boas armas.;O Príncipe, XII;"Fase 121 (10/10/2026, correção): A frase vem deste trecho (Estado + boas leis + boas armas), mas ""um Estado bem organizado deve possuir"" não traduz o original, que diz que boas leis e boas armas são os principais fundamentos de todos os Estados; tradução refeita. Evidência: Texto italiano de Il Principe, capítulo XII (repositório GitHub mbykov/diglossa.data, Il_Principe/Capitolo_12); tradução de Marriott (Project Gutenberg #1232): ""The chief foundations of all states, new as well as old or composite, are good laws and good arms""."
Montesquieu;As leis devem ser tão próprias ao povo para o qual são feitas que é um acaso muito grande se as de uma nação puderem convir a outra. É preciso que se relacionem com a natureza e o princípio do governo que está estabelecido ou que se quer estabelecer.;O Espírito das Leis (1748), livro I, capítulo 3;"Fase 121 (10/10/2026, correção): O português fundia duas frases numa comparação inexistente (“tão adequadas ao povo… quanto à natureza do governo”); vinha claramente desta passagem (mesmas palavras: leis “tão próprias ao povo para o qual são feitas” e “natureza do governo”). Tradução refeita com as duas frases contíguas. Evidência: Localizada no livro I, capítulo III (“Des lois positives”), De l’esprit des lois, ed. Paul Janet (Project Gutenberg #27573)."
Júlio César;Vim, vi e venci.;"Plutarco, Vida de César, 50.2 (carta a Amâncio); Suetônio, Divus Iulius, 37.2 (cartaz no triunfo pôntico, 46 a.C.)";"Frase proclamada em latim (“Veni, vidi, vici”). Relatada por Plutarco e Suetônio; não existe original preservado. Conferida em Plutarco (trad. Perrin) e no trecho de Suetônio citado em artigo da Classical Quarterly. Fase 119 (10/10/2026): original conferido — Suetônio, Divus Iulius 37 (texto latino, The Latin Library, espelho cltk no GitHub)."
Júlio César;Os homens acreditam facilmente naquilo que desejam.;Comentários sobre a Guerra das Gálias, livro III, capítulo 18;Fase 119 (10/10/2026): original conferido — César, De bello Gallico III (texto latino, The Latin Library, espelho cltk no GitHub).
Lao Tsé;Governar um grande Estado é como cozinhar peixes pequenos.;Tao Te Ching, 60;"Fase 120 (10/10/2026, escrituras): a segunda parte (“não se deve mexer demais”) é interpretação dos comentadores, não texto do livro. Evidência: Tao Te Ching, cap. 60: sentido conferido na tradução de James Legge, The Tao Teh King (1891; Project Gutenberg #216); original chinês do texto recebido (Wang Bi)."
Confúcio;Quem governa pela virtude é como a estrela polar, que permanece em seu lugar enquanto todas as estrelas se voltam para ela.;Analectos, II, 1;"Fase 120 (10/10/2026, escrituras): frase sem capítulo; o original diz “pela virtude” (德), não “pelo exemplo”. Evidência: Analectos II, 1: texto chinês (chinese-poetry/论语, GitHub) e tradução de James Legge (1861; Project Gutenberg #3330)."
Confúcio;"Se a conduta do governante é correta, as coisas se fazem sem ordens; se não é correta, ainda que ele dê ordens, não será obedecido.";Analectos, XIII, 6;"Fase 120 (10/10/2026, escrituras): frase sem capítulo e resumida; corresponde a XIII, 6. Evidência: Analectos XIII, 6: texto chinês (chinese-poetry/论语, GitHub) e tradução de James Legge (1861; Project Gutenberg #3330)."
Alexis de Tocqueville;Quando o passado deixa de iluminar o futuro, o espírito humano caminha na escuridão.;A Democracia na América, vol. 2 (1840), parte 4, capítulo 8;"Fase 121 (10/10/2026): texto conferido na obra — Conferida na tradução inglesa de Henry Reeve, Democracy in America, vol. 2, livro (parte) 4, capítulo VIII, “General Survey of the Subject” (Project Gutenberg #816): “as the past has ceased to throw its light upon the future, the mind of man wanders in obscurity”. Texto francês integral não acessível nesta rede; orig deixado vazio."
Nelson Mandela;Ser livre não é apenas se livrar das próprias correntes, mas viver de uma maneira que respeite e aumente a liberdade dos outros.;Longo Caminho para a Liberdade (1994), parte final;Fase 121 (10/10/2026): texto conferido na obra — Passagem das páginas finais de Long Walk to Freedom reproduzida com a mesma redação em material didático do Achieve the Core, em The Korea Times (24/04/2015), em Stabroek News e em discussão do livro no Goodreads.
Nelson Mandela;Descobri o segredo de que, depois de escalar uma grande colina, a pessoa só descobre que há muitas outras colinas para escalar.;Longo Caminho para a Liberdade (1994), parágrafo final;"Fase 121 (10/10/2026, correção): O livro fala de “hill” (colina), não de montanha, e a frase é dita em primeira pessoa (“descobri o segredo”); tradução ajustada ao original. Evidência: Último parágrafo de Long Walk to Freedom reproduzido em obs-us.com (“Long Walk To Freedom – Last paragraphs”), em material do Achieve the Core e em Stabroek News, com a mesma redação."
Alexis de Tocqueville;A democracia não apenas faz cada homem esquecer seus antepassados, mas também esconde seus descendentes.;A Democracia na América, vol. 2 (1840), parte 2, capítulo 2;"Fase 121 (10/10/2026): texto conferido na obra — Conferida na tradução inglesa de Henry Reeve, Democracy in America, vol. 2, parte 2, capítulo II, “Of Individualism in Democratic Countries” (Project Gutenberg #816): “not only does democracy make every man forget his ancestors, but it hides his descendants”. Texto francês integral não acessível nesta rede; orig deixado vazio."
Alexis de Tocqueville;O individualismo é um sentimento refletido e tranquilo que dispõe cada cidadão a se isolar da massa.;A Democracia na América, vol. 2 (1840), parte 2, capítulo 2;"Fase 121 (10/10/2026): texto conferido na obra — Conferida na tradução inglesa de Henry Reeve, Democracy in America, vol. 2, parte 2, capítulo II, “Of Individualism in Democratic Countries” (Project Gutenberg #816): “Individualism is a mature and calm feeling, which disposes each member of the community to sever himself from the mass of his fellow-creatures”. Texto francês integral não acessível nesta rede; orig deixado vazio."
Mao Tsé-Tung;O poder político nasce do cano de uma arma.;Problemas da Guerra e da Estratégia (6 de novembro de 1938), Obras Escolhidas, vol. II;Fase 121 (10/10/2026): texto conferido na obra — Citações do Presidente Mao (Livro Vermelho), ed. inglesa de 1966 (texto no GitHub, isabellahoch/political-rag-poisoning): “Every Communist must grasp the truth, ‘Political power grows out of the barrel of a gun.’” — “Problems of War and Strategy” (6/11/1938), Selected Works, vol. II, p. 224. Original chinês não conferido.
Mao Tsé-Tung;A prática é o critério da verdade.;Sobre a Prática (julho de 1937), Obras Escolhidas, vol. I;Fase 121 (10/10/2026): texto conferido na obra — “On Practice”, tradução inglesa das Selected Works, vol. I (texto do marxists.org reproduzido no GitHub, ARCP-Git/press): “That is why practice is the criterion of truth” (também “Only social practice can be the criterion of truth”). Original chinês não conferido.
Mao Tsé-Tung;Sem um exército popular, o povo não tem nada.;Sobre o Governo de Coalizão (24 de abril de 1945), Obras Escolhidas, vol. III;Fase 121 (10/10/2026, correção): O português omitia “popular” (“people’s army”), o que muda o sentido: Mao fala do exército do povo, não de qualquer exército. Evidência: Citações do Presidente Mao (Livro Vermelho), ed. inglesa de 1966, capítulo “The People’s Army”: “Without a people’s army the people have nothing.” — “On Coalition Government” (24/04/1945), Selected Works, vol. III, p. 296–297. Original chinês não conferido.
Mao Tsé-Tung;Todos os reacionários são tigres de papel.;Conversa com a correspondente americana Anna Louise Strong (agosto de 1946), Obras Escolhidas, vol. IV;Fase 121 (10/10/2026): texto conferido na obra — Citações do Presidente Mao (Livro Vermelho), ed. inglesa de 1966: “All reactionaries are paper tigers.” — “Talk with the American Correspondent Anna Louise Strong” (agosto de 1946), Selected Works, vol. IV, p. 100. Original chinês não conferido.
Nelson Mandela;Para fazer as pazes com um inimigo, é preciso trabalhar com esse inimigo, e esse inimigo se torna seu parceiro.;Longo Caminho para a Liberdade (1994);"Fase 121 (10/10/2026, correção): A versão do catálogo (“Se você quer fazer as pazes com seu inimigo… então ele se torna seu parceiro”) é a forma popular; vem claramente desta passagem do livro (mesmas palavras-chave: fazer as pazes, inimigo, trabalhar com ele, parceiro). Substituída pela redação do livro, com tradução fiel. Evidência: Destaque de leitor da edição publicada de Long Walk to Freedom (Goodreads) com essa redação; Barack Obama cita a mesma frase como escrita por Mandela na Conferência Anual Nelson Mandela (Joanesburgo, 17/07/2018), registrada em postagens da época."
Henry Kissinger;O poder é o maior afrodisíaco.;The New York Times, 28 de outubro de 1973;"Fase 119 (10/10/2026): original conferido — Wikiquote: citado no New York Times, 28/10/1973; Barry Popik registra variantes desde 1971."
Edmund Burke;Um Estado sem os meios de alguma mudança não tem meios de conservação.;Reflexões sobre a Revolução em França (1790);Fase 121 (10/10/2026): texto conferido na obra — Localizada em Reflections on the Revolution in France, The Works of the Right Honourable Edmund Burke, vol. 3 (Project Gutenberg #15679), no trecho sobre a Revolução de 1688.
Edmund Burke;Mas o que é a liberdade sem sabedoria e sem virtude? É o maior de todos os males possíveis, pois é insensatez, vício e loucura, sem tutela nem freio.;Reflexões sobre a Revolução em França (1790);"Fase 121 (10/10/2026, correção): A frase do site era paráfrase (“deve ser acompanhada de prudência e virtude”); substituída pela tradução da passagem real em que Burke liga liberdade, sabedoria e virtude. A frase antiga vinha desta passagem: mesmas palavras-chave (liberdade acompanhada de sabedoria/prudência e virtude). Evidência: Localizada nas páginas finais de Reflections on the Revolution in France, The Works of the Right Honourable Edmund Burke, vol. 3 (Project Gutenberg #15679)."
Montesquieu;A liberdade política consiste na segurança, ou pelo menos na opinião que se tem da própria segurança.;O Espírito das Leis (1748), livro XII, capítulo 2;"Fase 121 (10/10/2026, correção): A localização estava errada: a definição está no livro XII, capítulo 2, não no livro XI. Evidência: Conferida na tradução inglesa de Nugent, livro XII, capítulo II, “Of the Liberty of the Subject”: “Political liberty consists in security; or, at least, in the opinion that we enjoy security” (transcrição em GitHub zelliewinterich/CMH, SOL.xml). Texto francês integral não acessível nesta rede; orig deixado vazio."
Montesquieu;Quando o poder legislativo e executivo estão reunidos em uma mesma pessoa ou corpo, não pode haver liberdade.;O Espírito das Leis (1748), livro XI, capítulo 6;"Fase 121 (10/10/2026): texto conferido na obra — Livro XI, capítulo VI: texto francês reproduzido com a obra no artigo da Wikipédia francesa sobre a separação dos poderes (cópia em GitHub vinhqdang/wikipedia_analysis) e localizado em “Book XI, chapter VI” em ficha de fonte baseada na 1ª edição (GitHub izzy9118-blip/Stars); a mesma passagem é citada em inglês por Madison em The Federalist n.º 47 (Project Gutenberg #1404)."
Charles Dickens;As autoridades insistiam em receber aquele período apenas no grau superlativo.;Um Conto de Duas Cidades (1859), livro I, capítulo 1;"Fase 118 (08/10/2026): localização e original conferidos; fonte anterior era genérica."
Aristóteles;A esperança é o sonho do homem acordado.;Diógenes Laércio, Vidas e Doutrinas dos Filósofos Ilustres, V, 18;"Fase 121 (10/10/2026): texto conferido na obra — Texto grego de Diógenes Laércio (Perseus, tlg0004.tlg001), livro V, § 18 (vida de Aristóteles): perguntado sobre o que é a esperança, respondeu ""o sonho de quem está acordado""."
Sêneca;Ninguém pode viver feliz, nem mesmo de modo suportável, sem o estudo da sabedoria.;Cartas a Lucílio, XVI;"Fase 121 (10/10/2026, correção): A frase vem deste trecho (ninguém pode viver ... sem sabedoria), mas ""vida tranquila"" não traduz ""beate ... ne tolerabiliter quidem"" e omitia ""o estudo"" da sabedoria; tradução refeita. Evidência: Texto latino integral das Epistulae morales (The Latin Library, livro II), carta 16, 1: ""Liquere hoc tibi, Lucili, scio, neminem posse beate vivere, ne tolerabiliter quidem, sine sapientiae studio""."
Mahatma Gandhi;A oração não é pedir. É um anseio da alma.;Young India, 23 de janeiro de 1930;"Fase 121 (10/10/2026, correção): “Longing of the soul” é anseio, desejo ardente da alma, não “atitude”; tradução ajustada. Fonte genérica substituída pelo número de Young India. Evidência: A passagem “Prayer is not asking. It is a longing of the soul. It is daily admission of one’s weakness” é citada de Young India, 23/01/1930, na antologia World Scripture II (Universal Peace Federation, 2011, p. 800, reproduzida em Luminary Quotes) e em Red Tree Times com a mesma data."
Charles Dickens;Deus abençoe a todos nós.;Um Conto de Natal (1843), Estrofe III;"Fase 118 (08/10/2026): localização e original conferidos; fonte anterior era genérica."
Lao Tsé;Por isso, a satisfação de quem sabe contentar-se é uma satisfação que dura sempre.;Tao Te Ching, 46;"Fase 120 (10/10/2026, escrituras): tradução solta ou com acréscimos; substituída por tradução fiel do capítulo, com o original chinês. Evidência: Tao Te Ching, cap. 46: sentido conferido na tradução de James Legge, The Tao Teh King (1891; Project Gutenberg #216); original chinês do texto recebido (Wang Bi)."
Lao Tsé;"Quem vence os outros tem força; quem vence a si mesmo é forte.";Tao Te Ching, 33;"Fase 120 (10/10/2026, escrituras): tradução solta ou com acréscimos; substituída por tradução fiel do capítulo, com o original chinês. Evidência: Tao Te Ching, cap. 33: sentido conferido na tradução de James Legge, The Tao Teh King (1891; Project Gutenberg #216); original chinês do texto recebido (Wang Bi)."
Krishna;"Assim como as águas entram no oceano, que se enche e permanece imóvel, alcança a paz aquele em quem todos os desejos entram dessa maneira; não quem anseia pelos desejos.";Bhagavad Gita, 2.70;"Fase 120 (10/10/2026, escrituras): tradução solta ou com acréscimos; substituída por tradução fiel do verso, com o original sânscrito. Evidência: Bhagavad Gita 2.70: texto sânscrito e traduções inglesas (Swami Sivananda, Swami Gambirananda), dados abertos do projeto gita/gita no GitHub."
Alcorão;E de Allah é o Levante e o Poente. E, para onde quer que vos volteis, lá está a face de Allah.;Alcorão 2:115 · trad. Helmi Nasr;"Fase 120 (10/10/2026, escrituras): Redação solta ou paráfrase rotulada como El Hayek; substituída pelo texto exato do versículo numa tradução publicada. Evidência: texto do versículo na tradução de Helmi Nasr (Complexo Rei Fahd; texto digital QuranEnc, via fawazahmed0/quran-api no GitHub); versículo 2:115."
Buda;Melhor do que mil palavras sem sentido é uma única palavra com sentido, que, ao ser ouvida, traz a paz.;Dhammapada, verso 100;"Fase 120 (10/10/2026, escrituras): tradução solta ou com acréscimos; substituída por tradução fiel do verso, com o original páli. Evidência: Dhammapada, verso 100: texto páli (edição Mahāsaṅgīti, SuttaCentral bilara-data) e tradução de Bhikkhu Sujato (domínio público, CC0)."
Buda;"A saúde é o maior ganho; o contentamento, a maior riqueza; a confiança, o melhor parente; o nibbana, a felicidade suprema.";Dhammapada, verso 204;"Fase 120 (10/10/2026, escrituras): tradução solta ou com acréscimos; substituída por tradução fiel do verso, com o original páli. Evidência: Dhammapada, verso 204: texto páli (edição Mahāsaṅgīti, SuttaCentral bilara-data) e tradução de Bhikkhu Sujato (domínio público, CC0)."
Buda;Como uma flor bela e colorida, mas sem perfume, assim é sem fruto a palavra bem dita de quem não a pratica.;Dhammapada, verso 51;"Fase 120 (10/10/2026, escrituras): tradução solta ou com acréscimos; substituída por tradução fiel do verso, com o original páli. Evidência: Dhammapada, verso 51: texto páli (edição Mahāsaṅgīti, SuttaCentral bilara-data) e tradução de Bhikkhu Sujato (domínio público, CC0)."
Lao Tsé;"O sábio não acumula. Quanto mais faz pelos outros, mais tem; quanto mais dá aos outros, mais possui.";Tao Te Ching, 81;"Fase 120 (10/10/2026, escrituras): tradução solta ou com acréscimos; substituída por tradução fiel do capítulo, com o original chinês. Evidência: Tao Te Ching, cap. 81: sentido conferido na tradução de James Legge, The Tao Teh King (1891; Project Gutenberg #216); original chinês do texto recebido (Wang Bi)."
Lao Tsé;"Agir sem agir; ocupar-se sem se ocupar; saborear o que não tem sabor.";Tao Te Ching, 63;"Fase 120 (10/10/2026, escrituras): o texto anterior acrescentava “é seguir o caminho da natureza”, que não está no livro. Evidência: Tao Te Ching, cap. 63: sentido conferido na tradução de James Legge, The Tao Teh King (1891; Project Gutenberg #216); original chinês do texto recebido (Wang Bi)."
Krishna;Firme no yoga, realiza as ações abandonando o apego, ó Dhananjaya, igual no sucesso e no fracasso: a igualdade de ânimo chama-se yoga.;Bhagavad Gita, 2.48;"Fase 120 (10/10/2026, escrituras): tradução solta ou com acréscimos; substituída por tradução fiel do verso, com o original sânscrito. Evidência: Bhagavad Gita 2.48: texto sânscrito e traduções inglesas (Swami Sivananda, Swami Gambirananda), dados abertos do projeto gita/gita no GitHub."
Krishna;"Aquele cuja mente está unida pelo yoga vê o Eu em todos os seres e todos os seres no Eu; vê o mesmo em toda parte.";Bhagavad Gita, 6.29;"Fase 120 (10/10/2026, escrituras): tradução solta ou com acréscimos; substituída por tradução fiel do verso, com o original sânscrito. Evidência: Bhagavad Gita 6.29: texto sânscrito e traduções inglesas (Swami Sivananda, Swami Gambirananda), dados abertos do projeto gita/gita no GitHub."
Krishna;"Realiza a ação que te cabe, pois a ação é superior à inação; sem agir, nem a manutenção do teu corpo seria possível.";Bhagavad Gita, 3.8;"Fase 120 (10/10/2026, escrituras): tradução solta ou com acréscimos; substituída por tradução fiel do verso, com o original sânscrito. Evidência: Bhagavad Gita 3.8: texto sânscrito e traduções inglesas (Swami Sivananda, Swami Gambirananda), dados abertos do projeto gita/gita no GitHub."
Alcorão;Não há compulsão na religião!;Alcorão 2:256 · trad. Helmi Nasr;"Fase 120 (10/10/2026, escrituras): Redação solta ou paráfrase rotulada como El Hayek; substituída pelo texto exato do versículo numa tradução publicada. Evidência: texto do versículo na tradução de Helmi Nasr (Complexo Rei Fahd; texto digital QuranEnc, via fawazahmed0/quran-api no GitHub); versículo 2:256."
Alcorão;E Ele é convosco, onde quer que estejais.;Alcorão 57:4 · trad. Helmi Nasr;"Fase 120 (10/10/2026, escrituras): Redação solta ou paráfrase rotulada como El Hayek; substituída pelo texto exato do versículo numa tradução publicada. Evidência: texto do versículo na tradução de Helmi Nasr (Complexo Rei Fahd; texto digital QuranEnc, via fawazahmed0/quran-api no GitHub); versículo 57:4."
Alcorão;E não sejais como aqueles que se esqueceram de Deus e, por isso mesmo, Ele os fez esquecerem-se de si próprios.;Alcorão 59:19 · trad. Samir El Hayek;"Fase 120 (10/10/2026, escrituras): Redação solta ou paráfrase rotulada como El Hayek; substituída pelo texto exato do versículo numa tradução publicada. Evidência: texto do versículo na tradução de Samir El Hayek (texto digital Tanzil, via fawazahmed0/quran-api no GitHub); versículo 59:19."
Torá;Por isso amareis o estrangeiro, pois fostes estrangeiros na terra do Egito.;Deuteronômio 10:19 · Almeida Corrigida Fiel;"Fase 120 (10/10/2026, escrituras): é versículo bíblico (Deuteronômio 10:19), não “tradição rabínica”; texto exato de edição publicada. Evidência: Deuteronômio 10:19 na Almeida Corrigida Fiel (texto aberto thiagobodruk/biblia, mesmo critério da Fase 116)."
Ben Azzai;A recompensa por um mandamento é outro mandamento, e a recompensa por um pecado é outro pecado.;Pirkei Avot 4:2 · trad. Bruno Albano (Ética dos Pais, Sefaria);"Fase 120 (10/10/2026, escrituras): atribuição errada (não é de Ben Zoma) e redação solta. Evidência: Pirkei Avot na tradução de Bruno Albano (Ética dos Pais, Sefaria, 2023), conferida com o hebraico e com Charles Taylor (1897); 4:2 (dito de Ben Azzai)."
Buda;"A mente precede todas as coisas; a mente é o principal, tudo é feito pela mente.";Dhammapada, verso 1;"Fase 120 (10/10/2026, escrituras): tradução solta ou com acréscimos; substituída por tradução fiel do verso, com o original páli. Evidência: Dhammapada, verso 1: texto páli (edição Mahāsaṅgīti, SuttaCentral bilara-data) e tradução de Bhikkhu Sujato (domínio público, CC0). Observação: primeira metade do verso 1; a segunda metade tem a mesma estrutura do verso 2, registrado em outra entrada."
Buda;"Neste mundo, o ódio nunca se apazigua pelo ódio; apazigua-se pelo não ódio. Esta é uma lei eterna.";Dhammapada, verso 5;"Fase 120 (10/10/2026, escrituras): tradução solta ou com acréscimos; substituída por tradução fiel do verso, com o original páli. Evidência: Dhammapada, verso 5: texto páli (edição Mahāsaṅgīti, SuttaCentral bilara-data) e tradução de Bhikkhu Sujato (domínio público, CC0)."
Buda;"Todos tremem diante do castigo; todos temem a morte. Pondo-se no lugar do outro, não se deve matar nem fazer matar.";Dhammapada, verso 129;"Fase 120 (10/10/2026, escrituras): tradução solta ou com acréscimos; substituída por tradução fiel do verso, com o original páli. Evidência: Dhammapada, verso 129: texto páli (edição Mahāsaṅgīti, SuttaCentral bilara-data) e tradução de Bhikkhu Sujato (domínio público, CC0)."
Buda;Para quem tem a mente livre de paixões e o coração sem perturbação, que deixou para trás o mérito e o demérito e está desperto, não há medo.;Dhammapada, verso 39;"Fase 120 (10/10/2026, escrituras): tradução solta ou com acréscimos; substituída por tradução fiel do verso, com o original páli. Evidência: Dhammapada, verso 39: texto páli (edição Mahāsaṅgīti, SuttaCentral bilara-data) e tradução de Bhikkhu Sujato (domínio público, CC0)."
Buda;Pouco a pouco, de momento a momento, o sábio deve remover as próprias impurezas, como o ourives remove as da prata.;Dhammapada, verso 239;"Fase 120 (10/10/2026, escrituras): tradução solta ou com acréscimos; substituída por tradução fiel do verso, com o original páli. Evidência: Dhammapada, verso 239: texto páli (edição Mahāsaṅgīti, SuttaCentral bilara-data) e tradução de Bhikkhu Sujato (domínio público, CC0)."
Lao Tsé;O Tao que pode ser expresso não é o Tao eterno.;Tao Te Ching, 1;"Fase 120 (10/10/2026, escrituras): original acrescentado; tradução ajustada. Evidência: Tao Te Ching, cap. 1: sentido conferido na tradução de James Legge, The Tao Teh King (1891; Project Gutenberg #216); original chinês do texto recebido (Wang Bi)."
Krishna;A fé de cada um corresponde à sua natureza, ó Bharata. O homem é feito de fé: qual é a sua fé, tal é ele.;Bhagavad Gita, 17.3;"Fase 120 (10/10/2026, escrituras): tradução solta ou com acréscimos; substituída por tradução fiel do verso, com o original sânscrito. Evidência: Bhagavad Gita 17.3: texto sânscrito e traduções inglesas (Swami Sivananda, Swami Gambirananda), dados abertos do projeto gita/gita no GitHub."
Krishna;O homem firme a quem essas coisas não perturbam, ó o melhor dos homens, igual na dor e no prazer, está apto para a imortalidade.;Bhagavad Gita, 2.15;"Fase 120 (10/10/2026, escrituras): tradução solta ou com acréscimos; substituída por tradução fiel do verso, com o original sânscrito. Evidência: Bhagavad Gita 2.15: texto sânscrito e traduções inglesas (Swami Sivananda, Swami Gambirananda), dados abertos do projeto gita/gita no GitHub."
Krishna;Os sábios veem com igualdade o brâmane dotado de saber e humildade, a vaca, o elefante, o cão e o pária.;Bhagavad Gita, 5.18;"Fase 120 (10/10/2026, escrituras): tradução solta ou com acréscimos; substituída por tradução fiel do verso, com o original sânscrito. Evidência: Bhagavad Gita 5.18: texto sânscrito e traduções inglesas (Swami Sivananda, Swami Gambirananda), dados abertos do projeto gita/gita no GitHub."
Krishna;Como uma lamparina num lugar sem vento não oscila: essa é a imagem do iogue de mente controlada que pratica o yoga do Eu.;Bhagavad Gita, 6.19;"Fase 120 (10/10/2026, escrituras): tradução solta ou com acréscimos; substituída por tradução fiel do verso, com o original sânscrito. Evidência: Bhagavad Gita 6.19: texto sânscrito e traduções inglesas (Swami Sivananda, Swami Gambirananda), dados abertos do projeto gita/gita no GitHub."
Alcorão;Por certo, Allah ama os confiantes nEle.;Alcorão 3:159 · trad. Helmi Nasr;"Fase 120 (10/10/2026, escrituras): Redação solta ou paráfrase rotulada como El Hayek; substituída pelo texto exato do versículo numa tradução publicada. Evidência: texto do versículo na tradução de Helmi Nasr (Complexo Rei Fahd; texto digital QuranEnc, via fawazahmed0/quran-api no GitHub); versículo 3:159."
Alcorão;Deus é a Luz dos céus e da terra.;Alcorão 24:35 · trad. Samir El Hayek;"Fase 120 (10/10/2026, escrituras): Redação solta ou paráfrase rotulada como El Hayek; substituída pelo texto exato do versículo numa tradução publicada. Evidência: texto do versículo na tradução de Samir El Hayek (texto digital Tanzil, via fawazahmed0/quran-api no GitHub); versículo 24:35."
Ben Zoma;Quem é poderoso? Aquele que controla o seu ímpeto.;Pirkei Avot 4:1 · trad. Saymon Pires da Silva (Sefaria);"Fase 120 (10/10/2026, escrituras): redação solta. Evidência: Pirkei Avot na tradução de Saymon Pires da Silva (Sefaria, 5784), conferida com o hebraico (Sefaria) e com Charles Taylor (1897); 4:1."
Rabi Tarfon;Não cabe a você completar o trabalho, mas você tampouco é livre para se omitir dele.;Pirkei Avot 2:16 · trad. Saymon Pires da Silva (Sefaria);"Fase 120 (10/10/2026, escrituras): redação solta; substituída pelo texto exato de uma tradução publicada. Evidência: Pirkei Avot na tradução de Saymon Pires da Silva (Sefaria, 5784), conferida com o hebraico (Sefaria) e com Charles Taylor (1897); 2:16."
Mishná;Todo aquele que preserva uma só vida é considerado como se tivesse preservado um mundo inteiro.;Mishná, Sanhedrin 4:5 (manuscrito Kaufmann);"Fase 120 (10/10/2026, escrituras): redação solta; agora tradução fiel do hebraico, com o original. Evidência: Mishná, Sanhedrin 4:5: manuscrito Kaufmann (ed. Dan Be’eri, Sefaria) e edição Romm, Vilna 1913."
Buda;"Larga o passado, larga o futuro, larga o presente; tendo ido além da existência, com a mente liberta de tudo, não voltarás ao nascimento e à velhice.";Dhammapada, verso 348;"Fase 120 (10/10/2026, escrituras): a tradução anterior invertia o sentido (“vive plenamente o presente”); o verso manda largar também o presente. Evidência: Dhammapada, verso 348: texto páli (edição Mahāsaṅgīti, SuttaCentral bilara-data) e tradução de Bhikkhu Sujato (domínio público, CC0)."
Buda;“Insultou-me, bateu-me, venceu-me, roubou-me”: em quem não alimenta esses pensamentos, o ódio se apazigua.;Dhammapada, verso 4;"Fase 120 (10/10/2026, escrituras): tradução solta ou com acréscimos; substituída por tradução fiel do verso, com o original páli. Evidência: Dhammapada, verso 4: texto páli (edição Mahāsaṅgīti, SuttaCentral bilara-data) e tradução de Bhikkhu Sujato (domínio público, CC0)."
Buda;Assim como a chuva penetra numa casa mal coberta, a paixão penetra numa mente não cultivada.;Dhammapada, verso 13;"Fase 120 (10/10/2026, escrituras): tradução solta ou com acréscimos; substituída por tradução fiel do verso, com o original páli. Evidência: Dhammapada, verso 13: texto páli (edição Mahāsaṅgīti, SuttaCentral bilara-data) e tradução de Bhikkhu Sujato (domínio público, CC0)."
Buda;"É bom domar a mente, difícil de conter, volúvel, que pousa onde quer; a mente domada traz felicidade.";Dhammapada, verso 35;"Fase 120 (10/10/2026, escrituras): tradução solta ou com acréscimos; substituída por tradução fiel do verso, com o original páli. Evidência: Dhammapada, verso 35: texto páli (edição Mahāsaṅgīti, SuttaCentral bilara-data) e tradução de Bhikkhu Sujato (domínio público, CC0)."
Lao Tsé;"Saber que não se sabe é o mais elevado; não saber e julgar que sabe é doença.";Tao Te Ching, 71;"Fase 120 (10/10/2026, escrituras): tradução solta ou com acréscimos; substituída por tradução fiel do capítulo, com o original chinês. Evidência: Tao Te Ching, cap. 71: sentido conferido na tradução de James Legge, The Tao Teh King (1891; Project Gutenberg #216); original chinês do texto recebido (Wang Bi)."
Lao Tsé;"Não se exibe, e por isso brilha; não se afirma, e por isso se destaca; não se gaba, e por isso tem mérito.";Tao Te Ching, 22;"Fase 120 (10/10/2026, escrituras): tradução solta ou com acréscimos; substituída por tradução fiel do capítulo, com o original chinês. Evidência: Tao Te Ching, cap. 22: sentido conferido na tradução de James Legge, The Tao Teh King (1891; Project Gutenberg #216); original chinês do texto recebido (Wang Bi)."
Lao Tsé;Quem deseja tomar o mundo e agir sobre ele, vejo que não o conseguirá.;Tao Te Ching, 29;"Fase 120 (10/10/2026, escrituras): tradução solta ou com acréscimos; substituída por tradução fiel do capítulo, com o original chinês. Evidência: Tao Te Ching, cap. 29: sentido conferido na tradução de James Legge, The Tao Teh King (1891; Project Gutenberg #216); original chinês do texto recebido (Wang Bi)."
Krishna;Quando alguém abandona todos os desejos da mente, ó Partha, e se satisfaz no Eu pelo Eu, então é chamado firme em sabedoria.;Bhagavad Gita, 2.55;"Fase 120 (10/10/2026, escrituras): a tradução anterior dizia “alcança a paz”; o verso define quem é “firme em sabedoria”. Evidência: Bhagavad Gita 2.55: texto sânscrito e traduções inglesas (Swami Sivananda, Swami Gambirananda), dados abertos do projeto gita/gita no GitHub."
Krishna;Os sábios não lamentam nem pelos vivos nem pelos mortos.;Bhagavad Gita, 2.11;"Fase 120 (10/10/2026, escrituras): tradução solta ou com acréscimos; substituída por tradução fiel do verso, com o original sânscrito. Evidência: Bhagavad Gita 2.11: texto sânscrito e traduções inglesas (Swami Sivananda, Swami Gambirananda), dados abertos do projeto gita/gita no GitHub."
Krishna;"Quem vê a inação na ação e a ação na inação é sábio entre os homens; é um iogue, que realiza toda ação.";Bhagavad Gita, 4.18;"Fase 120 (10/10/2026, escrituras): tradução solta ou com acréscimos; substituída por tradução fiel do verso, com o original sânscrito. Evidência: Bhagavad Gita 4.18: texto sânscrito e traduções inglesas (Swami Sivananda, Swami Gambirananda), dados abertos do projeto gita/gita no GitHub."
Krishna;Por isso, ó guerreiro de braços fortes, tem a sabedoria firme aquele cujos sentidos estão inteiramente retirados dos objetos dos sentidos.;Bhagavad Gita, 2.68;Fase 120 (10/10/2026, escrituras): a imagem “firme como uma montanha” não está no verso. Evidência: Bhagavad Gita 2.68: texto sânscrito e traduções inglesas (Swami Sivananda, Swami Gambirananda), dados abertos do projeto gita/gita no GitHub.
Upanishads;Quem vê todos os seres no Eu e o Eu em todos os seres não se afasta dele.;Isha Upanishad, 6;"Fase 120 (10/10/2026, escrituras): fonte genérica; localizado em Isha 6, agora com tradução fiel e o original. Evidência: Upanishads, tradução de Swami Paramananda (1919; Project Gutenberg #3283), para Isha; Isha Upanishad 6."
Rig Veda;"O ser é um só; os sábios o chamam por muitos nomes.";Rig Veda, 1.164.46;"Fase 120 (10/10/2026, escrituras): original acrescentado; tradução ajustada. Evidência: Rig Veda 1.164.46 (ekaṃ sad viprā bahudhā vadanti); texto canônico, sem edição integral acessível neste ambiente."
Alcorão;E não te conduzas com jactância na terra, porque jamais poderás fendê-la, nem te igualar, em altura, às montanhas.;Alcorão 17:37 · trad. Samir El Hayek;"Fase 120 (10/10/2026, escrituras): Redação solta ou paráfrase rotulada como El Hayek; substituída pelo texto exato do versículo numa tradução publicada. Evidência: texto do versículo na tradução de Samir El Hayek (texto digital Tanzil, via fawazahmed0/quran-api no GitHub); versículo 17:37."
Alcorão;E comei e bebei, e não vos entregueis a excessos. Por certo, Ele não ama os entregues a excessos.;Alcorão 7:31 · trad. Helmi Nasr;"Fase 120 (10/10/2026, escrituras): Redação solta ou paráfrase rotulada como El Hayek; substituída pelo texto exato do versículo numa tradução publicada. Evidência: texto do versículo na tradução de Helmi Nasr (Complexo Rei Fahd; texto digital QuranEnc, via fawazahmed0/quran-api no GitHub); versículo 7:31."
Alcorão;E quem confia em Allah, Ele lhe bastará.;Alcorão 65:3 · trad. Helmi Nasr;"Fase 120 (10/10/2026, escrituras): Redação solta ou paráfrase rotulada como El Hayek; substituída pelo texto exato do versículo numa tradução publicada. Evidência: texto do versículo na tradução de Helmi Nasr (Complexo Rei Fahd; texto digital QuranEnc, via fawazahmed0/quran-api no GitHub); versículo 65:3."
Alcorão;Por certo, com a dificuldade, há facilidade.;Alcorão 94:6 · trad. Helmi Nasr;"Fase 120 (10/10/2026, escrituras): Redação solta ou paráfrase rotulada como El Hayek; substituída pelo texto exato do versículo numa tradução publicada. Evidência: texto do versículo na tradução de Helmi Nasr (Complexo Rei Fahd; texto digital QuranEnc, via fawazahmed0/quran-api no GitHub); versículo 94:6."
Alcorão;E não mateis o ser humano, que Allah proibiu matar, exceto se com justa razão.;Alcorão 17:33 · trad. Helmi Nasr;"Fase 120 (10/10/2026, escrituras): Redação solta ou paráfrase rotulada como El Hayek; substituída pelo texto exato do versículo numa tradução publicada. Evidência: texto do versículo na tradução de Helmi Nasr (Complexo Rei Fahd; texto digital QuranEnc, via fawazahmed0/quran-api no GitHub); versículo 17:33."
Alcorão;Deus ordena a justiça, a caridade, o auxílio aos parentes, e veda a obscenidade, o ilícito e a iniqüidade.;Alcorão 16:90 · trad. Samir El Hayek;"Fase 120 (10/10/2026, escrituras): Redação solta ou paráfrase rotulada como El Hayek; substituída pelo texto exato do versículo numa tradução publicada. Evidência: texto do versículo na tradução de Samir El Hayek (texto digital Tanzil, via fawazahmed0/quran-api no GitHub); versículo 16:90."
Alcorão;Que será venturoso quem a purificar (a alma).;Alcorão 91:9 · trad. Samir El Hayek;"Fase 120 (10/10/2026, escrituras): Redação solta ou paráfrase rotulada como El Hayek; substituída pelo texto exato do versículo numa tradução publicada. Evidência: texto do versículo na tradução de Samir El Hayek (texto digital Tanzil, via fawazahmed0/quran-api no GitHub); versículo 91:9."
Shimon HaTzadik;O mundo se sustenta sobre três coisas: sobre a Torá, sobre o serviço [divino] e sobre as boas ações.;Pirkei Avot 1:2 · trad. Saymon Pires da Silva (Sefaria);"Fase 120 (10/10/2026, escrituras): redação solta; substituída pelo texto exato de uma tradução publicada. Evidência: Pirkei Avot na tradução de Saymon Pires da Silva (Sefaria, 5784), conferida com o hebraico (Sefaria) e com Charles Taylor (1897); 1:2."
Buda;"Por si mesmo se faz o mal, por si mesmo se é corrompido; por si mesmo se deixa de fazer o mal, por si mesmo se é purificado. Pureza e impureza dependem de cada um: ninguém pode purificar outro.";Dhammapada, verso 165;"Fase 120 (10/10/2026, escrituras): tradução solta ou com acréscimos; substituída por tradução fiel do verso, com o original páli. Evidência: Dhammapada, verso 165: texto páli (edição Mahāsaṅgīti, SuttaCentral bilara-data) e tradução de Bhikkhu Sujato (domínio público, CC0)."
Buda;“Todas as coisas condicionadas são sofrimento”: quando se vê isso com sabedoria, a pessoa se desencanta do sofrimento. Este é o caminho da purificação.;Dhammapada, verso 278;"Fase 120 (10/10/2026, escrituras): tradução solta ou com acréscimos; substituída por tradução fiel do verso, com o original páli. Evidência: Dhammapada, verso 278: texto páli (edição Mahāsaṅgīti, SuttaCentral bilara-data) e tradução de Bhikkhu Sujato (domínio público, CC0)."
Buda;"Vence a ira com a ausência de ira; vence o mal com o bem; vence a avareza com a generosidade, e o mentiroso com a verdade.";Dhammapada, verso 223;"Fase 120 (10/10/2026, escrituras): tradução solta ou com acréscimos; substituída por tradução fiel do verso, com o original páli. Evidência: Dhammapada, verso 223: texto páli (edição Mahāsaṅgīti, SuttaCentral bilara-data) e tradução de Bhikkhu Sujato (domínio público, CC0)."
Lao Tsé;Quem assiste o soberano segundo o Tao não usa as armas para dominar o mundo.;Tao Te Ching, 30;"Fase 120 (10/10/2026, escrituras): o texto anterior era generalização (“a melhor maneira de governar…”); substituído pela frase do cap. 30. Evidência: Tao Te Ching, cap. 30: sentido conferido na tradução de James Legge, The Tao Teh King (1891; Project Gutenberg #216); original chinês do texto recebido (Wang Bi)."
Lao Tsé;"O homem segue a terra; a terra segue o céu; o céu segue o Tao; o Tao segue aquilo que é natural.";Tao Te Ching, 25;"Fase 120 (10/10/2026, escrituras): original acrescentado; tradução conferida. Evidência: Tao Te Ching, cap. 25: sentido conferido na tradução de James Legge, The Tao Teh King (1891; Project Gutenberg #216); original chinês do texto recebido (Wang Bi)."
Lao Tsé;Quanto mais proibições há no mundo, mais pobre fica o povo.;Tao Te Ching, 57;"Fase 120 (10/10/2026, escrituras): tradução solta ou com acréscimos; substituída por tradução fiel do capítulo, com o original chinês. Evidência: Tao Te Ching, cap. 57: sentido conferido na tradução de James Legge, The Tao Teh King (1891; Project Gutenberg #216); original chinês do texto recebido (Wang Bi)."
Lao Tsé;Justamente porque não disputa, ninguém no mundo pode disputar com ele.;Tao Te Ching, 22;"Fase 120 (10/10/2026, escrituras): tradução solta ou com acréscimos; substituída por tradução fiel do capítulo, com o original chinês. Evidência: Tao Te Ching, cap. 22: sentido conferido na tradução de James Legge, The Tao Teh King (1891; Project Gutenberg #216); original chinês do texto recebido (Wang Bi)."
Krishna;"Melhor que a prática é o conhecimento; superior ao conhecimento é a meditação; superior à meditação, a renúncia aos frutos da ação: da renúncia vem logo a paz.";Bhagavad Gita, 12.12;Fase 120 (10/10/2026, escrituras): a tradução anterior invertia a ordem (“conhecimento superior à ação”) e omitia que a renúncia é superior à meditação. Evidência: Bhagavad Gita 12.12: texto sânscrito e traduções inglesas (Swami Sivananda, Swami Gambirananda), dados abertos do projeto gita/gita no GitHub.
Krishna;Alcança a paz quem, abandonando todos os desejos, vive sem anseios, sem sentimento de posse e sem egoísmo.;Bhagavad Gita, 2.71;"Fase 120 (10/10/2026, escrituras): tradução solta ou com acréscimos; substituída por tradução fiel do verso, com o original sânscrito. Evidência: Bhagavad Gita 2.71: texto sânscrito e traduções inglesas (Swami Sivananda, Swami Gambirananda), dados abertos do projeto gita/gita no GitHub."
Krishna;"Quem pensa nos objetos dos sentidos se apega a eles; do apego nasce o desejo; do desejo, a ira; da ira, a ilusão; da ilusão, a perda da memória; da perda da memória, a ruína do discernimento; e, arruinado o discernimento, a pessoa se perde.";Bhagavad Gita, 2.62–63;Fase 120 (10/10/2026, escrituras): a tradução anterior invertia o início (apego e desejo) e cortava a sequência. Evidência: Bhagavad Gita 2.62–63: texto sânscrito e traduções inglesas (Swami Sivananda, Swami Gambirananda), dados abertos do projeto gita/gita no GitHub.
Alcorão;Ele jamais mudará as condições que concedeu a um povo, a menos que este mude o que tem em seu íntimo.;Alcorão 13:11 · trad. Samir El Hayek;"Fase 120 (10/10/2026, escrituras): Redação solta ou paráfrase rotulada como El Hayek; substituída pelo texto exato do versículo numa tradução publicada. Evidência: texto do versículo na tradução de Samir El Hayek (texto digital Tanzil, via fawazahmed0/quran-api no GitHub); versículo 13:11. Observação: no texto digital (Tanzil), palavras unidas por quebra de linha foram separadas."
Alcorão;"A bondade não está em voltardes as faces para o Levante e para o Poente; mas a bondade é a de quem crê em Allah e no Derradeiro Dia e nos anjos e no Livro e nos profetas.";Alcorão 2:177 · trad. Helmi Nasr;"Fase 120 (10/10/2026, escrituras): Redação solta ou paráfrase rotulada como El Hayek; substituída pelo texto exato do versículo numa tradução publicada. Evidência: texto do versículo na tradução de Helmi Nasr (Complexo Rei Fahd; texto digital QuranEnc, via fawazahmed0/quran-api no GitHub); versículo 2:177."
Alcorão;"Que fazem caridade, tanto na prosperidade, como na adversidade; que reprimem a cólera; que indultam o próximo. Sabei que Deus aprecia os benfeitores.";Alcorão 3:134 · trad. Samir El Hayek;"Fase 120 (10/10/2026, escrituras): Redação solta ou paráfrase rotulada como El Hayek; substituída pelo texto exato do versículo numa tradução publicada. Evidência: texto do versículo na tradução de Samir El Hayek (texto digital Tanzil, via fawazahmed0/quran-api no GitHub); versículo 3:134."
Alcorão;E o bom e o mau não se igualam. Revida o mal com o que é melhor.;Alcorão 41:34 · trad. Helmi Nasr;"Fase 120 (10/10/2026, escrituras): Redação solta ou paráfrase rotulada como El Hayek; substituída pelo texto exato do versículo numa tradução publicada. Evidência: texto do versículo na tradução de Helmi Nasr (Complexo Rei Fahd; texto digital QuranEnc, via fawazahmed0/quran-api no GitHub); versículo 41:34."
Alcorão;Ó homens! Por certo, Nós vos criamos de um varão e de uma varoa, e vos fizemos como nações e tribos, para que vos conheçais uns aos outros.;Alcorão 49:13 · trad. Helmi Nasr;"Fase 120 (10/10/2026, escrituras): Redação solta ou paráfrase rotulada como El Hayek; substituída pelo texto exato do versículo numa tradução publicada. Evidência: texto do versículo na tradução de Helmi Nasr (Complexo Rei Fahd; texto digital QuranEnc, via fawazahmed0/quran-api no GitHub); versículo 49:13."
Alcorão;E Nós estamos mais Próximos dele que a veia jugular.;Alcorão 50:16 · trad. Helmi Nasr;"Fase 120 (10/10/2026, escrituras): Redação solta ou paráfrase rotulada como El Hayek; substituída pelo texto exato do versículo numa tradução publicada. Evidência: texto do versículo na tradução de Helmi Nasr (Complexo Rei Fahd; texto digital QuranEnc, via fawazahmed0/quran-api no GitHub); versículo 50:16."
Alcorão;A quem praticar o bem, seja homem ou mulher, e for fiel, concederemos uma vida agradável.;Alcorão 16:97 · trad. Samir El Hayek;"Fase 120 (10/10/2026, escrituras): Redação solta ou paráfrase rotulada como El Hayek; substituída pelo texto exato do versículo numa tradução publicada. Evidência: texto do versículo na tradução de Samir El Hayek (texto digital Tanzil, via fawazahmed0/quran-api no GitHub); versículo 16:97."
Alcorão;E não voltes, com desdém, teu rosto aos homens, e não andes, com jactância, pela terra. Por certo, Allah não ama a nenhum presunçoso, vanglorioso.;Alcorão 31:18 · trad. Helmi Nasr;"Fase 120 (10/10/2026, escrituras): Redação solta ou paráfrase rotulada como El Hayek; substituída pelo texto exato do versículo numa tradução publicada. Evidência: texto do versículo na tradução de Helmi Nasr (Complexo Rei Fahd; texto digital QuranEnc, via fawazahmed0/quran-api no GitHub); versículo 31:18."
Ben Zoma;Quem é honrado? Aquele que honra todas as criaturas.;Pirkei Avot 4:1 · trad. Saymon Pires da Silva (Sefaria);"Fase 120 (10/10/2026, escrituras): redação solta. Evidência: Pirkei Avot na tradução de Saymon Pires da Silva (Sefaria, 5784), conferida com o hebraico (Sefaria) e com Charles Taylor (1897); 4:1."
Ben Azzai;Não menosprezes ninguém, e não sejas arrogante em relação a coisa alguma, pois não há ser humano que não tenha a sua hora, e não há coisa alguma que não tenha o seu lugar.;Pirkei Avot 4:3 · trad. Saymon Pires da Silva (Sefaria);"Fase 120 (10/10/2026, escrituras): atribuição errada (não é de Hillel) e redação solta. Evidência: Pirkei Avot na tradução de Saymon Pires da Silva (Sefaria, 5784), conferida com o hebraico (Sefaria) e com Charles Taylor (1897); 4:3 (o dito é de Ben Azzai, autor de 4:2; “Ele costumava dizer” remete a ele)."
Buda;"Vós mesmos deveis fazer o esforço; os Budas apenas indicam o caminho.";Dhammapada, verso 276;"Fase 120 (10/10/2026, escrituras): tradução solta ou com acréscimos; substituída por tradução fiel do verso, com o original páli. Evidência: Dhammapada, verso 276: texto páli (edição Mahāsaṅgīti, SuttaCentral bilara-data) e tradução de Bhikkhu Sujato (domínio público, CC0)."
Buda;"A vitória gera inimizade; o derrotado dorme em sofrimento. Quem está em paz dorme feliz, tendo deixado para trás a vitória e a derrota.";Dhammapada, verso 201;"Fase 120 (10/10/2026, escrituras): tradução solta ou com acréscimos; substituída por tradução fiel do verso, com o original páli. Evidência: Dhammapada, verso 201: texto páli (edição Mahāsaṅgīti, SuttaCentral bilara-data) e tradução de Bhikkhu Sujato (domínio público, CC0)."
Krishna;"Ele não nasce nem morre jamais; não veio a ser nem deixará de ser. Não nascido, eterno, perene, antigo, não é morto quando o corpo é morto.";Bhagavad Gita, 2.20;"Fase 120 (10/10/2026, escrituras): tradução solta ou com acréscimos; substituída por tradução fiel do verso, com o original sânscrito. Evidência: Bhagavad Gita 2.20: texto sânscrito e traduções inglesas (Swami Sivananda, Swami Gambirananda), dados abertos do projeto gita/gita no GitHub."
Krishna;Assim como o homem deixa as roupas gastas e veste outras novas, assim o ser encarnado deixa os corpos gastos e entra em outros novos.;Bhagavad Gita, 2.22;"Fase 120 (10/10/2026, escrituras): tradução solta ou com acréscimos; substituída por tradução fiel do verso, com o original sânscrito. Evidência: Bhagavad Gita 2.22: texto sânscrito e traduções inglesas (Swami Sivananda, Swami Gambirananda), dados abertos do projeto gita/gita no GitHub."
Krishna;"Tendo dominado todos os sentidos, que se sente disciplinado, voltado para Mim; pois tem a sabedoria firme aquele cujos sentidos estão sob controle.";Bhagavad Gita, 2.61;"Fase 120 (10/10/2026, escrituras): tradução solta ou com acréscimos; substituída por tradução fiel do verso, com o original sânscrito. Evidência: Bhagavad Gita 2.61: texto sânscrito e traduções inglesas (Swami Sivananda, Swami Gambirananda), dados abertos do projeto gita/gita no GitHub."
Lao Tsé;Por isso o sábio se ocupa das coisas sem agir e ensina sem palavras.;Tao Te Ching, 2;"Fase 120 (10/10/2026, escrituras): tradução solta ou com acréscimos; substituída por tradução fiel do capítulo, com o original chinês. Evidência: Tao Te Ching, cap. 2: sentido conferido na tradução de James Legge, The Tao Teh King (1891; Project Gutenberg #216); original chinês do texto recebido (Wang Bi)."
Lao Tsé;"Quem muito ama muito gasta; quem muito acumula muito perde.";Tao Te Ching, 44;"Fase 120 (10/10/2026, escrituras): o texto anterior era resumo (“o excesso causa perda; a moderação preserva”); substituído pela frase do cap. 44. Evidência: Tao Te Ching, cap. 44: sentido conferido na tradução de James Legge, The Tao Teh King (1891; Project Gutenberg #216); original chinês do texto recebido (Wang Bi)."
Lao Tsé;"Por isso o duro e o forte são companheiros da morte; o macio e o fraco, companheiros da vida.";Tao Te Ching, 76;"Fase 120 (10/10/2026, escrituras): tradução solta ou com acréscimos; substituída por tradução fiel do capítulo, com o original chinês. Evidência: Tao Te Ching, cap. 76: sentido conferido na tradução de James Legge, The Tao Teh King (1891; Project Gutenberg #216); original chinês do texto recebido (Wang Bi)."
Alcorão;Ó fiéis, amparai-vos na perseverança e na oração, porque Deus está com os perseverantes.;Alcorão 2:153 · trad. Samir El Hayek;"Fase 120 (10/10/2026, escrituras): Redação solta ou paráfrase rotulada como El Hayek; substituída pelo texto exato do versículo numa tradução publicada. Evidência: texto do versículo na tradução de Samir El Hayek (texto digital Tanzil, via fawazahmed0/quran-api no GitHub); versículo 2:153."
Alcorão;Quem tiver feito o bem, quer seja do peso de um átomo, vê-lo-á. Quem tiver feito o mal, quer seja do peso de um átomo, vê-lo-á.;Alcorão 99:7–8 · trad. Samir El Hayek;"Fase 120 (10/10/2026, escrituras): redação solta; substituída pelo texto exato dos dois versículos (99:7–8), que formam uma só sentença. Evidência: texto do versículo na tradução de Samir El Hayek (texto digital Tanzil, via fawazahmed0/quran-api no GitHub); versículos 99:7–8."
Alcorão;Todavia, a cegueira não é a dos olhos, mas a dos corações, que estão em seus peitos.;Alcorão 22:46 · trad. Samir El Hayek;"Fase 120 (10/10/2026, escrituras): Redação solta ou paráfrase rotulada como El Hayek; substituída pelo texto exato do versículo numa tradução publicada. Evidência: texto do versículo na tradução de Samir El Hayek (texto digital Tanzil, via fawazahmed0/quran-api no GitHub); versículo 22:46."
Alcorão;E os servos do Clemente são aqueles que andam pacificamente pela terra.;Alcorão 25:63 · trad. Samir El Hayek;"Fase 120 (10/10/2026, escrituras): Redação solta ou paráfrase rotulada como El Hayek; substituída pelo texto exato do versículo numa tradução publicada. Evidência: texto do versículo na tradução de Samir El Hayek (texto digital Tanzil, via fawazahmed0/quran-api no GitHub); versículo 25:63."
Alcorão;E bem-fazei. Por certo, Allah ama os benfeitores.;Alcorão 2:195 · trad. Helmi Nasr;"Fase 120 (10/10/2026, escrituras): Redação solta ou paráfrase rotulada como El Hayek; substituída pelo texto exato do versículo numa tradução publicada. Evidência: texto do versículo na tradução de Helmi Nasr (Complexo Rei Fahd; texto digital QuranEnc, via fawazahmed0/quran-api no GitHub); versículo 2:195."
Alcorão;E Minha misericórdia abrange todas as cousas.;Alcorão 7:156 · trad. Helmi Nasr;"Fase 120 (10/10/2026, escrituras): Redação solta ou paráfrase rotulada como El Hayek; substituída pelo texto exato do versículo numa tradução publicada. Evidência: texto do versículo na tradução de Helmi Nasr (Complexo Rei Fahd; texto digital QuranEnc, via fawazahmed0/quran-api no GitHub); versículo 7:156."
Buda;Ainda que alguém vença em batalha mil vezes mil homens, quem vence a si mesmo é o maior dos vencedores.;Dhammapada, verso 103;"Fase 120 (10/10/2026, escrituras): tradução solta ou com acréscimos; substituída por tradução fiel do verso, com o original páli. Evidência: Dhammapada, verso 103: texto páli (edição Mahāsaṅgīti, SuttaCentral bilara-data) e tradução de Bhikkhu Sujato (domínio público, CC0)."
Upanishads;Para quem percebe que todos os seres são o próprio Eu, que ilusão ou que dor pode haver, quando vê essa unidade?;Isha Upanishad, 7;"Fase 120 (10/10/2026, escrituras): fonte genérica e frase resumida; corresponde a Isha 7, agora com tradução fiel e o original. Evidência: Upanishads, tradução de Swami Paramananda (1919; Project Gutenberg #3283), para Isha; Isha Upanishad 7."
Lao Tsé;"Tenho três tesouros que guardo e preservo: o primeiro é a compaixão; o segundo, a frugalidade; o terceiro, não ousar ser o primeiro no mundo.";Tao Te Ching, 67;"Fase 120 (10/10/2026, escrituras): os “três tesouros” estavam errados (simplicidade, paciência e compaixão); no livro são compaixão, frugalidade e não ousar ser o primeiro. Evidência: Tao Te Ching, cap. 67: sentido conferido na tradução de James Legge, The Tao Teh King (1891; Project Gutenberg #216); original chinês do texto recebido (Wang Bi)."
Buda;Não há fogo como a paixão, nem garra como o ódio, nem rede como a ilusão, nem rio como o desejo.;Dhammapada, verso 251;"Fase 120 (10/10/2026, escrituras): tradução solta ou com acréscimos; substituída por tradução fiel do verso, com o original páli. Evidência: Dhammapada, verso 251: texto páli (edição Mahāsaṅgīti, SuttaCentral bilara-data) e tradução de Bhikkhu Sujato (domínio público, CC0)."
Buda;"Como a terra, ele não se irrita; firme como o pilar de Indra, fiel aos votos; límpido como um lago sem lama: para alguém assim não há mais renascimentos.";Dhammapada, verso 95;"Fase 120 (10/10/2026, escrituras): o texto anterior era interpretação (“o sábio suporta insultos e dificuldades”); substituído por tradução fiel do verso. Evidência: Dhammapada, verso 95: texto páli (edição Mahāsaṅgīti, SuttaCentral bilara-data) e tradução de Bhikkhu Sujato (domínio público, CC0)."
Krishna;Quem vê o Senhor Supremo presente igualmente em todos os seres, o imperecível no que perece, esse vê de verdade.;Bhagavad Gita, 13.28;"Fase 120 (10/10/2026, escrituras): tradução solta ou com acréscimos; substituída por tradução fiel do verso, com o original sânscrito. Evidência: Bhagavad Gita 13.28: texto sânscrito e traduções inglesas (Swami Sivananda, Swami Gambirananda), dados abertos do projeto gita/gita no GitHub."
Krishna;"Na serenidade cessam todos os sofrimentos; pois a inteligência de quem tem a mente serena logo se firma.";Bhagavad Gita, 2.65;"Fase 120 (10/10/2026, escrituras): tradução solta ou com acréscimos; substituída por tradução fiel do verso, com o original sânscrito. Evidência: Bhagavad Gita 2.65: texto sânscrito e traduções inglesas (Swami Sivananda, Swami Gambirananda), dados abertos do projeto gita/gita no GitHub."
Krishna;Não se alegre ao obter o agradável nem se aflija ao obter o desagradável: firme na inteligência, sem ilusão, quem conhece Brahman está estabelecido em Brahman.;Bhagavad Gita, 5.20;"Fase 120 (10/10/2026, escrituras): frase sem referência; corresponde à Gita 5.20, agora com tradução fiel e o original. Evidência: Bhagavad Gita 5.20: texto sânscrito e traduções inglesas (Swami Sivananda, Swami Gambirananda), dados abertos do projeto gita/gita no GitHub."
Lao Tsé;O bem supremo é como a água: a água beneficia todas as coisas e não disputa.;Tao Te Ching, 8;"Fase 120 (10/10/2026, escrituras): “o melhor homem” não está no texto (é “o bem supremo”). Evidência: Tao Te Ching, cap. 8: sentido conferido na tradução de James Legge, The Tao Teh King (1891; Project Gutenberg #216); original chinês do texto recebido (Wang Bi)."
Lao Tsé;Quem sabe contentar-se é rico.;Tao Te Ching, 33;"Fase 120 (10/10/2026, escrituras): localização ajustada (cap. 33) e original acrescentado. Evidência: Tao Te Ching, cap. 33: sentido conferido na tradução de James Legge, The Tao Teh King (1891; Project Gutenberg #216); original chinês do texto recebido (Wang Bi)."
Alcorão;Amparai-vos na perseverança e na oração. Sabei que ela (a oração) é carga pesada, salvo para os humildes.;Alcorão 2:45 · trad. Samir El Hayek;"Fase 120 (10/10/2026, escrituras): Redação solta ou paráfrase rotulada como El Hayek; substituída pelo texto exato do versículo numa tradução publicada. Evidência: texto do versículo na tradução de Samir El Hayek (texto digital Tanzil, via fawazahmed0/quran-api no GitHub); versículo 2:45."
Alcorão;A retribuição à bondade não é, acaso, a própria bondade?;Alcorão 55:60 · trad. Samir El Hayek;"Fase 120 (10/10/2026, escrituras): Redação solta ou paráfrase rotulada como El Hayek; substituída pelo texto exato do versículo numa tradução publicada. Evidência: texto do versículo na tradução de Samir El Hayek (texto digital Tanzil, via fawazahmed0/quran-api no GitHub); versículo 55:60."
Buda;Se alguém fala ou age com a mente pura, a felicidade o segue como a sombra que nunca o deixa.;Dhammapada, verso 2;"Fase 120 (10/10/2026, escrituras): tradução solta ou com acréscimos; substituída por tradução fiel do verso, com o original páli. Evidência: Dhammapada, verso 2: texto páli (edição Mahāsaṅgīti, SuttaCentral bilara-data) e tradução de Bhikkhu Sujato (domínio público, CC0). Observação: a primeira metade do verso 2 repete a do verso 1, registrada em outra entrada."
Buda;"Da meditação nasce a sabedoria; sem meditação, a sabedoria se perde.";Dhammapada, verso 282;"Fase 120 (10/10/2026, escrituras): tradução solta ou com acréscimos; substituída por tradução fiel do verso, com o original páli. Evidência: Dhammapada, verso 282: texto páli (edição Mahāsaṅgīti, SuttaCentral bilara-data) e tradução de Bhikkhu Sujato (domínio público, CC0)."
Krishna;"Neste caminho nenhum esforço se perde e não há efeito contrário; mesmo um pouco deste dharma protege do grande medo.";Bhagavad Gita, 2.40;"Fase 120 (10/10/2026, escrituras): tradução solta ou com acréscimos; substituída por tradução fiel do verso, com o original sânscrito. Evidência: Bhagavad Gita 2.40: texto sânscrito e traduções inglesas (Swami Sivananda, Swami Gambirananda), dados abertos do projeto gita/gita no GitHub."
Krishna;Cada homem, dedicado ao seu próprio dever, alcança a perfeição.;Bhagavad Gita, 18.45;"Fase 120 (10/10/2026, escrituras): tradução solta ou com acréscimos; substituída por tradução fiel do verso, com o original sânscrito. Evidência: Bhagavad Gita 18.45: texto sânscrito e traduções inglesas (Swami Sivananda, Swami Gambirananda), dados abertos do projeto gita/gita no GitHub."
Upanishads;Este Eu se alcança pela verdade, pela disciplina, pelo conhecimento correto e pela castidade constante.;Mundaka Upanishad, 3.1.5;"Fase 120 (10/10/2026, escrituras): frase resumida sem fonte; corresponde a Mundaka 3.1.5, agora com tradução fiel e o original. Evidência: Muṇḍaka Upanishad 3.1.5."
Lao Tsé;"Quem sabe não fala; quem fala não sabe.";Tao Te Ching, 56;"Fase 120 (10/10/2026, escrituras): o texto anterior acrescentava “talvez” e “o Tao”, ausentes do original. Evidência: Tao Te Ching, cap. 56: sentido conferido na tradução de James Legge, The Tao Teh King (1891; Project Gutenberg #216); original chinês do texto recebido (Wang Bi)."
Hillel;"O que é odioso para ti, não faças ao teu próximo: esta é toda a Torá; o resto é comentário. Vai e estuda.";Talmude Babilônico, Shabbat 31a;"Fase 120 (10/10/2026, escrituras): redação solta; agora tradução fiel do aramaico, com a fonte exata. Evidência: Talmude Babilônico, Shabbat 31a (texto aramaico da Edição William Davidson, Sefaria; tradução inglesa da mesma edição)."
Alcorão;Deus não impõe a nenhuma alma uma carga superior às suas forças.;Alcorão 2:286 · trad. Samir El Hayek;"Fase 120 (10/10/2026, escrituras): Redação solta ou paráfrase rotulada como El Hayek; substituída pelo texto exato do versículo numa tradução publicada. Evidência: texto do versículo na tradução de Samir El Hayek (texto digital Tanzil, via fawazahmed0/quran-api no GitHub); versículo 2:286."
Alcorão;Que são fiéis e cujos corações sossegam com a recordação de Deus. Não é, acaso, certo, que à recordação de Deus sossegam os corações?;Alcorão 13:28 · trad. Samir El Hayek;"Fase 120 (10/10/2026, escrituras): Redação solta ou paráfrase rotulada como El Hayek; substituída pelo texto exato do versículo numa tradução publicada. Evidência: texto do versículo na tradução de Samir El Hayek (texto digital Tanzil, via fawazahmed0/quran-api no GitHub); versículo 13:28. Observação: no texto digital (Tanzil), palavras unidas por quebra de linha foram separadas."
Alcorão;E quem a indulta e se emenda, seu prêmio impenderá a Allah.;Alcorão 42:40 · trad. Helmi Nasr;"Fase 120 (10/10/2026, escrituras): Redação solta ou paráfrase rotulada como El Hayek; substituída pelo texto exato do versículo numa tradução publicada. Evidência: texto do versículo na tradução de Helmi Nasr (Complexo Rei Fahd; texto digital QuranEnc, via fawazahmed0/quran-api no GitHub); versículo 42:40."
Alcorão;Ó Meus servos, que vos excedestes em vosso próprio prejuízo, não vos desespereis da misericórdia de Allah. Por certo, Allah perdoa todos os delitos.;Alcorão 39:53 · trad. Helmi Nasr;"Fase 120 (10/10/2026, escrituras): Redação solta ou paráfrase rotulada como El Hayek; substituída pelo texto exato do versículo numa tradução publicada. Evidência: texto do versículo na tradução de Helmi Nasr (Complexo Rei Fahd; texto digital QuranEnc, via fawazahmed0/quran-api no GitHub); versículo 39:53."
Alcorão;Aqueles que tiverem praticado o bem, obterão algo melhor do que isso.;Alcorão 28:84 · trad. Samir El Hayek;"Fase 120 (10/10/2026, escrituras): Redação solta ou paráfrase rotulada como El Hayek; substituída pelo texto exato do versículo numa tradução publicada. Evidência: texto do versículo na tradução de Samir El Hayek (texto digital Tanzil, via fawazahmed0/quran-api no GitHub); versículo 28:84."
Profeta Muhammad;"A riqueza não está em ter muitos bens; a verdadeira riqueza é a riqueza da alma.";Sahih al-Bukhari 6446;"Fase 120 (10/10/2026, escrituras): fonte genérica (“Hadith”); localizado em Bukhari 6446. Evidência: Sahih al-Bukhari 6446: texto da coleção (edições inglesa e árabe abertas, fawazahmed0/hadith-api no GitHub), com a classificação de autenticidade registrada na edição."
Profeta Muhammad;A misericórdia só é retirada do desgraçado.;Sunan Abu Dawud 4942;"Fase 120 (10/10/2026, escrituras): a tradução anterior (“exceto daquele que não tem misericórdia”) não corresponde ao texto, que diz “do desgraçado” (shaqiyy); também em Tirmidhi 1923. Evidência: Sunan Abu Dawud 4942: texto da coleção (edições inglesa e árabe abertas, fawazahmed0/hadith-api no GitHub), com a classificação de autenticidade registrada na edição. Observação: classificação na edição: hasan."
Profeta Muhammad;Quem não agradece às pessoas não agradece a Deus.;Sunan Abu Dawud 4811;"Fase 120 (10/10/2026, escrituras): fonte genérica (“Hadith”); localizado em Abu Dawud 4811. Evidência: Sunan Abu Dawud 4811: texto da coleção (edições inglesa e árabe abertas, fawazahmed0/hadith-api no GitHub), com a classificação de autenticidade registrada na edição. Observação: classificação na edição: sahih."
Profeta Muhammad;Deus é belo e ama a beleza.;Sahih Muslim 91;"Fase 120 (10/10/2026, escrituras): fonte genérica (“Hadith”); localizado em Muslim 91 (n.º 265 na numeração contínua da edição árabe). Evidência: Sahih Muslim 91: texto da coleção (edições inglesa e árabe abertas, fawazahmed0/hadith-api no GitHub), com a classificação de autenticidade registrada na edição."
Mishná;O Santo, bendito seja, não encontrou recipiente que contivesse a bênção para Israel senão a paz.;Mishná, Uktzin 3:12;"Fase 120 (10/10/2026, escrituras): fonte genérica (“tradição judaica”); agora tradução fiel do hebraico, com a localização. Evidência: Mishná, Uktzin 3:12 (hebraico, Sefaria; tradução inglesa Mishnah Yomit/merged)."
Krishna;"Para quem venceu a si mesmo, o eu é amigo de si mesmo; mas, para quem não se venceu, o próprio eu age como inimigo.";Bhagavad Gita, 6.6;"Fase 120 (10/10/2026, escrituras): tradução solta ou com acréscimos; substituída por tradução fiel do verso, com o original sânscrito. Evidência: Bhagavad Gita 6.6: texto sânscrito e traduções inglesas (Swami Sivananda, Swami Gambirananda), dados abertos do projeto gita/gita no GitHub."
Krishna;Assim como o fogo aceso reduz a lenha a cinzas, ó Arjuna, o fogo do conhecimento reduz a cinzas todas as ações.;Bhagavad Gita, 4.37;Fase 120 (10/10/2026, escrituras): o verso fala de “todas as ações”, não de “ações impuras”. Evidência: Bhagavad Gita 4.37: texto sânscrito e traduções inglesas (Swami Sivananda, Swami Gambirananda), dados abertos do projeto gita/gita no GitHub.
Krishna;"Quem tem fé, dedicado a ele e com os sentidos dominados, alcança o conhecimento; e, alcançado o conhecimento, chega logo à paz suprema.";Bhagavad Gita, 4.39;"Fase 120 (10/10/2026, escrituras): tradução solta ou com acréscimos; substituída por tradução fiel do verso, com o original sânscrito. Evidência: Bhagavad Gita 4.39: texto sânscrito e traduções inglesas (Swami Sivananda, Swami Gambirananda), dados abertos do projeto gita/gita no GitHub."
Krishna;"Aquele cujo eu não se apega aos contatos externos encontra no Eu a felicidade; unido a Brahman pelo yoga, desfruta de uma felicidade imperecível.";Bhagavad Gita, 5.21;"Fase 120 (10/10/2026, escrituras): tradução solta ou com acréscimos; substituída por tradução fiel do verso, com o original sânscrito. Evidência: Bhagavad Gita 5.21: texto sânscrito e traduções inglesas (Swami Sivananda, Swami Gambirananda), dados abertos do projeto gita/gita no GitHub."
Upanishads;"Só a verdade vence, não a mentira; pela verdade se estende o caminho divino.";Mundaka Upanishad, 3.1.6;"Fase 120 (10/10/2026, escrituras): frase resumida sem fonte; corresponde a Mundaka 3.1.6, agora com tradução fiel e o original. Evidência: Muṇḍaka Upanishad 3.1.6; a primeira parte (satyam eva jayate) é o lema nacional da Índia."
Lao Tsé;"Quem sabe contentar-se não sofre desonra; quem sabe parar não corre perigo; assim pode durar muito.";Tao Te Ching, 44;"Fase 120 (10/10/2026, escrituras): tradução solta ou com acréscimos; substituída por tradução fiel do capítulo, com o original chinês. Evidência: Tao Te Ching, cap. 44: sentido conferido na tradução de James Legge, The Tao Teh King (1891; Project Gutenberg #216); original chinês do texto recebido (Wang Bi)."
Kahlil Gibran;A fé é um oásis no coração que nunca será alcançado pela caravana do pensamento.;Areia e Espuma (1926);Fase 121 (10/10/2026): texto conferido na obra — Texto integral de Sand and Foam (1926), escrito em inglês por Gibran (edição Monadnock Valley Press, GitHub MonadnockValleyPress/monadnock).
Kahlil Gibran;Confia nos sonhos, pois neles está escondida a porta para a eternidade.;"O Profeta (1923), ""Da Morte""";"Fase 121 (10/10/2026, correção): Obra errada: a frase é de O Profeta, capítulo ""Da Morte"", não de Areia e Espuma; o português já é fiel. Evidência: Texto integral de The Prophet (1923), capítulo ""On Death"" (edição Monadnock Valley Press, GitHub MonadnockValleyPress/monadnock); a frase não está em Sand and Foam."
Kahlil Gibran;A vida e a morte são uma só coisa, como o rio e o mar.;"O Profeta (1923), ""Da Morte""";"Fase 121 (10/10/2026, correção): Obra errada: a frase é de O Profeta, capítulo ""Da Morte"", não de Areia e Espuma; o português já é fiel. Evidência: Texto integral de The Prophet (1923), capítulo ""On Death"" (edição Monadnock Valley Press, GitHub MonadnockValleyPress/monadnock); a frase não está em Sand and Foam."
Philip Kotler;Marketing é o processo pelo qual as empresas criam valor para os clientes e constroem relacionamentos fortes com eles para, em troca, capturar valor dos clientes.;Princípios de Marketing (Kotler e Armstrong), capítulo 1;Fase 121 (10/10/2026, correção): A frase do catálogo vem desta definição (mesmas palavras-chave: 'criar valor para os clientes' e 'capturar valor em retorno'), mas cortava o trecho central sobre relacionamentos, acrescentava 'devem' e 'parte desse valor', e a obra é Princípios de Marketing, não Administração de Marketing. Tradução e fonte corrigidas. Evidência: Definição de marketing do capítulo 1 de Principles of Marketing (Kotler e Armstrong), reproduzida nos slides do capítulo 1 da 17ª edição ('Creating Customer Value and Engagement', Scribd) e em resumos do livro (GoConqr, SlideShare da 15ª edição).
Sam Walton;Grandes expectativas são a chave para tudo.;Sam Walton: Made in America (1992);Fase 121 (10/10/2026): texto conferido na obra — Citações da obra no Goodreads (página de citações de Sam Walton, sob Made in America) e resumo do livro no BeFreed, que lista a frase entre as citações de Made in America. Observação: Evidência no limite do padrão 4: não localizei a página nem o capítulo, e o texto do livro não estava acessível.
Sam Walton;O segredo do varejo bem-sucedido é dar aos seus clientes o que eles querem.;Sam Walton: Made in America (1992);"Fase 121 (10/10/2026, correção): O português omitia ""bem-sucedido"" (""successful retailing""); tradução completada. Evidência: Destaques de leitores de Made in America no Goodreads e citações da obra no Goodreads, somados a resumos detalhados do livro (newsletter Book Summary ""Made in America"", biographynuts.substack.com) com a mesma redação."
Sam Walton;Controle seus custos melhor do que seus concorrentes. É aí que você sempre encontrará vantagem competitiva.;Sam Walton: Made in America (1992), regra 9 das dez regras para construir um negócio;"Fase 121 (10/10/2026): texto conferido na obra — Página oficial do Walmart ""10 rules for building a better business"" (corporate.walmart.com), regra 9, e destaques de leitores de Made in America no Goodreads."
Eric Ries;A capacidade de aprender mais rápido com os clientes é a vantagem competitiva essencial que as startups precisam ter.;A Startup Enxuta (2011), capítulo 9;"Fase 121 (10/10/2026, correção): A frase antiga vinha desta passagem (mesmos elementos: vantagem das startups e capacidade de aprender mais rápido), mas era uma versão solta e omitia ""com os clientes""; substituída pela tradução fiel. Evidência: Texto integral de The Lean Startup (2011; edição Currency/Crown com prefácio de 2014, epub no GitHub yuanzhixiang/epub-reader.org), capítulo 9 (""Batch""), fim da seção ""Small Batches in Entrepreneurship""."
Nicolau Maquiavel;A natureza dos homens é contrair obrigações tanto pelo benefício que fazem quanto pelo que recebem.;O Príncipe, X;"Fase 121 (10/10/2026): texto conferido na obra — Texto italiano de Il Principe, capítulo X, fim (repositório GitHub mbykov/diglossa.data, Il_Principe/Capitolo_10); tradução de Marriott (Project Gutenberg #1232): ""it is the nature of men to be bound by the benefits they confer as much as by those they receive""."
Robert Cialdini;Em geral, preferimos dizer sim aos pedidos de alguém que conhecemos e de quem gostamos.;As Armas da Persuasão (1984), capítulo 5;"Fase 121 (10/10/2026, correção): A frase do catálogo vem desta passagem (""dizer sim"" a quem ""gostamos""), mas omitia ""em geral"", ""preferimos"" e ""conhecemos"". Tradução ajustada. Evidência: Influence: The Psychology of Persuasion, capítulo 5 (Liking: The Friendly Thief): ""Few people would be surprised to learn that, as a rule, we most prefer to say yes to the requests of someone we know and like."" Conferido no blog de curso da Baylor (cita capítulo 5, p. 167), Shortform e guia de estudo no Scribd."
Gustave Le Bon;O indivíduo em multidão adquire, pelo simples fato da quantidade, um sentimento de poder invencível.;Psicologia das Multidões (1895), livro I, capítulo I;"Fase 121 (10/10/2026): texto conferido na obra — Texto integral de Psychologie des foules (Project Gutenberg #24007, texto francês), livro I, capítulo I: ""La première est que l'individu en foule acquiert, par le fait seul du nombre, un sentiment de puissance invincible qui lui permet de céder à des instincts que, seul, il eût forcément refrénés."""
Gustave Le Bon;As multidões nunca tiveram sede de verdades. Diante das evidências que lhes desagradam, desviam-se, preferindo divinizar o erro, se o erro as seduz.;Psicologia das Multidões (1895), livro II, capítulo II;"Fase 121 (10/10/2026, correção): A segunda metade (""preferem ilusões que satisfaçam seus desejos"") não traduzia o original, que fala em desviar-se das evidências desagradáveis e divinizar o erro sedutor; tradução refeita. Evidência: Texto integral de Psychologie des foules (Project Gutenberg #24007, texto francês), livro II, capítulo II, § 2 (""Les illusions"")."
Gustave Le Bon;A multidão é sempre intelectualmente inferior ao indivíduo isolado.;Psicologia das Multidões (1895), livro I, capítulo I;"Fase 121 (10/10/2026): texto conferido na obra — Texto integral de Psychologie des foules (Project Gutenberg #24007, texto francês), livro I, capítulo I: ""Concluons de ce qui précède, que la foule est toujours intellectuellement inférieure à l'homme isolé, mais que, au point de vue des sentiments [...], elle peut, suivant les circonstances, être meilleure ou pire."""
Sun Tzu;Conheça o inimigo e conheça a si mesmo, e você não precisará temer o resultado de cem batalhas.;A Arte da Guerra, capítulo III;"Fase 121 (10/10/2026): texto conferido na obra — Texto integral conferido: tradução de Lionel Giles (1910, Project Gutenberg #17405), capítulo III, §18: ""If you know the enemy and know yourself, you need not fear the result of a hundred battles.""; original chinês no fim de 謀攻第三 (Project Gutenberg #23864 traz a variante gráfica ""知己知彼，百戰不貽"")."
Sun Tzu;Vence aquele que, estando preparado, espera o inimigo despreparado.;A Arte da Guerra, capítulo III;"Fase 121 (10/10/2026, correção): O português (""prudente ... um inimigo que não é"") era decalque truncado de uma versão inglesa e ficava sem sentido; refeito a partir do original (preparado x despreparado). Evidência: Tradução de Lionel Giles (1910, Project Gutenberg #17405), capítulo III, §17: ""He will win who, prepared himself, waits to take the enemy unprepared.""; original chinês (Project Gutenberg #23864, 謀攻第三): ""以虞待不虞者，勝""."
Sun Tzu;A habilidade suprema consiste em subjugar o inimigo sem combater.;A Arte da Guerra, capítulo III;"Fase 121 (10/10/2026): texto conferido na obra — Texto integral conferido: tradução de Lionel Giles (1910, Project Gutenberg #17405), capítulo III (""Attack by Stratagem""), §2: ""supreme excellence consists in breaking the enemy's resistance without fighting""; original chinês (Project Gutenberg #23864, 謀攻第三): ""不戰而屈人之兵，善之善者也""."
Carl von Clausewitz;A guerra é a continuação da política por outros meios.;Da Guerra (1832), livro I, capítulo 1;"Fase 121 (10/10/2026): texto conferido na obra — Tradução inglesa de J. J. Graham, On War, vol. 1 (Project Gutenberg #1946), livro I, capítulo 1, § 24: ""War is a mere continuation of policy by other means."" Original alemão não conferido em texto integral."
Carl von Clausewitz;A grande incerteza de todos os dados na guerra é uma dificuldade peculiar.;Da Guerra (1832), livro II, capítulo 2;"Fase 121 (10/10/2026, correção): A frase vem deste trecho (incerteza + dificuldade + guerra, mesma estrutura), mas ""uma das maiores dificuldades"" não traduz o original, que fala da incerteza de todos os dados como dificuldade peculiar da guerra; tradução refeita. Evidência: Tradução inglesa de J. J. Graham, On War, vol. 1 (Project Gutenberg #1946), livro II, capítulo 2, § 24 (""Third peculiarity.--Uncertainty of all data""): ""Lastly, the great uncertainty of all data in War is a peculiar difficulty, because all action must, to a certain extent, be planned in a mere twilight"". Original alemão não conferido."
Carl von Clausewitz;Tudo na guerra é simples, mas a coisa mais simples é difícil.;Da Guerra (1832), livro I, capítulo 7;"Fase 121 (10/10/2026): texto conferido na obra — Tradução inglesa de J. J. Graham, On War, vol. 1 (Project Gutenberg #1946), livro I, capítulo 7 (""Friction in War""): ""Everything is very simple in War, but the simplest thing is difficult."" Original alemão não conferido em texto integral."
Carl von Clausewitz;O primeiro, o mais grandioso e o mais decisivo ato de julgamento que o estadista e o general exercem é compreender corretamente a guerra em que se envolvem.;Da Guerra (1832), livro I, capítulo 1;"Fase 121 (10/10/2026, correção): A frase vem deste trecho (""o primeiro ato de julgamento"" + a guerra em que se entra), mas seguia de perto uma tradução inglesa moderna, omitia o estadista e trocava ""compreender corretamente a guerra"" por ""estabelecer o tipo de guerra""; tradução refeita a partir da versão de Graham (domínio público). Evidência: Tradução inglesa de J. J. Graham, On War, vol. 1 (Project Gutenberg #1946), livro I, capítulo 1, § 27: ""Now, the first, the grandest, and most decisive act of judgment which the Statesman and General exercises is rightly to understand in this respect the War in which he engages, not to take it for something, or to wish to make of it something, which by the nature of its relations it is impossible for it to be."" Original alemão não conferido."
Baltasar Gracián;Conhecer a si mesmo é o começo de se aperfeiçoar.;A Arte da Prudência (Oráculo Manual, 1647), aforismo 69;"Fase 121 (10/10/2026, correção): A frase deriva do aforismo 69 (mesma estrutura ""conhecer-se é o começo de...""), mas o original diz que o autoconhecimento é o começo do aperfeiçoamento (emenda) de si, não ""da prudência""; português corrigido. Evidência: Tradução de Joseph Jacobs, The Art of Worldly Wisdom (1892), aforismo 69 (""Do not give way to every common Impulse""): ""Self-reflection is the school of wisdom. ... Self-knowledge is the beginning of self-improvement."" (edição Monadnock Valley Press)."
Daniel Kahneman;O que você vê é tudo o que há.;Rápido e Devagar (2011), capítulo 7;"Fase 121 (10/10/2026, correção): A fórmula do livro é em segunda pessoa (""What you see..."", origem da sigla WYSIATI); tradução ajustada para corresponder a ela. O campo de fonte trazia uma explicação em vez da localização. Evidência: Thinking, Fast and Slow (2011), parte I, capítulo 7 (""A Machine for Jumping to Conclusions""), onde Kahneman introduz a sigla WYSIATI, ""What you see is all there is"". Conferido no LitCharts (capítulo 7 e verbete WYSIATI), nas notas de Graham Mann e em justinowings.com."
Solomon Asch;O fato de termos constatado que a tendência à conformidade em nossa sociedade é tão forte que jovens razoavelmente inteligentes e bem-intencionados se dispõem a chamar o branco de preto é motivo de preocupação.;"""Opiniões e Pressão Social"", Scientific American (1955)";"Fase 121 (10/10/2026, correção): A frase do catálogo vem desta passagem (""tendência à conformidade [...] tão forte que"" pessoas negam o que veem, isto é, chamam o branco de preto), mas era paráfrase. Substituída pela tradução fiel da frase de Asch. Evidência: Solomon E. Asch, ""Opinions and Social Pressure"", Scientific American 193 (5), novembro de 1955, conclusão. Frase reproduzida integralmente, com o artigo, em The Nullifidian (1994, arquivo textfiles.com); trechos em Yudkowsky, Rationality: From AI to Zombies, e versões abreviadas na Wikipedia e no Futility Closet."
Walter Lippmann;O ambiente real é grande demais, complexo demais e fugaz demais para ser conhecido diretamente.;Opinião Pública (1922), capítulo 1;"Fase 121 (10/10/2026, correção): O português acrescentava ""para haver contato direto entre as pessoas e o mundo"", que não está no original (""for direct acquaintance""); tradução refeita e capítulo indicado. Evidência: Texto integral de Public Opinion (1922), Project Gutenberg #6456 via GITenberg, parte I, capítulo 1 (""The World Outside and the Pictures in Our Heads""), seção 3."
Walter Lippmann;"A função das notícias é sinalizar um acontecimento; a função da verdade é trazer fatos ocultos à luz.";Opinião Pública (1922), capítulo 24;"Fase 121 (10/10/2026): texto conferido na obra — Texto integral de Public Opinion (1922), Project Gutenberg #6456 via GITenberg, parte VII, capítulo 24 (""News, Truth, and a Conclusion""); a frase é o início de um período que continua com ""to set them into relation with each other""."
Marshall McLuhan;A nova interdependência eletrônica recria o mundo à imagem de uma aldeia global.;A Galáxia de Gutenberg (1962);"Fase 121 (10/10/2026, correção): A obra estava errada: a frase é de A Galáxia de Gutenberg (1962), não de Understanding Media (1964); o português também omitia ""à imagem de"" (""in the image of""). Evidência: A Dictionary of Marshall McLuhan's Quotations, de William Kuhns, no site do espólio (themmm.marshallmcluhan.com), com referência a The Gutenberg Galaxy (1962); também a SAGE Encyclopedia of Mass Media and Society (verbete ""global village"") e o material didático da biblioteca da University of Illinois. A frase não aparece no texto de Understanding Media. Observação: As fontes divergem quanto à página (36 ou 43 da edição de 1962); por isso não indiquei página."
Guy Debord;Tudo o que era vivido diretamente afastou-se numa representação.;A Sociedade do Espetáculo (1967), tese 1;"Fase 121 (10/10/2026, correção): O original diz que o vivido ""s'est éloigné dans une représentation"" (afastou-se numa representação), não que ""tornou-se representação""; tradução ajustada e tese indicada. Evidência: Texto francês integral de La Société du spectacle (1967; transcrição no GitHub unredacted-word/spectacle, conferida com a transcrição do capítulo 1 publicada pelas Éditions Plagiat no GitHub), capítulo 1, tese 1."
Guy Debord;O espetáculo representa-se ao mesmo tempo como a própria sociedade, como uma parte da sociedade e como instrumento de unificação.;A Sociedade do Espetáculo (1967), tese 3;"Fase 121 (10/10/2026, correção): O original francês diz ""se représente"" (representa-se), não ""se présente"" (apresenta-se); o verbo importa, porque representação é conceito central do livro. Tradução ajustada e tese indicada. Evidência: Texto francês integral de La Société du spectacle (1967; transcrição no GitHub unredacted-word/spectacle, conferida com a transcrição do capítulo 1 publicada pelas Éditions Plagiat no GitHub), capítulo 1, tese 3; a mesma redação (""se représente"") aparece num artigo acadêmico da plataforma Cairn (shs.cairn.info, LCP_214_0035) que cita a tese 3. Observação: As traduções inglesas (Black & Red 1977; Knabb) vertem ""presents itself""; as duas transcrições francesas e o artigo da Cairn trazem ""se représente""."
Guy Debord;A realidade surge no espetáculo, e o espetáculo é real.;A Sociedade do Espetáculo (1967), tese 8;"Fase 121 (10/10/2026): texto conferido na obra — Texto francês integral de La Société du spectacle (1967; transcrição no GitHub unredacted-word/spectacle, conferida com a transcrição do capítulo 1 publicada pelas Éditions Plagiat no GitHub), capítulo 1, tese 8 (""Chaque notion ainsi fixée n'a pour fond que son passage dans l'opposé : la réalité surgit dans le spectacle, et le spectacle est réel."")."
Gustave Le Bon;As multidões, não podendo pensar senão por imagens, só se deixam impressionar por imagens.;Psicologia das Multidões (1895), livro I, capítulo III;"Fase 121 (10/10/2026, correção): A frase juntava dois trechos distintos do capítulo (§ 2, ""on peut dire qu'elles ne raisonnent pas ou raisonnent faux"", e § 3, ""ne pouvant penser que par images""); a imagem central (multidões pensam por imagens) vem do § 3, cuja frase contínua foi traduzida fielmente. Evidência: Texto integral de Psychologie des foules (Project Gutenberg #24007, texto francês), livro I, capítulo III, § 3 (""L'imagination des foules"")."
Gustave Le Bon;Não nos queixemos demais de que as multidões sejam guiadas sobretudo pelo inconsciente e quase não raciocinem.;Psicologia das Multidões (1895), livro I, capítulo II;"Fase 121 (10/10/2026, correção): A frase deriva deste trecho (palavras-chave ""guiadas"", ""inconsciente"", ""não raciocinam""), mas era paráfrase (""mais ... do que pela reflexão racional"") e omitia o tom do original, em que Le Bon diz não lamentar isso; tradução refeita a partir da frase francesa. Evidência: Texto integral de Psychologie des foules (Project Gutenberg #24007, texto francês), livro I, capítulo II, § 5 (""Moralité des foules""), parágrafo final."
Gustave Le Bon;A coisa afirmada chega, pela repetição, a se fixar nos espíritos a ponto de acabarem por aceitá-la como uma verdade demonstrada.;Psicologia das Multidões (1895), livro II, capítulo III;"Fase 121 (10/10/2026, correção): A frase deriva deste parágrafo (afirmação simples, repetição constante, aceitação), mas era resumo; substituída pela tradução fiel da frase correspondente. Evidência: Texto integral de Psychologie des foules (Project Gutenberg #24007, texto francês), livro II, capítulo III, § 2 (""Les moyens d'action des meneurs: l'affirmation, la répétition, la contagion"")."
Roger Fisher e William Ury;Separe as pessoas do problema.;Como Chegar ao Sim (1981), capítulo 2;"Fase 121 (10/10/2026): texto conferido na obra — Texto integral de Getting to Yes (2.ª edição, 1991, com Bruce Patton; cópia no GitHub kirthistaank/MIDS): é o título do capítulo 2 (""Separate the People from the Problem"") e o primeiro dos quatro pontos do método enunciados no capítulo 1."
Roger Fisher e William Ury;Antes de tentar chegar a um acordo, invente opções de ganho mútuo.;Como Chegar ao Sim (1981), capítulo 1;"Fase 121 (10/10/2026, correção): A frase antiga vinha deste ponto do método (mesmas palavras: ""inventar opções para ganho mútuo"", e a ideia de etapa anterior ao acordo), mas acrescentava ""é uma das etapas mais importantes da negociação"", que o livro não diz; substituída pela tradução fiel. Evidência: Texto integral de Getting to Yes (2.ª edição, 1991, com Bruce Patton; cópia no GitHub kirthistaank/MIDS), capítulo 1 (""Hence the third basic point: Before trying to reach agreement, invent options for mutual gain.""); o capítulo 4 tem o título ""Invent Options for Mutual Gain""."
Roger Fisher e William Ury;"Qualquer método de negociação pode ser julgado com justiça por três critérios: deve produzir um acordo sensato, se o acordo for possível; deve ser eficiente; e deve melhorar, ou pelo menos não prejudicar, a relação entre as partes.";Como Chegar ao Sim (1981), capítulo 1;"Fase 121 (10/10/2026, correção): A frase antiga vinha desta passagem (mesmos elementos: produzir acordo, eficiência, relação entre as partes), mas omitia o critério do acordo sensato e trocava ""melhorar ou pelo menos não prejudicar"" por ""preservar""; substituída pela tradução fiel da passagem. Evidência: Texto integral de Getting to Yes (2.ª edição, 1991, com Bruce Patton; cópia no GitHub kirthistaank/MIDS), capítulo 1 (""Don't Bargain Over Positions"")."
Chris Voss;A empatia tática é compreender os sentimentos e a mentalidade do outro no momento e também ouvir o que está por trás desses sentimentos, para aumentar sua influência em todos os momentos seguintes.;Negocie Como Se Sua Vida Dependesse Disso (2016), capítulo 3;"Fase 121 (10/10/2026, correção): A frase antiga vinha desta definição (mesma estrutura: ""A empatia tática é entender os sentimentos e [a mentalidade] do outro""), mas trocava o final por ""sem necessariamente concordar com eles"", ideia de outra frase do mesmo capítulo (""empathy is not about being nice or agreeing with the other side""). Substituída pela tradução fiel da definição. Evidência: Texto integral de Never Split the Difference (2016; cópia por capítulos no GitHub kabirdos/booksite), capítulo 3 (""Don't Feel Their Pain, Label It"")."
Chris Voss;Quanto mais uma pessoa se sente compreendida, e positivamente confirmada nessa compreensão, mais provável é que esse impulso para o comportamento construtivo se firme.;Negocie Como Se Sua Vida Dependesse Disso (2016), capítulo 5;"Fase 121 (10/10/2026, correção): A frase antiga vinha desta passagem (mesmos elementos: a pessoa que se sente compreendida e a maior probabilidade de comportamento construtivo/colaboração), mas era uma versão encurtada e solta; substituída pela tradução fiel. Evidência: Texto integral de Never Split the Difference (2016; cópia por capítulos no GitHub kabirdos/booksite), capítulo 5 (""Trigger the Two Words That Immediately Transform Any Negotiation""), resumo das lições do capítulo."
Marshall McLuhan;Qualquer tecnologia cria gradualmente um ambiente humano totalmente novo.;Os Meios de Comunicação como Extensões do Homem (1964), introdução à segunda edição;"Fase 121 (10/10/2026, correção): A frase antiga deriva desta passagem (mesma estrutura: ""a tecnologia cria novos ambientes"" = ""any technology creates a new human environment""), mas acrescentava ""que transformam nossa forma de perceber o mundo"", que não está no original; tradução refeita e localização indicada. Evidência: Destaque de leitor no Goodreads (Understanding Media) e A Dictionary of Marshall McLuhan's Quotations, de William Kuhns, no site do espólio (themmm.marshallmcluhan.com), que situa o trecho na introdução à segunda edição de Understanding Media. A edição lida no GitHub (Routledge, sem essa introdução) não traz o trecho."
Guy Debord;O espetáculo apresenta-se como uma enorme positividade, indiscutível e inacessível.;A Sociedade do Espetáculo (1967), tese 12;"Fase 121 (10/10/2026): texto conferido na obra — Texto francês integral de La Société du spectacle (1967; transcrição no GitHub unredacted-word/spectacle, conferida com a transcrição do capítulo 1 publicada pelas Éditions Plagiat no GitHub), capítulo 1, tese 12."
Robert Cialdini;Você e eu vivemos num ambiente de estímulos extraordinariamente complicado, facilmente o mais veloz e complexo que já existiu neste planeta. Para lidar com ele, precisamos de atalhos.;As Armas da Persuasão (1984);"Fase 121 (10/10/2026, correção): A frase do catálogo vem desta passagem (""atalhos"" para decidir num ambiente ""complexo""), mas era um resumo dela. Substituída pela tradução fiel das duas frases contínuas. Evidência: Influence: The Psychology of Persuasion, primeiro capítulo (Weapons of Influence). Conferido em destaques do Goodreads (edição Kindle) e em resumo do livro no Scribd, com a mesma redação."
Dan Ariely;"Nós não somos apenas irracionais; somos previsivelmente irracionais.";Previsivelmente Irracional (2008), introdução;"Fase 121 (10/10/2026): texto conferido na obra — Predictably Irrational (2008), introdução: ""My further observation is that we are not only irrational, but predictably irrational—that our irrationality happens the same way, again and again."" Conferido em destaque do Goodreads (introdução, cerca de 3% do Kindle), no guia de citações da Course Hero (citação da introdução) e em notas de leitura do livro (repositório geovedi/book-notes)."
Confúcio;"Quando vires um homem de valor, procura igualar-te a ele; quando vires um homem sem valor, examina-te por dentro.";Analectos, IV, 17;"Fase 120 (10/10/2026, escrituras): original acrescentado; tradução conferida. Evidência: Analectos IV, 17: texto chinês (chinese-poetry/论语, GitHub) e tradução de James Legge (1861; Project Gutenberg #3330)."
Jane Austen;Não há nada como ficar em casa para o verdadeiro conforto.;Emma (1815), capítulo XXXII;"Fase 118 (08/10/2026): localização e original conferidos; fonte anterior era genérica."
Lao Tsé;"Nada no mundo é mais mole e fraco que a água; e, no entanto, para atacar o duro e o forte, nada a supera.";Tao Te Ching, 78;"Fase 120 (10/10/2026, escrituras): tradução solta ou com acréscimos; substituída por tradução fiel do capítulo, com o original chinês. Evidência: Tao Te Ching, cap. 78: sentido conferido na tradução de James Legge, The Tao Teh King (1891; Project Gutenberg #216); original chinês do texto recebido (Wang Bi)."
Aristóteles;Um amigo é uma só alma que habita dois corpos.;Diógenes Laércio, Vidas e Doutrinas dos Filósofos Ilustres, V, 20 (ed. Hicks);Dito de Aristóteles transmitido por Diógenes Laércio, não texto do próprio Aristóteles. Grego conferido na edição Hicks (Perseus). Tradução própria. Fase 119 (10/10/2026): original conferido — Diógenes Laércio V, 20, texto grego da edição Perseus (canonical-greekLit, GitHub).
Confúcio;Não tenhas amigos que não sejam iguais a ti.;Analectos, I, 8;"Fase 120 (10/10/2026, escrituras): original acrescentado; tradução conferida. Evidência: Analectos I, 8: texto chinês (chinese-poetry/论语, GitHub) e tradução de James Legge (1861; Project Gutenberg #3330)."
Thomas Edison;"Não fracassei; apenas descobri dez mil maneiras que não funcionam.";;Registrada como fala de Edison na biografia autorizada escrita por Frank Lewis Dyer e Thomas Commerford Martin, publicada em 1910. É relato de terceiros, não texto do próprio Edison, mas a fonte é contemporânea e identificável.
Lao Tsé;Do melhor governante, o povo apenas sabe que existe. […] Concluída a obra, cumpridas as tarefas, o povo inteiro diz: “Foi assim por nós mesmos.”;Tao Te Ching, 17;"Fase 120 (10/10/2026, escrituras): tradução solta ou com acréscimos; substituída por tradução fiel do capítulo, com o original chinês. Evidência: Tao Te Ching, cap. 17: sentido conferido na tradução de James Legge, The Tao Teh King (1891; Project Gutenberg #216); original chinês do texto recebido (Wang Bi). Observação: Legge segue a variante 不知有之 (“não sabiam que havia governantes”); aqui, o texto recebido de Wang Bi (下知有之)."
Confúcio;A piedade filial é a raiz da virtude e a fonte de onde nasce o ensino.;Clássico da Piedade Filial, cap. 1;"Fase 120 (10/10/2026, escrituras): tradução ajustada (“toda virtude”, “tronco” não estão no texto); original acrescentado. Evidência: Xiao Jing (Clássico da Piedade Filial), cap. 1: texto chinês tradicional."
Jane Austen;A felicidade no casamento é inteiramente uma questão de sorte.;Orgulho e Preconceito (1813), capítulo VI;"Fase 118 (08/10/2026): localização e original conferidos; fonte anterior era genérica."
Oscar Wilde;Posso resistir a tudo, exceto à tentação.;O Leque de Lady Windermere (1892), ato I;Fase 117: original (campo orig) encontrado literalmente em oscar-wilde_lady-windermeres-fan (Standard Ebooks, domínio público), conferido em 08/10/2026.
Oscar Wilde;Estamos todos na sarjeta, mas alguns de nós olham para as estrelas.;O Leque de Lady Windermere (1892), ato III;Fase 117: original (campo orig) encontrado literalmente em oscar-wilde_lady-windermeres-fan (Standard Ebooks, domínio público), conferido em 08/10/2026.
Oscar Wilde;Não há livro moral ou imoral. Livros são bem escritos ou mal escritos. É só isso.;O Retrato de Dorian Gray (1890), prefácio;Fase 117: original (campo orig) encontrado literalmente em oscar-wilde_the-picture-of-dorian-gray (Standard Ebooks, domínio público), conferido em 08/10/2026.
Oscar Wilde;Amar a si mesmo é o começo de um romance para a vida inteira.;Um Marido Ideal (1895), ato III;Fase 119 (10/10/2026, correção): peça errada (não é Uma Mulher Sem Importância). Evidência: An Ideal Husband, ato III, fala de Lord Goring (Project Gutenberg #885, espelho GITenberg).
Mark Twain;Tudo bem, então eu vou para o inferno.;As Aventuras de Huckleberry Finn (1884), capítulo 31;Fase 117: original (campo orig) encontrado literalmente em mark-twain_the-adventures-of-huckleberry-finn (Standard Ebooks, domínio público), conferido em 08/10/2026.
Mark Twain;O homem é o único animal que cora. Ou que precisa disso.;Seguindo o Equador (1897), capítulo 27;Fase 119 (10/10/2026): original conferido — Following the Equator (Project Gutenberg #2895, espelho GITenberg).
Voltaire;É preciso cultivar o nosso jardim.;Cândido (1759), capítulo 30;Fase 119 (10/10/2026): original conferido — Candide (Project Gutenberg #4650, espelho GITenberg).
Voltaire;Se Deus não existisse, seria preciso inventá-lo.;Epístola ao Autor do Livro dos Três Impostores (1768), verso 22;Fase 119 (10/10/2026): original conferido — Épître à l’auteur du livre des Trois imposteurs, verso 22.
Voltaire;O melhor é inimigo do bom.;La Bégueule (1772), versos iniciais;Fase 119 (10/10/2026, correção): obra errada. Evidência: La Bégueule (1772), versos iniciais: “Dans ses écrits, un sage Italien / Dit que le mieux est l’ennemi du bien.”
Victor Hugo;"Resiste-se à invasão dos exércitos; não se resiste à invasão das ideias.";História de um Crime (1877), conclusão, capítulo 10;"Fase 119 (10/10/2026, correção): o texto português era a versão inglesa popular, que não traduz o orig. Evidência: Histoire d’un crime (1877), conclusão, cap. X: “On résiste à l’invasion des armées; on ne résiste pas à l’invasion des idées.”"
Albert Camus;No meio do inverno aprendi enfim que havia em mim um verão invencível.;O Verão (1954), ensaio Regresso a Tipasa;"Fase 119 (10/10/2026): original conferido — Última linha de “Retour à Tipasa”, em L’Été (1954); Le Temps; Centre Pompidou."
Albert Camus;Só há um problema filosófico verdadeiramente sério: o suicídio.;O Mito de Sísifo (1942), primeira linha;Fase 119 (10/10/2026): original conferido — Frase de abertura de Le Mythe de Sisyphe (1942), amplamente reproduzida.
Friedrich Nietzsche;Quem tem um porquê para viver suporta quase qualquer como.;Crepúsculo dos Ídolos (1888), Máximas e Flechas, 12;Fase 119 (10/10/2026): original conferido — Götzen-Dämmerung (Project Gutenberg #7203, espelho GITenberg).
Friedrich Nietzsche;Deus está morto. Deus continua morto. E nós o matamos.;A Gaia Ciência (1882), aforismo 125;"Fase 119 (10/10/2026): original conferido — The Joyful Wisdom (trad. inglesa de Thomas Common), aforismo 125 (Project Gutenberg #52881, espelho GITenberg). Observação: original alemão não conferido no corpus; passagem conferida na tradução inglesa."
Friedrich Nietzsche;Quem luta contra monstros deve cuidar para não se tornar um monstro.;Além do Bem e do Mal (1886), aforismo 146;Fase 119 (10/10/2026): original conferido — Jenseits von Gut und Böse (Project Gutenberg #7204, espelho GITenberg).
Friedrich Nietzsche;É preciso ter um caos dentro de si para dar à luz uma estrela dançante.;Assim Falou Zaratustra (1883), prólogo, 5;Fase 119 (10/10/2026): original conferido — Also sprach Zarathustra (Project Gutenberg #7205, espelho GITenberg).
Immanuel Kant;Age apenas segundo a máxima pela qual possas ao mesmo tempo querer que ela se torne lei universal.;Fundamentação da Metafísica dos Costumes (1785), segunda seção (Ak 4:421);Fase 119 (10/10/2026): original conferido — Grundlegung zur Metaphysik der Sitten, Ak 4:421 (BA 52) (material didático de Uni-Siegen, BOKU, Uni Wuppertal).
Immanuel Kant;Duas coisas enchem o ânimo de admiração sempre nova: o céu estrelado acima de mim e a lei moral dentro de mim.;Crítica da Razão Prática (1788), conclusão;"Fase 119 (10/10/2026, correção): O português traduz a frase inteira; o original registrado parava antes de “und Ehrfurcht”. Original completado com o texto da edição da Academia. Evidência: Kant’s gesammelte Schriften, Bd. V, Kritik der praktischen Vernunft, “Beschluß” (Project Gutenberg #49543, espelho GITenberg)."
Søren Kierkegaard;É bem verdade o que diz a filosofia: que a vida precisa ser compreendida para trás. Mas esquece-se então a outra proposição: que ela precisa ser vivida para a frente.;Diários, 1843 (JJ:167);Fase 119 (10/10/2026, correção): o orig era a condensação moderna (de Julia Watkin). Evidência: Journal JJ:167 (1843), SKS 18, p. 306 (Pap. IV A 164): “Det er ganske sandt, hvad Philosophien siger, at Livet maa forstaaes baglænds. Men derover glemmer man den anden Sætning, at det maa leves forlænds.” (transcrição conferida pela Universidade de Iowa).
Søren Kierkegaard;A angústia é a vertigem da liberdade.;O Conceito de Angústia (1844);Fase 119 (10/10/2026, correção): capítulo não confirmado. Evidência: Begrebet Angest (1844): passagem sobre a vertigem diante do abismo, “Frihedens Svimlen” (excerto da edição DSL, tekster.kb.dk).
Virginia Woolf;Uma mulher precisa ter dinheiro e um teto todo seu para escrever ficção.;Um Teto Todo Seu (1929), capítulo 1;Fase 119 (10/10/2026): original conferido — A Room of One’s Own (1929), cap. 1.
Virginia Woolf;Eu arriscaria dizer que Anônimo, que escreveu tantos poemas sem assiná-los, foi muitas vezes uma mulher.;Um Teto Todo Seu (1929), capítulo 3;Fase 119 (10/10/2026, correção): o orig era a versão popular. Evidência: A Room of One’s Own (1929), cap. 3: “I would venture to guess that Anon, who wrote so many poems without signing them, was often a woman.”
Bertrand Russell;A causa fundamental do problema é que, no mundo moderno, os estúpidos são cheios de certeza, enquanto os inteligentes são cheios de dúvida.;O Triunfo da Estupidez, artigo de 10 de maio de 1933;"Fase 119 (10/10/2026, correção): A forma registrada é uma reescrita popular; o texto do artigo é “The fundamental cause of the trouble is that in the modern world the stupid are cocksure while the intelligent are full of doubt.” Original e tradução corrigidos. Evidência: “The Triumph of Stupidity”, artigo de 10/05/1933 (New York American) (wist.info; Quote Investigator, 2015)."
Bertrand Russell;Três paixões governaram minha vida: o anseio de amor, a busca do conhecimento e uma piedade insuportável pelo sofrimento humano.;Autobiografia (1967), prólogo;"Fase 119 (10/10/2026, correção): O português traduz a frase inteira; o original registrado parava antes dos dois-pontos. Completado. Evidência: Prólogo “What I Have Lived For”, The Autobiography of Bertrand Russell (1967) (Bertrand Russell Society; Open Culture)."
Sigmund Freud;O sonho é a via régia para o conhecimento do inconsciente.;A Interpretação dos Sonhos (1900), capítulo 7;Fase 119 (10/10/2026): original conferido — Die Traumdeutung (1900), cap. VII: “Die Traumdeutung aber ist die Via regia zur Kenntnis des Unbewußten im Seelenleben.” (Project Gutenberg #40739, espelho GITenberg).
Sigmund Freud;Onde estava o isso, deve advir o eu.;Novas Conferências Introdutórias à Psicanálise (1933), conferência 31;Fase 119 (10/10/2026): original conferido — Neue Folge der Vorlesungen (1933), conferência 31, frase final.
Johann Wolfgang von Goethe;Duas almas habitam, ah, em meu peito.;Fausto, parte I (1808), cena Diante do Portão;Fase 119 (10/10/2026): original conferido — Faust I (Project Gutenberg #2229, espelho GITenberg).
Johann Wolfgang von Goethe;Detém-te, és tão belo!;Fausto, parte I (1808), cena do pacto;Fase 119 (10/10/2026): original conferido — Faust I (Project Gutenberg #2229, espelho GITenberg).
George Orwell;Todos os animais são iguais, mas alguns animais são mais iguais que outros.;A Revolução dos Bichos (1945), capítulo 10;"Fase 119 (10/10/2026): original conferido — Animal Farm (1945), cap. 10: o mandamento único que substitui os sete (History Hit; Shmoop)."
George Orwell;Guerra é paz. Liberdade é escravidão. Ignorância é força.;1984 (1949), parte I, capítulo 1;Fase 119 (10/10/2026): original conferido — Nineteen Eighty-Four (1949): lemas do Partido na fachada do Ministério da Verdade, parte I, cap. 1.
George Orwell;Se a liberdade significa alguma coisa, significa o direito de dizer às pessoas o que elas não querem ouvir.;Prefácio inédito de A Revolução dos Bichos (1945);"Fase 119 (10/10/2026, correção): O português omitia a condicional do original (“If liberty means anything at all”); tradução ajustada. Evidência: “The Freedom of the Press”, prefácio proposto para Animal Farm, publicado no Times Literary Supplement em 15/09/1972 (Marxists Internet Archive; The Anarchist Library)."
Miguel de Cervantes;A liberdade, Sancho, é um dos mais preciosos dons que aos homens deram os céus.;Dom Quixote (1615), segunda parte, capítulo 58;Fase 119 (10/10/2026): original conferido — Don Quijote (Project Gutenberg #2000, espelho GITenberg).
Miguel de Cervantes;Onde uma porta se fecha, outra se abre.;Dom Quixote (1605), primeira parte, capítulo 21;Fase 119 (10/10/2026): original conferido — Don Quijote (Project Gutenberg #2000, espelho GITenberg).
Santo Agostinho;Fizeste-nos para ti, e o nosso coração está inquieto enquanto não repousar em ti.;Confissões (397), livro I, capítulo 1;Fase 119 (10/10/2026): original conferido — Agostinho, Confessiones I (texto latino, The Latin Library, espelho cltk no GitHub).
Santo Agostinho;Tarde te amei, ó beleza tão antiga e tão nova, tarde te amei.;Confissões (397), livro X, capítulo 27;Fase 119 (10/10/2026): original conferido — Agostinho, Confessiones X, 27, 38 (texto latino, The Latin Library, espelho cltk no GitHub).
John Stuart Mill;O único fim pelo qual a humanidade tem justificativa para interferir na liberdade de ação de qualquer um é a autoproteção.;Sobre a Liberdade (1859), capítulo 1;"Fase 117 (correção): O original registrado era a frase seguinte da mesma passagem; corrigido para a frase que a tradução traduz de fato (Sobre a Liberdade, cap. 1)."
John Stuart Mill;É melhor ser um ser humano insatisfeito do que um porco satisfeito.;Utilitarismo (1863), capítulo 2;Fase 119 (10/10/2026): original conferido — Utilitarianism (Project Gutenberg #11224, espelho GITenberg).
Francis Bacon;Saber é poder.;Meditationes Sacrae (1597), Sobre Heresias;"Fase 119 (10/10/2026, correção): Original ajustado ao texto (“nam et ipsa scientia potestas est”); no contexto, Bacon fala do conhecimento de Deus. Evidência: Meditationes Sacrae (1597), “De Haeresibus”: “(nam et ipsa scientia potestas est)” (History of Information; PhilArchive)."
Francis Bacon;A natureza, para ser comandada, deve ser obedecida.;Novum Organum (1620), livro I, aforismo 3;Fase 119 (10/10/2026): original conferido — Francis Bacon, Novum Organum (texto latino, The Latin Library, espelho cltk no GitHub).
Francis Bacon;Alguns livros devem ser provados, outros devorados, e poucos mastigados e digeridos.;Ensaios (1625), Dos Estudos;Fase 119 (10/10/2026): original conferido — Bacon’s Essays (Project Gutenberg #56463, espelho GITenberg).
Maya Angelou;O pássaro na gaiola canta com um trinado assustado, por coisas desconhecidas mas ainda desejadas.;“Pássaro Engaiolado”, em Shaker, Why Don’t You Sing? (1983);"Fase 119 (10/10/2026, correção): os versos são do poema de 1983, não epígrafe do livro de 1969. Evidência: Poema “Caged Bird”, em Shaker, Why Don’t You Sing? (1983) (Wikipedia; LitCharts; Poetry Out Loud)."
Eleanor Roosevelt;Onde começam os direitos humanos universais? Em lugares pequenos, perto de casa.;Discurso nas Nações Unidas ao apresentar o guia “In Your Hands”, 27 de março de 1958;"Fase 119 (10/10/2026): original conferido — Discurso na ONU ao apresentar o guia In Your Hands, 27/03/1958 (Carnegie Council; Ethics & International Affairs, Cambridge)."
Charles Darwin;Há grandeza nesta visão da vida.;A Origem das Espécies (1859), última página;Fase 119 (10/10/2026): original conferido — On the Origin of Species, 1ª ed. (Project Gutenberg #1228, espelho GITenberg).
Malcolm X;A educação é o nosso passaporte para o futuro, pois o amanhã pertence somente às pessoas que se preparam para ele hoje.;Discurso de fundação da Organização da Unidade Afro-Americana, Nova York (28/06/1964);"Fase 119 (10/10/2026, correção): orig era versão popular sem “only”. Evidência: Discurso de fundação da Organization of Afro-American Unity, Audubon Ballroom, 28/06/1964; o texto original tem “only”."
Agatha Christie;Todo assassino é provavelmente o velho amigo de alguém.;O Misterioso Caso de Styles (1920), capítulo XI;Fase 117: original (campo orig) encontrado literalmente em agatha-christie_the-mysterious-affair-at-styles (Standard Ebooks, domínio público), conferido em 08/10/2026. Fase 117 (correção): Fonte anterior (“O Retrato de Elsa Greer, 1942”) estava errada: a fala de Poirot consta em The Mysterious Affair at Styles, cap. XI (Standard Ebooks).
Dalai Lama;Minha verdadeira religião é a bondade.;Kindness, Clarity, and Insight (1984);"Fase 119 (10/10/2026, correção): A frase não é de Uma Ética para o Novo Milênio; a forma com fonte é “My true religion is Kindness”, em Kindness, Clarity, and Insight (1984). Fonte, original e tradução corrigidos. Evidência: Wikiquote (Tenzin Gyatso): “My true religion is Kindness”, Kindness, Clarity, and Insight (1984); variante “My religion is very simple…” sem fonte."
Alexandre Dumas;Toda a sabedoria humana está resumida nestas duas palavras: esperar e ter esperança.;O Conde de Monte Cristo (1844), último capítulo;Fase 119 (10/10/2026): original conferido — Le Comte de Monte-Cristo, t. IV (Project Gutenberg #17992, espelho GITenberg).
J.K. Rowling;São nossas escolhas, Harry, que mostram o que realmente somos, muito mais do que nossas capacidades.;Harry Potter e a Câmara Secreta (1998), capítulo 18;Fase 119 (10/10/2026, correção): orig sem o vocativo “Harry”. Evidência: Chamber of Secrets, cap. 18 (“Dobby’s Reward”), fala de Dumbledore.
Jorge Luis Borges;Eu, que imaginava o Paraíso / sob a espécie de uma biblioteca.;Poema dos Dons, em O Fazedor (1960);"Fase 119 (10/10/2026, correção): o orig era retradução da versão inglesa popular; substituído pelos versos de Borges. Evidência: “Poema de los dones” (El hacedor, 1960): “Yo, que me figuraba el Paraíso / bajo la especie de una biblioteca.”"
Jorge Luis Borges;O universo, que outros chamam de Biblioteca, compõe-se de um número indefinido, talvez infinito, de galerias hexagonais.;A Biblioteca de Babel, em Ficções (1944);Fase 119 (10/10/2026): original conferido — “La biblioteca de Babel”, primeira frase (Ficciones, 1944).
Jorge Luis Borges;O tempo é a substância de que sou feito.;Nova Refutação do Tempo, em Outras Inquisições (1952);Fase 119 (10/10/2026): original conferido — “Nueva refutación del tiempo”, parágrafo final (Otras inquisiciones, 1952).
Marcel Proust;A única verdadeira viagem, o único banho de juventude, não seria ir em busca de novas paisagens, mas ter outros olhos.;A Prisioneira (1923), volume V de Em Busca do Tempo Perdido;Fase 119 (10/10/2026, correção): o orig era a versão popular reescrita. Evidência: La Prisonnière (1923): “le seul véritable voyage, le seul bain de Jouvence, ce ne serait pas d’aller vers de nouveaux paysages, mais d’avoir d’autres yeux”.
Marcel Proust;Os verdadeiros paraísos são os paraísos que perdemos.;O Tempo Redescoberto (1927), volume VII de Em Busca do Tempo Perdido;Fase 119 (10/10/2026): original conferido — Le Temps retrouvé (1927): “car les vrais paradis sont les paradis qu’on a perdus”.
Hermann Hesse;O pássaro luta para sair do ovo. O ovo é o mundo. Quem quiser nascer tem de destruir um mundo.;Demian (1919), capítulo 5;Fase 119 (10/10/2026): original conferido — Demian (Project Gutenberg #41907, espelho GITenberg).
Hermann Hesse;O conhecimento pode ser comunicado, mas não a sabedoria.;Sidarta (1922), capítulo final;Fase 119 (10/10/2026): original conferido — Siddhartha (Project Gutenberg #2499, espelho GITenberg).
Rabindranath Tagore;Onde a mente é sem medo e a cabeça é mantida erguida.;Gitanjali (1912), poema 35;Fase 117: original (campo orig) encontrado literalmente em rabindranath-tagore_gitanjali (Standard Ebooks, domínio público), conferido em 08/10/2026.
Robert Louis Stevenson;Quinze homens sobre o baú do defunto.;A Ilha do Tesouro (1883), capítulo 1;Fase 117: original (campo orig) encontrado literalmente em robert-louis-stevenson_treasure-island (Standard Ebooks, domínio público), conferido em 08/10/2026.
William Butler Yeats;"As coisas se desfazem; o centro não se sustenta.";A Segunda Vinda (1919), primeira estrofe;Fase 117: original (campo orig) encontrado literalmente em w-b-yeats_poetry (Standard Ebooks, domínio público), conferido em 08/10/2026.
William Butler Yeats;Os melhores carecem de toda convicção, enquanto os piores transbordam de intensidade apaixonada.;A Segunda Vinda (1919), primeira estrofe;Fase 117: original (campo orig) encontrado literalmente em w-b-yeats_poetry (Standard Ebooks, domínio público), conferido em 08/10/2026.
Robert Frost;Duas estradas divergiam num bosque, e eu tomei a menos percorrida.;A Estrada Não Trilhada (1916), última estrofe;Fase 119 (10/10/2026, correção): orig sem a quebra “I— / I”. Evidência: Mountain Interval (1916), “The Road Not Taken”, última estrofe (Project Gutenberg #29345, espelho GITenberg).
Robert Frost;A floresta é linda, escura e funda, mas tenho promessas a cumprir, e milhas a andar antes de dormir.;Parando na Mata numa Noite de Neve (1923), última estrofe;"Fase 119 (10/10/2026, correção): O português traduz a estrofe até “before I sleep”; o original registrado parava antes. Original completado. Evidência: New Hampshire (Project Gutenberg #58611, espelho GITenberg)."
Robert Frost;Em três palavras posso resumir tudo o que aprendi sobre a vida: ela continua.;Citado por Ray Josephs, “Robert Frost’s Secret”, This Week (1954);Fase 119 (10/10/2026, correção): fonte genérica. Evidência: Quote Investigator: Ray Josephs, “Robert Frost’s Secret”, This Week Magazine (set. 1954).
Alfred Tennyson;Lutar, buscar, encontrar e não ceder.;Ulisses (1842), último verso;Fase 119 (10/10/2026): original conferido — The Early Poems of Alfred Lord Tennyson (Project Gutenberg #8601, espelho GITenberg).
Alfred Tennyson;É melhor ter amado e perdido do que nunca ter amado.;In Memoriam A.H.H. (1850), canto XXVII;Fase 119 (10/10/2026): original conferido — In Memoriam (Project Gutenberg #70950, espelho GITenberg).
Alfred Tennyson;A natureza, vermelha em dentes e garras.;In Memoriam A.H.H. (1850), canto LVI;Fase 119 (10/10/2026): original conferido — In Memoriam (Project Gutenberg #70950, espelho GITenberg).
Lord Byron;Acordei uma manhã e me descobri famoso.;Registrado por Thomas Moore em Cartas e Diários de Lord Byron (1830);Fase 119 (10/10/2026): original conferido — Life of Lord Byron, with his Letters and Journals (Thomas Moore), vol. 2 (Project Gutenberg #16570, espelho GITenberg).
Lord Byron;Ela caminha em beleza, como a noite de climas sem nuvem e céus estrelados.;"Ela Caminha em Beleza (1814; publicado em Hebrew Melodies, 1815), primeira estrofe";Fase 119 (10/10/2026): original conferido — The Works of Lord Byron, vol. 2 (citação do poema em nota) (Project Gutenberg #25340, espelho GITenberg).
Alexander Pope;"Errar é humano; perdoar, divino.";Ensaio sobre a Crítica (1711), parte II;Fase 119 (10/10/2026): original conferido — An Essay on Criticism (Project Gutenberg #7409, espelho GITenberg).
Alexander Pope;Um pouco de saber é coisa perigosa.;Ensaio sobre a Crítica (1711), parte II;Fase 119 (10/10/2026): original conferido — An Essay on Criticism (Project Gutenberg #7409, espelho GITenberg).
Alexander Pope;A esperança brota eterna no peito humano.;Ensaio sobre o Homem (1733), epístola I;Fase 119 (10/10/2026): original conferido — An Essay on Man (Project Gutenberg #2428, espelho GITenberg).
Gustave Flaubert;Seja regrado e comum em sua vida, como um burguês, para ser violento e original em suas obras.;Carta a Gertrude Tennant, 25 de dezembro de 1876;"Fase 119 (10/10/2026, correção): O original registrado omitia “comme un bourgeois”; completado, e tradução ajustada. Evidência: Carta a Gertrude Tennant, 25/12/1876 (edição eletrônica da Correspondance; The Spectator; anotherpanacea)."
Stendhal;A beleza é apenas a promessa de felicidade.;Do Amor (1822), nota de rodapé do capítulo 17;Fase 119 (10/10/2026): original conferido — De l’Amour (Project Gutenberg #60882, espelho GITenberg).
Stendhal;Um romance é um espelho que passeia por uma grande estrada.;O Vermelho e o Negro (1830), livro II, capítulo 19;Fase 119 (10/10/2026, correção): o orig era a epígrafe de I.13 (atribuída a Saint-Réal), não a frase de II.19. Evidência: Le Rouge et le Noir, livro II, cap. 19: “un roman est un miroir qui se promène sur une grande route” (Project Gutenberg #798, espelho GITenberg).
George Sand;Há uma só felicidade na vida: amar e ser amado.;Carta a Lina Calamatta, 31 de março de 1862;"Fase 119 (10/10/2026, correção): Original ajustado à forma francesa documentada (“c’est d’aimer et d’être aimé”). Evidência: Carta a Lina Calamatta, 31/03/1862 (wist.info; contexto em Les Amis de George Sand)."
Nathaniel Hawthorne;Nenhum homem pode usar uma face para si mesmo e outra para a multidão por muito tempo sem acabar confuso sobre qual é a verdadeira.;A Letra Escarlate (1850), capítulo XX;"Fase 117: original (campo orig) encontrado literalmente em nathaniel-hawthorne_the-scarlet-letter (Standard Ebooks, domínio público), conferido em 08/10/2026. Fase 117 (correção): Fonte anterior indicava cap. 11; a passagem está no cap. XX (Standard Ebooks)."
Ambrose Bierce;Paz: em assuntos internacionais, período de trapaça entre dois períodos de luta.;O Dicionário do Diabo (1911), verbete Paz;Fase 117: original (campo orig) encontrado literalmente em ambrose-bierce_the-devils-dictionary (Standard Ebooks, domínio público), conferido em 08/10/2026.
Ambrose Bierce;Ano: período de trezentos e sessenta e cinco decepções.;O Dicionário do Diabo (1911), verbete Ano;Fase 117: original (campo orig) encontrado literalmente em ambrose-bierce_the-devils-dictionary (Standard Ebooks, domínio público), conferido em 08/10/2026.
John Ruskin;Não há riqueza senão a vida.;Até Este Último (1860), ensaio IV;Fase 117: original (campo orig) encontrado literalmente em john-ruskin_unto-this-last (Standard Ebooks, domínio público), conferido em 08/10/2026.
Herbert Spencer;A sobrevivência do mais apto.;Princípios de Biologia (1864), volume I;Fase 119 (10/10/2026): original conferido — The Principles of Biology, vol. I (Project Gutenberg #54612, espelho GITenberg).
Pierre-Joseph Proudhon;A propriedade é um roubo.;O Que é a Propriedade? (1840), capítulo 1;Fase 119 (10/10/2026): original conferido — Qu’est-ce que la propriété? (1840), cap. 1.
Pierre-Joseph Proudhon;A liberdade é a mãe, não a filha, da ordem.;Solução do Problema Social (1848);Fase 119 (10/10/2026): original conferido — Solution du problème social (1848).
John Galbraith;Diante da escolha entre mudar de opinião e provar que não há necessidade disso, quase todo mundo fica ocupado com a prova.;“How Keynes Came to America”, em Economics, Peace and Laughter (1971);Fase 119 (10/10/2026, correção): fonte genérica (“entrevista”). Evidência: Quote Investigator (2018): resenha de 1965 no New York Times, revista em “How Keynes Came to America”, em Economics, Peace and Laughter (1971).
Neil Postman;O que Orwell temia eram os que proibiriam os livros. O que Huxley temia era que não houvesse razão para proibir um livro, porque não haveria ninguém querendo ler.;Divertindo-se até Morrer (1985), prefácio;Fase 119 (10/10/2026): original conferido — Amusing Ourselves to Death (1985), prefácio.
Herbert Simon;A riqueza de informação cria a pobreza de atenção.;Projetando Organizações para um Mundo Rico em Informação (1971);"Fase 119 (10/10/2026): original conferido — “Designing Organizations for an Information-Rich World”, em Greenberger (org.), Computers, Communications, and the Public Interest (Johns Hopkins, 1971), p. 40–41 (PDFs do texto: Gwern; Purdue)."
Isaiah Berlin;A raposa sabe muitas coisas, mas o ouriço sabe uma coisa grande.;O Ouriço e a Raposa (1953), abertura;"Fase 119 (10/10/2026): original conferido — The Hedgehog and the Fox (1953), epígrafe: fragmento de Arquíloco (fr. 201), na tradução de Berlin (NYRB, 1980; Wikiquote)."
Isaiah Berlin;A liberdade de lobos costuma ser a morte de ovelhas.;Quatro Ensaios sobre a Liberdade (1969), introdução;"Fase 119 (10/10/2026): original conferido — Four Essays on Liberty (1969), introdução (artigo acadêmico, Redalyc; guia eNotes)."
Jaron Lanier;A informação é alienação da experiência.;Você Não É Um Aplicativo (2010);"Fase 119 (10/10/2026, correção): capítulo não confirmado; mantida só a obra e o ano. Evidência: You Are Not a Gadget (2010): “Information is alienated experience.”"
George Lakoff;Não pense em um elefante.;Não Pense em um Elefante (2004), abertura;Fase 119 (10/10/2026): original conferido — Título e abertura de Don’t Think of an Elephant! (2004), em que Lakoff pede aos alunos que não pensem num elefante (george-lakoff.com).
Gottfried Wilhelm Leibniz;Nenhum fato pode ser verdadeiro ou existente, nenhum enunciado verdadeiro, sem que haja uma razão suficiente para que seja assim e não de outro modo.;Monadologia (1714), §32;"Fase 119 (10/10/2026, correção): O original registrado era uma fórmula latina que não está na Monadologia (escrita em francês); substituído pelo texto do §32 e tradução ajustada a ele. Evidência: La Monadologie (ed. Clodius Piat, 1909), §32 (Project Gutenberg #17641, espelho GITenberg)."
Horácio;Colhe o dia, confiando o mínimo possível no amanhã.;Odes (23 a.C.), livro I, ode 11;Fase 119 (10/10/2026): original conferido — Horácio, Carmina I, 11 (texto latino, The Latin Library, espelho cltk no GitHub).
Horácio;Ouse saber.;Epístolas (20 a.C.), livro I, epístola 2;Fase 119 (10/10/2026): original conferido — Horácio, Epistulae I, 2 (texto latino, The Latin Library, espelho cltk no GitHub).
Horácio;Nem sempre Apolo mantém o arco retesado.;Odes (23 a.C.), livro II, ode 10;Fase 119 (10/10/2026): original conferido — Horácio, Carmina II, 10 (texto latino, The Latin Library, espelho cltk no GitHub).
Virgílio;"O amor vence tudo; cedamos também nós ao amor.";Bucólicas (39 a.C.), écloga X, verso 69;Fase 119 (10/10/2026): original conferido — Vergílio, Bucolica X.69: “Omnia uincit Amor: et nos cedamus Amori.” (texto latino, The Latin Library, espelho cltk no GitHub).
Virgílio;Temo os gregos, mesmo quando trazem presentes.;Eneida (19 a.C.), livro II, verso 49;Fase 119 (10/10/2026, correção): grafia do texto. Evidência: Vergílio, Aeneis II.49: “timeo Danaos et dona ferentis” (texto latino, The Latin Library, espelho cltk no GitHub).
Virgílio;A fortuna favorece os audazes.;Eneida (19 a.C.), livro X, verso 284;Fase 119 (10/10/2026): original conferido — Aeneidos (texto latino, Project Gutenberg #227, espelho GITenberg).
Quintiliano;O orador é o homem bom hábil no falar.;Institutio Oratoria (95), livro XII, capítulo 1;Fase 119 (10/10/2026): original conferido — Quintiliano, Institutio oratoria XII, 1 (texto latino, The Latin Library, espelho cltk no GitHub).
Jean de La Fontaine;A razão do mais forte é sempre a melhor.;Fábulas (1668), livro I, fábula 10, “O Lobo e o Cordeiro”;"Fase 119 (10/10/2026, correção): O português começava com “Ensinam que”, que não está no verso; tradução ajustada ao original. Evidência: Fables de La Fontaine, t. I (Project Gutenberg #17941, espelho GITenberg)."
Jean de La Fontaine;"De nada adianta correr; é preciso partir a tempo.";Fábulas (1668), livro VI, fábula 10, “A Lebre e a Tartaruga”;Fase 119 (10/10/2026, correção): fonte sem número da fábula. Evidência: Fables, livro VI, fábula 10, “Le Lièvre et la Tortue”, primeiro verso.
Publílio Siro;Qualquer um pode segurar o leme quando o mar está calmo.;Sentenças;"Fase 119 (10/10/2026, correção): orig estava em inglês (tradução de Lyman); número da máxima não confirmado. Evidência: Publilii Syri Sententiae: “In tranquillo esse quisque gubernator potest.” (texto latino, The Latin Library, espelho cltk no GitHub)."
Publílio Siro;É um mau plano aquele que não admite mudança.;Sentenças (Sententiae);Fase 119 (10/10/2026): original conferido — Publílio Siro, Sententiae (texto latino, The Latin Library, espelho cltk no GitHub).
Hipócrates;A vida é breve, a arte é longa, a ocasião fugidia, a experiência enganosa, o julgamento difícil.;Aforismos, livro I, aforismo 1;"Fase 119 (10/10/2026, correção): O original registrado era a versão latina de Sêneca (“Ars longa, vita brevis”); substituído pelo grego do aforismo, que é o que o português traduz. Evidência: Hipócrates, Aforismos I, 1 (texto grego da edição Perseus/Littré, canonical-greekLit no GitHub)."
Douglas MacArthur;"Velhos soldados nunca morrem; eles apenas desaparecem.";Discurso ao Congresso dos Estados Unidos, 19 de abril de 1951;"Fase 119 (10/10/2026): original conferido — Discurso ao Congresso, 19/04/1951 (Library of Congress; Fox News, “This day in history”)."
Dwight D. Eisenhower;Nos conselhos de governo, devemos nos precaver contra a aquisição de influência indevida, buscada ou não, pelo complexo industrial-militar.;Discurso de despedida à nação, 17 de janeiro de 1961;"Fase 119 (10/10/2026, correção): O original registrado omitia “whether sought or unsought”; completado. Evidência: Discurso de despedida, 17/01/1961 (transcrição dos National Archives)."
Dwight D. Eisenhower;Planos não valem nada, mas o planejamento é tudo.;Discurso na National Defense Executive Reserve Conference, 14 de novembro de 1957;"Fase 119 (10/10/2026, correção): O texto do discurso é “Plans are worthless, but planning is everything”, que Eisenhower diz ter ouvido no Exército. Original, tradução, data e nota ajustados. Evidência: Remarks at the National Defense Executive Reserve Conference, 14/11/1957 (Public Papers; presidency.ucsb.edu); Quote Investigator (2017)."
Charles de Gaulle;A França perdeu uma batalha, mas não perdeu a guerra.;Cartaz “À tous les Français”, Londres, julho–agosto de 1940;"Fase 119 (10/10/2026, correção): Original ajustado ao texto do cartaz; data corrigida. Evidência: Cartaz “À tous les Français”, impresso em Londres no fim de julho de 1940 e afixado a partir de agosto (Musée de l’Armée; Wikiquote)."
Woodrow Wilson;O mundo deve se tornar seguro para a democracia.;Discurso ao Congresso pedindo declaração de guerra, 2 de abril de 1917;Fase 119 (10/10/2026): original conferido — President Wilson’s Addresses (Project Gutenberg #17427, espelho GITenberg).
B. R. Ambedkar;Eduquem-se, agitem-se, organizem-se.;Conferência das Classes Deprimidas de Toda a Índia, Nagpur, julho de 1942;"Fase 119 (10/10/2026): original conferido — Conferência das Classes Deprimidas de Toda a Índia, Nagpur, 18–19/07/1942 (The Wire; SAADA); lema usado antes pela Bahishkrit Hitakarini Sabha (F. Pritchett, Columbia)."
B. R. Ambedkar;O sistema de castas não é apenas uma divisão do trabalho. É também uma divisão de trabalhadores.;A Aniquilação das Castas (1936), seção 4;"Fase 119 (10/10/2026, correção): O original registrado é a forma popular; o texto diz “the Caste System is not merely a division of labour. It is also a division of labourers.” Original e tradução ajustados. Evidência: Annihilation of Caste (1936), seção 4 (Roundtable India; transcrição da edição Pirates Enhanced Classics)."
Sheryl Sandberg;Se lhe oferecerem um lugar num foguete, não pergunte qual assento. Apenas entre.;Faça Acontecer (2013), capítulo 4;Fase 119 (10/10/2026): original conferido — Lean In (2013), cap. 4: conselho de Eric Schmidt a Sandberg.
Louisa May Alcott;Não tenho medo de tempestades, pois estou aprendendo a conduzir meu navio.;Mulherzinhas (1868), capítulo 44;Fase 119 (10/10/2026, correção): Original ajustado ao texto (formas contraídas). Evidência: Little Women, cap. XLIV “My Lord and Lady” (Standard Ebooks, domínio público).
James M. Barrie;Segunda estrela à direita, e siga em frente até de manhã.;Peter Pan e Wendy (1911), capítulo 4;Fase 117: original (campo orig) encontrado literalmente em j-m-barrie_peter-and-wendy (Standard Ebooks, domínio público), conferido em 08/10/2026.
Alice Walker;Meu ativismo paga o aluguel por estar viva e estar aqui no planeta.;Entrevista a Claudia Dreifus, The Progressive, agosto de 1989;"Fase 119 (10/10/2026, correção): A forma corrente (“Activism is my rent for living on the planet”) é condensação; o texto publicado é “My activism pays the rent on being alive and being here on the planet”. Original, tradução e fonte ajustados. Evidência: Entrevista a Claudia Dreifus, The Progressive, agosto de 1989 (Quote Investigator, 2024)."
Madame de Staël;Compreender tudo torna a pessoa muito indulgente.;Corinne (1807), livro XVIII, capítulo 5;Fase 119 (10/10/2026): original conferido — Corinne ou l’Italie (Project Gutenberg #60810, espelho GITenberg).
Ernest Renan;A existência de uma nação é um plebiscito de todos os dias.;O Que é uma Nação? (1882), conferência na Sorbonne;"Fase 119 (10/10/2026, correção): O original registrado omitia o parêntese do texto; restituído. Evidência: Qu’est-ce qu’une nation ? (1882), excerto em francês (Universidade Nacional Central de Taiwan)."
Samuel Butler;A vida é a arte de tirar conclusões suficientes a partir de premissas insuficientes.;Cadernos de Samuel Butler (1912);Fase 119 (10/10/2026): original conferido — The Note-Books of Samuel Butler (Project Gutenberg #6173, espelho GITenberg).
Théophile Gautier;Nada é verdadeiramente belo senão o que não serve para nada.;Mademoiselle de Maupin (1835), prefácio;Fase 119 (10/10/2026): original conferido — Mademoiselle de Maupin (Project Gutenberg #14288, espelho GITenberg).
Marcel Proust;Amamos apenas aquilo que não possuímos inteiramente.;A Prisioneira (1923), volume V de Em Busca do Tempo Perdido;Fase 119 (10/10/2026): original conferido — La Prisonnière (Project Gutenberg #60720, espelho GITenberg).
Joseph Joubert;Ensinar é aprender duas vezes.;Pensamentos (1838);Fase 119 (10/10/2026): original conferido — Pensées, cap. 19, “De l’éducation”, § 88 (ed. 1850).
Joseph Joubert;O objetivo da disputa ou da discussão não deve ser a vitória, mas o aperfeiçoamento.;Pensamentos (1838);"Fase 119 (10/10/2026, correção): orig abreviado; tradução “progresso” vinha de versão inglesa. Evidência: Pensées, “De la famille et de la société”, § 41 (ed. 1850): “Le but de la dispute ou de la discussion ne doit pas être la victoire, mais l’amélioration.”"
Henri Matisse;O que sonho é uma arte de equilíbrio, de pureza e serenidade.;Notas de um Pintor (1908), publicado na revista La Grande Revue;"Fase 119 (10/10/2026): original conferido — “Notes d’un peintre”, La Grande Revue, dezembro de 1908; tradução de Jack Flam, Matisse on Art (1973) (MoMA; Nelson-Atkins). Observação: original francês não conferido no corpus; passagem conferida em tradução inglesa citada por museus."
John Lennon;A vida é o que acontece enquanto você está ocupado fazendo outros planos.;Beautiful Boy (1980), do álbum Double Fantasy;Fase 119 (10/10/2026): original conferido — Letra de “Beautiful Boy (Darling Boy)”, Double Fantasy (1980).
John Lennon;Imagine todas as pessoas vivendo a vida em paz.;Imagine (1971), segunda estrofe;Fase 119 (10/10/2026): original conferido — Letra de “Imagine” (1971), segunda estrofe.
Gertrude Stein;Rosa é uma rosa é uma rosa é uma rosa.;Sacred Emily (1913), poema;"Fase 119 (10/10/2026, correção): O verso tem quatro ocorrências de “rose”; o português trazia três. Tradução ajustada ao original. Evidência: Geography and Plays (Project Gutenberg #33403, espelho GITenberg)."
Anaïs Nin;"Não vemos as coisas como elas são; vemos as coisas como nós somos.";Sedução do Minotauro (1961);Fase 119 (10/10/2026): original conferido — Quote Investigator (2014): Nin usa a frase em Seduction of the Minotaur (1961), lembrada pela personagem Lillian como “palavras talmúdicas”.
T. S. Eliot;Abril é o mais cruel dos meses.;A Terra Devastada (1922), primeiro verso;Fase 119 (10/10/2026): original conferido — The Waste Land (Project Gutenberg #1321, espelho GITenberg).
T. S. Eliot;Não cessaremos de explorar, e o fim de toda a nossa exploração será chegar onde começamos e conhecer o lugar pela primeira vez.;Quatro Quartetos (1943), Little Gidding, seção V;Fase 119 (10/10/2026): original conferido — Four Quartets, “Little Gidding” (1942), seção V.
Ring Lardner;Cale a boca, ele explicou.;O Jovem Imigrante (1920);"Fase 119 (10/10/2026, correção): pontuação do orig. Evidência: The Young Immigrunts (1920), publicado como se fosse do filho de quatro anos de Lardner (Library of America; Neglected Books)."
Laurel Thatcher Ulrich;Mulheres bem-comportadas raramente fazem história.;Artigo em American Quarterly (1976), sobre sermões funerários puritanos;"Fase 119 (10/10/2026): original conferido — “Vertuous Women Found”, American Quarterly 28 (1976); Wikipedia e Harvard Gazette."
Nora Ephron;Acima de tudo, seja a heroína da sua vida, não a vítima.;Discurso de formatura no Wellesley College, 1996;Fase 119 (10/10/2026): original conferido — Discurso de formatura no Wellesley College, 1996.
Max De Pree;A primeira responsabilidade de um líder é definir a realidade. A última é dizer obrigado.;Liderança é uma Arte (1987), capítulo 1;"Fase 119 (10/10/2026): original conferido — Leadership Is an Art, capítulo “What Is Leadership?”, frases de abertura (resenhas; resumo com página 11)."
Robert K. Greenleaf;O líder servidor é servidor primeiro. Começa com o sentimento natural de que se quer servir.;O Servidor como Líder (1970);Fase 119 (10/10/2026): original conferido — “The Servant as Leader” (1970).
Stephen Covey;A chave não é priorizar o que está na sua agenda, mas agendar suas prioridades.;Os 7 Hábitos das Pessoas Altamente Eficazes (1989), hábito 3;"Fase 119 (10/10/2026, correção): obra de origem. Evidência: The 7 Habits (1989), hábito 3 (blog Cordell; Art of Manliness); também repetida em First Things First."
David Ogilvy;"O consumidor não é um idiota; é sua esposa.";Confissões de um Publicitário (1963);Fase 119 (10/10/2026): original conferido — Wikiquote: Confessions of an Advertising Man (1963), p. 96 da edição Ballantine.
Brian Tracy;Engula aquele sapo.;Engula Aquele Sapo (2001), capítulo 1;"Fase 119 (10/10/2026): original conferido — Eat That Frog! (2001), título e princípio do livro (catálogo da obra; resumos)."
Émile-Auguste Chartier;"O pessimismo é de humor; o otimismo é de vontade.";Sobre Felicidade (1925), propos 93;Fase 119 (10/10/2026): original conferido — Propos sur le bonheur (1925), propos 93 (“Il faut jurer”).
Elbert Hubbard;"Não leve a vida a sério demais; você nunca sairá vivo dela.";The Philosophy of Elbert Hubbard (1916);"Fase 119 (10/10/2026, correção): A redação registrada está literalmente em The Philosophy of Elbert Hubbard (1916); na Philistine de dezembro de 1900 a forma era outra (“please do not take life quite so seriously—you surely will never get out of it alive”, Quote Investigator). Fonte corrigida. Evidência: The Philosophy of Elbert Hubbard (1916) (Project Gutenberg #70579, espelho GITenberg)."
Noam Chomsky;A propaganda é para a democracia o que o cassetete é para o Estado totalitário.;Controle da Mídia (1991), capítulo 1;"Fase 119 (10/10/2026): original conferido — Media Control (1991/2002) (Random House; Connexions)."
Noam Chomsky;A maneira inteligente de manter as pessoas passivas e obedientes é limitar estritamente o espectro de opinião aceitável.;The Common Good (1998);"Fase 119 (10/10/2026, correção): obra errada; texto português omitia “e obedientes”. Evidência: The Common Good (1998) (Wikiquote/wist.info); a obra não é Profit over People."
Thomas Sowell;Não há soluções. Há apenas escolhas de trade-offs.;Conflito de Visões (1987);Fase 119 (10/10/2026): original conferido — A Conflict of Visions (1987), cap. 2.
Ayn Rand;Essa não é a questão. A questão é: quem vai me impedir?;A Nascente (1943), parte I, capítulo 1;"Fase 119 (10/10/2026, correção): A forma registrada é uma condensação moderna; o texto do romance é o diálogo entre Roark e o reitor (“My dear fellow, who will let you?” — “That’s not the point. The point is, who will stop me?”). Original, tradução e nota ajustados. Evidência: Quote Investigator (2013); Ayn Rand Institute, “The Quotable Ayn Rand: Who Is Going to Stop Me?”; PolitiFact (2019)."
Salvador Dalí;Não tenha medo da perfeição: você nunca a alcançará.;50 Segredos Mágicos para Pintar (1948), “dez regras”;"Fase 119 (10/10/2026, correção): obra errada (não é A Vida Secreta). Evidência: 50 Secrets of Magic Craftsmanship (1948), “dez regras” para quem quer ser pintor (Poetry Porch; resumos do livro)."
José Martí;Cultivo uma rosa branca, em junho como em janeiro.;Versos Sencillos (1891), poema XXXIX;Fase 119 (10/10/2026): original conferido — Versos sencillos (1891), XXXIX.
José Martí;Pátria é humanidade.;“La Revista Literaria Dominicense”, no jornal Patria (26/01/1895);Fase 119 (10/10/2026, correção): data e título da fonte. Evidência: Nota “La Revista Literaria Dominicense”, no jornal Patria (Nova York), 26/01/1895: “Patria es humanidad…”
Benjamin Disraeli;Somos duas nações entre as quais não há relação nem simpatia.;Sybil, ou As Duas Nações (1845), livro II, capítulo 5;Fase 117: original (campo orig) encontrado literalmente em benjamin-disraeli_sybil (Standard Ebooks, domínio público), conferido em 08/10/2026.
Oliver Goldsmith;Nossa maior glória não está em nunca cair, mas em levantar cada vez que caímos.;O Cidadão do Mundo (1762), carta VII;"Fase 119 (10/10/2026, correção): orig com “consists”; e a máxima é posta na boca de um viajante chinês fictício. Evidência: The Citizen of the World, carta VII (Public Ledger, 1760; livro de 1762, vol. I, p. 22–23); Quote Investigator."
Hillary Clinton;Direitos humanos são direitos das mulheres, e direitos das mulheres são direitos humanos.;Discurso na Quarta Conferência Mundial sobre a Mulher, Pequim, 5 de setembro de 1995;"Fase 119 (10/10/2026): original conferido — Discurso na IV Conferência Mundial sobre a Mulher, Pequim, 05/09/1995 (UN News; transcrição Rev)."
Augusto;Apressa-te devagar.;Registrado por Suetônio em A Vida dos Doze Césares, Augusto, 25;"Fase 119 (10/10/2026, correção): Suetônio registra a máxima em grego (σπεῦδε βραδέως); “festina lente” é a forma latina corrente, que não está no texto. Original corrigido para o que Suetônio escreveu. Evidência: Suetônio, Divus Augustus 25 (texto latino, The Latin Library, espelho cltk no GitHub)."
Augusto;Encontrei Roma feita de tijolos e a deixei feita de mármore.;Registrado por Suetônio em A Vida dos Doze Césares, Augusto, 28;Fase 119 (10/10/2026): original conferido — Suetônio, De vita Caesarum, Divus Augustus 28 (texto latino, The Latin Library, espelho cltk no GitHub).
Henry Chesbrough;Nem todas as pessoas inteligentes trabalham para nós. Precisamos trabalhar com as de fora também.;Open Innovation (2003), capítulo 1;"Fase 119 (10/10/2026): original conferido — Open Innovation (2003): princípio “Not all the smart people work for us” do quadro inovação fechada × aberta (Emerald; openinnovation.eu; Berkeley Haas)."
Thomas J. Stanley;Riqueza não é o mesmo que renda. Se você ganha bem todo ano e gasta tudo, não está ficando mais rico.;O Milionário Mora ao Lado (1996), capítulo 1;Fase 119 (10/10/2026, correção): orig incompleto em relação ao texto português. Evidência: The Millionaire Next Door (1996), cap. 1: “Wealth is not the same as income. If you make a good income each year and spend it all, you are not getting wealthier.”
Al Ries e Jack Trout;O posicionamento não é o que você faz com o produto. É o que você faz com a mente do cliente.;Posicionamento: A Batalha por Sua Mente (1981), capítulo 1;Fase 119 (10/10/2026): original conferido — Positioning: The Battle for Your Mind (1981), p. 2, conforme notas de leitura (Will Patrick) e destaques de leitores (Goodreads).
Albert Schweitzer;Sou vida que quer viver, em meio a vida que quer viver.;Filosofia da Civilização (1923), volume II;"Fase 119 (10/10/2026): original conferido — Kultur und Ethik (Kulturphilosophie II, 1923): fórmula central da ética da reverência pela vida; estudos sobre Schweitzer (Spektrum; resenhas da Herder)."
Fernando Pessoa;Tenho em mim todos os sonhos do mundo.;"“Tabacaria” (1928), de Álvaro de Campos, heterônimo de Fernando Pessoa; publicado em Presença, 1933";"Verso do trecho inicial do poema (datado de 15-1-1928); a voz é a do heterônimo Álvaro de Campos. Conferido em várias reproduções do poema; edição impressa de base não identificada."
Baruch Spinoza;A paz não é a ausência de guerra, mas uma virtude que nasce da força de alma.;Tratado Político (1677), capítulo 5, §4;"Fase 119 (10/10/2026): original conferido — Tractatus Politicus V, 4 (Wikipedia; Curley, Collected Works; texto latino em coletânea derivada do Wikiquote)."
Baruch Spinoza;O homem livre em nada pensa menos do que na morte, e sua sabedoria é uma meditação da vida, não da morte.;Ética (1677), parte IV, proposição 67;"Fase 119 (10/10/2026, correção): O português traduz a proposição inteira; o original registrado trazia só a primeira metade. Original completado com o texto da edição. Evidência: Spinoza, Ethica, pars IV (texto latino, The Latin Library, espelho cltk no GitHub)."
René Descartes;"Não basta ter um bom espírito; o principal é aplicá-lo bem.";Discurso do Método (1637), primeira parte;Fase 119 (10/10/2026): original conferido — Discours de la méthode (1637), parte I (Project Gutenberg #13846, espelho GITenberg).
Heráclito;O caráter do homem é o seu destino.;Fragmento 119, transmitido por Estobeu;"Fase 119 (10/10/2026, correção): O original registrado estava transliterado; substituído pelo grego do fragmento. Evidência: Heráclito, fr. DK 22 B119, transmitido por Estobeu (Anthologium IV, 40, 23)."
Michel Foucault;Onde há poder, há resistência.;História da Sexualidade I (1976), capítulo 4;Fase 119 (10/10/2026): original conferido — La Volonté de savoir (1976), parte IV, cap. 2 (“Méthode”).
Karl Marx;"Os filósofos apenas interpretaram o mundo de diferentes maneiras; do que se trata é de transformá-lo.";Teses sobre Feuerbach (1845), tese 11;Fase 119 (10/10/2026, correção): orig misturava a grafia do manuscrito e a da edição de Engels. Evidência: Thesen über Feuerbach, tese 11, manuscrito de 1845: “Die Philosophen haben die Welt nur verschieden interpretirt, es kömmt drauf an sie zu verändern.” (a versão editada por Engels em 1888 acrescenta “aber”).
Karl Marx;Um espectro ronda a Europa: o espectro do comunismo.;Manifesto do Partido Comunista (1848), abertura;Fase 119 (10/10/2026, correção): orig incompleto em relação ao texto português. Evidência: Manifest der Kommunistischen Partei (1848), primeira frase: “Ein Gespenst geht um in Europa – das Gespenst des Kommunismus.”
G. K. Chesterton;Um louco não é quem perdeu a razão, mas quem perdeu tudo exceto a razão.;Ortodoxia (1908), capítulo 2;Fase 119 (10/10/2026, correção): Original ajustado ao texto da edição (“The madman”). Evidência: Orthodoxy (Project Gutenberg #130, espelho GITenberg).
Albert Einstein;Em todo caso, estou convencido de que Ele não joga dados.;Carta a Max Born, 4 de dezembro de 1926;"Fase 119 (10/10/2026, correção): O original registrado (“Der Alte würfelt nicht”) é uma condensação; a frase da carta é “Jedenfalls bin ich überzeugt, daß der nicht würfelt” (“o Velho” aparece na frase anterior). Original e tradução ajustados. Evidência: Carta a Max Born, 4/12/1926 (Born–Einstein Briefwechsel, 1969, p. 129 s.; Einstein Papers, Princeton; Physics Today)."
Albert Einstein;Não tenho nenhum talento especial. Sou apenas apaixonadamente curioso.;Carta a Carl Seelig, 11 de março de 1952;"Fase 119 (10/10/2026, correção): O original registrado estava em inglês; a carta foi escrita em alemão. Original substituído pelo texto alemão. Evidência: Carta a Carl Seelig, 11/03/1952 (Arquivo ETH Zurique; Einstein Archives 39-013), conforme Mental Floss e edições em alemão."
Isaac Newton;Se vi mais longe, foi por estar sobre ombros de gigantes.;Carta a Robert Hooke, 5 de fevereiro de 1676;"Fase 119 (10/10/2026, correção): Original ajustado à grafia do manuscrito (“ye”). Evidência: Carta a Robert Hooke, 5/02/1675-6 (Historical Society of Pennsylvania, coleção Gratz; Linda Hall Library)."
Galileu Galilei;A filosofia está escrita neste grandíssimo livro que continuamente permanece aberto diante de nossos olhos: o universo.;O Ensaiador (1623), capítulo 6;"Fase 119 (10/10/2026, correção): O português traduz também “(io dico l’universo)”; original completado. Evidência: Il Saggiatore (1623), in Opere, vol. VI, p. 232 (Inters.org; Mathematical Association of America)."
Carl Sagan;Somos feitos de poeira de estrelas.;Cosmos (1980), episódio 1;"Fase 119 (10/10/2026): original conferido — Série Cosmos (1980), episódio 1, “The Shores of the Cosmic Ocean” (The Planetary Society; Live Science)."
Stephen Hawking;Por pior que a vida possa parecer, há sempre algo que você pode fazer e em que pode ter sucesso.;Entrevista coletiva em Hong Kong (13/06/2006);"Fase 119 (10/10/2026, correção): fonte e redação: não é do discurso das Paralimpíadas. Evidência: Entrevista coletiva em Hong Kong, 13/06/2006 (registro do Education Bureau de Hong Kong; Wikiquote)."
Stephen Hawking;Olhe para as estrelas, e não para os seus pés.;Discurso na abertura dos Jogos Paralímpicos de Londres (29/08/2012);"Fase 119 (10/10/2026, correção): fonte errada; orig sem “Remember to”. Evidência: Abertura dos Jogos Paralímpicos de Londres, 29/08/2012: “Look up at the stars, and not down at your feet.” (Al Arabiya; Channel 4)."
Charles Darwin;A ignorância gera confiança com mais frequência do que o conhecimento.;A Origem do Homem (1871), introdução;Fase 119 (10/10/2026): original conferido — The Descent of Man (Project Gutenberg #2300, espelho GITenberg).
Alan Turing;Podemos ver apenas um pouco à frente, mas podemos ver muita coisa que precisa ser feita.;Máquinas de Computação e Inteligência (1950), última linha;Fase 119 (10/10/2026): original conferido — “Computing Machinery and Intelligence”, Mind 59 (1950), última frase do artigo.
Ada Lovelace;A Máquina Analítica tece padrões algébricos assim como o tear de Jacquard tece flores e folhas.;Notas sobre o Motor Analítico (1843), nota A;"Fase 119 (10/10/2026): original conferido — Notas de Ada Lovelace (1843), nota A; Bodleian Library e reproduções do texto."
Jane Goodall;Só se entendermos poderemos nos importar. Só se nos importarmos ajudaremos.;“Chimpanzees — Bridging the Gap”, em The Great Ape Project (1993), p. 14;"Fase 119 (10/10/2026, correção): tradução invertia a ordem da frase original; fonte genérica. Evidência: “Chimpanzees — Bridging the Gap”, em The Great Ape Project (1993), p. 14; reproduzido pelo Jane Goodall Institute."
Rosalind Franklin;A ciência e a vida cotidiana não podem e não devem ser separadas.;Carta a Ellis Franklin, verão de 1940;"Fase 119 (10/10/2026): original conferido — Carta ao pai, Ellis Franklin (c. verão de 1940), reproduzida em Brenda Maddox, Rosalind Franklin (2002); Quote Investigator (2021)."
Grace Hopper;É mais fácil pedir perdão do que pedir permissão.;Entrevista à revista Chips Ahoy (Marinha dos EUA), julho de 1986;"Fase 119 (10/10/2026, correção): A fonte registrada (Computerworld, 1976) não corresponde a esta frase; a forma registrada é a da entrevista à Chips Ahoy (1986). Hopper popularizou o ditado, que já circulava antes. Evidência: Wikiquote: Chips Ahoy, revista da Marinha dos EUA, julho de 1986; Barry Popik; Yale Book of Quotations (Computerworld, 1984)."
Anne Frank;Que maravilha é que ninguém precise esperar um único momento antes de começar a melhorar o mundo.;“Dar” (26/03/1944), em Contos do Esconderijo;"Fase 119 (10/10/2026, correção): a frase não está no diário, e sim no conto “Dar”, da mesma data. Evidência: A frase é do conto “Geven” (“Dar”), datado de 26/03/1944, escrito por Anne Frank no esconderijo; versões alemã e inglesa (Cidade de Nuremberg; Anne Frank Huis)."
Anne Frank;Papel tem mais paciência que gente.;Diário de Anne Frank, 20 de junho de 1942;"Fase 119 (10/10/2026): original conferido — Diário, entrada de 20/06/1942 (traduções inglesas: “Paper has more patience than people”; NCERT; World Holocaust Forum). Observação: original neerlandês não conferido no corpus."
Primo Levi;Se isto é um homem.;Se Isto é um Homem (1947), título e poema de abertura;Fase 119 (10/10/2026): original conferido — Se questo è un uomo (1947), título e poema de abertura.
Primo Levi;Aconteceu, portanto pode acontecer de novo.;Os Afogados e os Sobreviventes (1986), conclusão;Fase 119 (10/10/2026, correção): orig com “accaduto” em vez de “avvenuto”. Evidência: I sommersi e i salvati (1986), conclusão: “È avvenuto, quindi può accadere di nuovo: questo è il nocciolo di quanto abbiamo da dire.”
Nelson Mandela;Ninguém nasce odiando outra pessoa pela cor de sua pele.;Longo Caminho para a Liberdade (1994);"Fase 119 (10/10/2026, correção): número do capítulo não confirmado. Evidência: Long Walk to Freedom (1994), parte final; trecho reproduzido em materiais escolares e resenhas."
Martin Luther King Jr.;Eu tenho um sonho: que meus quatro filhos um dia vivam numa nação onde não serão julgados pela cor da pele, mas pelo conteúdo de seu caráter.;Discurso na Marcha sobre Washington, 28 de agosto de 1963;Fase 119 (10/10/2026): original conferido — “I Have a Dream”, discurso na Marcha sobre Washington, 28/08/1963 (transcrição dos Arquivos Nacionais e do King Center).
Rosa Parks;As pessoas sempre dizem que não cedi o lugar porque estava cansada, mas isso não é verdade. […] Não: a única coisa de que eu estava cansada era de ceder.;Rosa Parks: Minha História (1992);Fase 119 (10/10/2026, correção): orig fundia duas frases sem indicar o corte. Evidência: Rosa Parks: My Story (1992), relato da prisão de 1955: “People always say that I didn’t give up my seat because I was tired, but that isn’t true. […] No, the only tired I was, was tired of giving in.”
Sojourner Truth;E eu não sou uma mulher?;Discurso em Akron (1851), na versão de Frances Gage (1863);"Fase 119 (10/10/2026, correção): a redação é da versão de 1863, não do relato de 1851. Evidência: Versão de Frances Gage (1863), reproduzida pelo National Park Service e por edições escolares; relato de Marius Robinson (1851) sem o refrão."
Frederick Douglass;O poder não concede nada sem uma exigência. Nunca concedeu e nunca concederá.;Discurso sobre a emancipação nas Índias Ocidentais, 3 de agosto de 1857;Fase 119 (10/10/2026): original conferido — The Frederick Douglass Papers, série 1, vol. 3 (Yale, 1985), p. 204: “The Significance of Emancipation in the West Indies”, Canandaigua, 03/08/1857.
Malcolm X;Sou a favor da verdade, não importa quem a diga.;Autobiografia de Malcolm X (1965);Fase 119 (10/10/2026, correção): fonte genérica (“entrevista”). Evidência: The Autobiography of Malcolm X (1965), cartas de Meca: “I’m for truth, no matter who tells it. I’m for justice…”
Abraham Lincoln;Com malícia para com ninguém, com caridade para com todos.;Segundo Discurso de Posse, 4 de março de 1865;Fase 119 (10/10/2026): original conferido — The Papers and Writings of Abraham Lincoln (Project Gutenberg #3253, espelho GITenberg).
Abraham Lincoln;Uma casa dividida contra si mesma não pode permanecer de pé.;Discurso em Springfield, Illinois, 16 de junho de 1858;Fase 119 (10/10/2026): original conferido — The Papers and Writings of Abraham Lincoln (Project Gutenberg #3253, espelho GITenberg).
Simón Bolívar;Arei no mar.;Carta a Juan José Flores, 9 de novembro de 1830;Fase 119 (10/10/2026): original conferido — Carta a Juan José Flores, 09/11/1830: “los que han servido a la revolución han arado en el mar”.
Václav Havel;Viver na verdade.;O Poder dos Sem-Poder (1978);Fase 119 (10/10/2026): original conferido — Moc bezmocných (1978): “život v pravdě”.
Kofi Annan;O conhecimento é poder. A informação liberta. A educação é a premissa do progresso, em toda sociedade, em toda família.;Discurso na conferência Global Knowledge ’97, Toronto (22/06/1997);"Fase 119 (10/10/2026, correção): fonte genérica; frase completa termina em “in every society, in every family”. Evidência: Discurso na conferência Global Knowledge ’97 do Banco Mundial, Toronto, 22/06/1997 (comunicado ONU SG/SM/6268; relatório IISD/ENB)."
Michelle Obama;Quando eles descem, nós subimos.;Discurso na Convenção Nacional Democrata, 25 de julho de 2016;Fase 119 (10/10/2026): original conferido — Discurso na Convenção Nacional Democrata, 25/07/2016: “Our motto is, when they go low, we go high.”
Desmond Tutu;Se você é neutro em situações de injustiça, escolheu o lado do opressor.;Citado por Robert McAfee Brown em Unexpected News (1984), p. 19;Fase 119 (10/10/2026, correção): Fonte genérica substituída pelo registro mais antigo localizado. Evidência: Robert McAfee Brown, Unexpected News: Reading the Bible with Third World Eyes (1984), p. 19, que cita Tutu (Wikiquote).
Rosa Luxemburgo;Liberdade é sempre a liberdade de quem pensa diferente.;"A Revolução Russa (1918; publicada em 1922), nota manuscrita";Fase 119 (10/10/2026, correção): orig com artigo a mais. Evidência: Die russische Revolution (escrito em 1918, publicado em 1922), nota manuscrita: “Freiheit ist immer Freiheit des Andersdenkenden.”
Leonardo da Vinci;Quem pouco pensa, muito erra.;Manuscrito H (c. 1494), fólio 119;"Fase 119 (10/10/2026, correção): fonte genérica. Evidência: Manuscrito H, fol. 119r (Wikiquote it.); Richter, The Notebooks of Leonardo da Vinci, § 1192: “He who thinks little, errs much.”  (Project Gutenberg #5000, espelho GITenberg)."
Frida Kahlo;Pés, para que os quero, se tenho asas para voar?;"Diário de Frida Kahlo (1953), legenda de um desenho; reproduzido em Hayden Herrera, Frida (1983), p. 415";"Fase 119 (10/10/2026, correção): Original ajustado à grafia do diário (“pa’ volar”); fonte especificada. Evidência: Diário de Frida Kahlo (1953), legenda de desenho reproduzida em Hayden Herrera, Frida (1983), p. 415 (Wikiquote; Culturagenial)."
Ludwig van Beethoven;"Agarrarei o destino pela garganta; ele não me dobrará por completo.";Carta a Franz Wegeler, 16 de novembro de 1801;"Fase 119 (10/10/2026): original conferido — Beethoven, the Man and the Artist, as Revealed in His Own Words, n. 177 (carta a Wegeler, 16/11/1801) (Project Gutenberg #3528, espelho GITenberg). Observação: original alemão não conferido no corpus; passagem conferida na tradução inglesa (“I will grapple with Fate; it shall not quite bear me down”)."
Charles Chaplin;Mais do que de máquinas, precisamos de humanidade. Mais do que de inteligência, precisamos de bondade e de gentileza.;O Grande Ditador (1940), discurso final;"Fase 119 (10/10/2026, correção): O português resumia o original (“Precisamos mais de bondade do que de inteligência”); substituído por tradução fiel das duas frases. Evidência: Discurso final de The Great Dictator (1940): transcrição no site oficial charliechaplin.com e em Rev."
Charles Chaplin;Pensamos demais e sentimos muito pouco.;O Grande Ditador (1940), discurso final;Fase 119 (10/10/2026): original conferido — Discurso final de The Great Dictator (1940): transcrição no site oficial charliechaplin.com e em Rev.
Michael Jordan;Errei mais de 9.000 arremessos na carreira. Perdi quase 300 jogos. Em 26 ocasiões confiaram em mim para o arremesso da vitória, e eu errei. Fracassei muitas e muitas vezes na vida. E é por isso que tenho sucesso.;Comercial da Nike, 1997;"Fase 119 (10/10/2026, correção): orig truncado; texto português incluía frase final ausente do orig. Evidência: Comercial “Failure” da Nike (1997); texto de Jamie Barrett narrado por Jordan (Shmoop; WARC)."
Michael Jordan;O talento vence jogos, mas o trabalho em equipe e a inteligência ganham campeonatos.;I Can’t Accept Not Trying (1994);"Fase 119 (10/10/2026): original conferido — I Can’t Accept Not Trying (1994) (Wikiquote; Entrepreneur)."
Vince Lombardi;A perfeição não é alcançável, mas se perseguirmos a perfeição podemos alcançar a excelência.;Primeira reunião com os Green Bay Packers (1959), segundo Bart Starr;"Fase 119 (10/10/2026, correção): fonte genérica. Evidência: Bart Starr, em Jerry Kramer, Distant Replay (1985): fala de Lombardi na primeira reunião com os Packers (1959); Barry Popik."
Muhammad Ali;Flutue como uma borboleta, ferroe como uma abelha.;Slogan criado por Drew Bundini Brown e adotado por Ali, 1964;Fase 119 (10/10/2026): original conferido — Lema criado por Drew Bundini Brown e usado por Ali em 1964 (registro da fonte).
Thich Nhat Hanh;O milagre não é andar sobre as águas. O milagre é andar sobre a terra verde no momento presente.;Touching Peace (1992);"Fase 119 (10/10/2026, correção): obra errada. Evidência: A redação do orig é de Touching Peace (1992); em The Miracle of Mindfulness o texto é outro (“the real miracle is not to walk either on water or in thin air, but to walk on earth”)."
Santo Agostinho;Ama e faze o que quiseres.;Homilias sobre a Primeira Carta de João (407), homilia VII, 8;Fase 119 (10/10/2026): original conferido — In epistolam Ioannis ad Parthos, tratado VII, 8 (PL 35, 2033): “Dilige, et quod vis fac.”
Abraham Maslow;É tentador, se a única ferramenta que você tem é um martelo, tratar tudo como se fosse um prego.;A Psicologia da Ciência (1966), capítulo 2;"Fase 119 (10/10/2026, correção): A ordem das palavras do original registrado estava alterada; ajustada à redação do livro (“it is tempting, if the only tool you have is a hammer, to treat everything as if it were a nail”). Evidência: Wikipedia “Law of the instrument”; Quote Investigator (2014); Yale Book of Quotations (via ADS-L): The Psychology of Science (1966), cap. 2, p. 15–16."
Carol Dweck;A visão que você adota sobre si mesmo afeta profundamente a maneira como você conduz sua vida.;Mindset: A Nova Psicologia do Sucesso (2006), capítulo 1;"Fase 119 (10/10/2026): original conferido — Mindset (2006), cap. 1 “The Mindsets”, p. 6 (“My research has shown that the view you adopt for yourself profoundly affects the way you lead your life”) — resumo do IIT Delhi; SuperSummary."
Angela Duckworth;A garra é paixão e perseverança por objetivos de longo prazo.;Palestra TED “Garra: o poder da paixão e da perseverança” (2013);"Fase 119 (10/10/2026, correção): A definição foi dita na palestra TED de 2013; não se confirmou a redação no capítulo 1 do livro. Fonte corrigida. Evidência: Transcrição da palestra TED “Grit: the power of passion and perseverance” (2013), licença CC BY-NC-ND 4.0."
Angela Duckworth;O esforço conta duas vezes.;Garra (2016), título do capítulo 3;"Fase 119 (10/10/2026, correção): A forma registrada (“Talent counts once, effort counts twice”) não foi confirmada como texto do livro; o capítulo 3 se intitula “Effort Counts Twice”. Original e tradução ajustados ao título conferido. Evidência: Grit (2016), título do cap. 3, “Effort Counts Twice”."
Donald Winnicott;Não existe isso de um bebê.;“Anxiety Associated with Insecurity” (1952), em Through Paediatrics to Psycho-Analysis (1958);"Fase 119 (10/10/2026, correção): O português acrescentava uma frase que não está no original registrado; e a frase foi publicada no artigo de 1952, onde Winnicott relata tê-la dito numa reunião por volta de 1940. Tradução e fonte ajustadas. Evidência: “Anxiety Associated with Insecurity” (1952), reproduzido em Through Paediatrics to Psycho-Analysis (1958); Collected Works of D. W. Winnicott, vol. 12."
John Bogle;Como grupo, os investidores não só não recebem aquilo pelo que pagam: recebem exatamente aquilo pelo que não pagam. Se não pagamos nada, recebemos tudo.;O Livrinho do Investimento de Bom Senso (2007);"Fase 119 (10/10/2026, correção): orig era a forma curta de palestras; substituída pela passagem do livro indicado. Evidência: The Little Book of Common Sense Investing (2007): “…not only don’t get what we pay for, we get precisely what we don’t pay for. So if we pay for nothing, we get everything.”; a forma curta é de palestras."
Ray Dalio;A dor mais a reflexão é igual a progresso.;Princípios (2017);Fase 119 (10/10/2026): original conferido — Principles (2017): “Pain + Reflection = Progress”.
Howard Marks;Você não pode prever, mas pode se preparar.;Memorando aos clientes da Oaktree, “You Can’t Predict. You Can Prepare.”, 20 de novembro de 2001;Fase 119 (10/10/2026, correção): A frase é o título do memorando de 2001, não do livro de 2011. Fonte corrigida. Evidência: Memorando de Howard Marks aos clientes da Oaktree, “You Can’t Predict. You Can Prepare.”, 20/11/2001 (oaktreecapital.com).
Milton Friedman;Não existe almoço grátis.;There’s No Such Thing as a Free Lunch (1975), título do livro;Fase 119 (10/10/2026): original conferido — Título do livro de 1975.
John Maynard Keynes;No longo prazo, estaremos todos mortos.;Um Tratado sobre a Reforma Monetária (1923), capítulo 3;Fase 119 (10/10/2026): original conferido — A Tract on Monetary Reform (1923), cap. III: “In the long run we are all dead.” (Project Gutenberg #65278, espelho GITenberg).
John Maynard Keynes;A dificuldade não está nas ideias novas, mas em escapar das antigas.;Teoria Geral do Emprego, do Juro e da Moeda (1936), prefácio;Fase 119 (10/10/2026, correção): orig era versão popular (“not so much in developing new ideas”). Evidência: The General Theory (1936), prefácio de 13/12/1935: “The difficulty lies, not in the new ideas, but in escaping from the old ones, which ramify…”
Amartya Sen;Nenhuma fome ocorreu, na história do mundo, numa democracia em funcionamento.;Desenvolvimento como Liberdade (1999), capítulo 1;Fase 119 (10/10/2026, correção): O português acrescentava “com imprensa livre”, que não está no texto, e o original registrado inseria “ever”. Original, tradução e localização ajustados. Evidência: Development as Freedom (1999), p. 16 da edição em brochura (Crooked Timber, 2005, cita a passagem literalmente).
Andrew Carnegie;O homem que morre rico morre desonrado.;O Evangelho da Riqueza (1889), artigo na North American Review;"Fase 119 (10/10/2026): original conferido — “Wealth”, North American Review 148 (jun. 1889) (Wikipedia; carnegie.org)."
Melinda French Gates;Uma mulher com voz é, por definição, uma mulher forte.;Discurso no Powerful Voices Luncheon (2003);Fase 119 (10/10/2026, correção): a frase é de um discurso de 2003, não do livro de 2019. Evidência: Discurso de Melinda French Gates no Powerful Voices Luncheon (2003), transcrição no site da Fundação Gates.
Oprah Winfrey;Transforme suas feridas em sabedoria.;Oprah’s SuperSoul Conversations (podcast);Fase 119 (10/10/2026, correção): fonte genérica. Evidência: Oprah’s SuperSoul Conversations (podcast), episódio “Broken Open”: “This is what I mean when I say turn your wounds into wisdom”.
Booker T. Washington;O sucesso deve ser medido não pela posição que a pessoa alcançou, mas pelos obstáculos que superou.;Da Escravidão à Liberdade (1901), capítulo II;Fase 117: original (campo orig) encontrado literalmente em booker-t-washington_up-from-slavery (Standard Ebooks, domínio público), conferido em 08/10/2026. Fase 117 (correção): Capítulo conferido no texto (Standard Ebooks).
Johann Wolfgang von Goethe;Toda teoria é cinzenta, meu caro amigo, e verde é a árvore dourada da vida.;Fausto, parte I (1808), cena Quarto de Estudo (fala de Mefistófeles ao estudante);Fase 119 (10/10/2026): original conferido — Faust I (Project Gutenberg #2229, espelho GITenberg).
Johann Wolfgang von Goethe;Sou parte daquela força que sempre quer o mal e sempre produz o bem.;Fausto, parte I (1808), fala de Mefistófeles;Fase 119 (10/10/2026, correção): Original ajustado ao texto (“Ein Teil von jener Kraft…”, resposta a “Wer bist du denn?”). Evidência: Faust I, cena Quarto de Estudo (Project Gutenberg #2229, espelho GITenberg).
Johann Wolfgang von Goethe;Nada é mais terrível que a ignorância em ação.;Máximas e Reflexões, n. 367 (publicada em Kunst und Altertum, 1826);"Fase 119 (10/10/2026, correção): numeração da máxima errada. Evidência: Maximen und Reflexionen, n. 367 da numeração Hecker; publicada em Über Kunst und Altertum V (1826)."
Fiódor Dostoiévski;Não há virtude se não há imortalidade.;Os Irmãos Karamázov (1880), parte I, livro II, cap. 6 (fala de Ivan Karamázov);Fala de personagem. A fórmula popular “Se Deus não existe, tudo é permitido” não consta literalmente no romance (texto de Constance Garnett conferido): o livro traz “não há virtude se não há imortalidade” e, na boca de outros personagens, “tudo é lícito”. Tradução própria da versão inglesa. Fase 117: original (campo orig) encontrado literalmente em fyodor-dostoevsky_the-brothers-karamazov_constance-garnett (Standard Ebooks, domínio público), conferido em 08/10/2026.
William Shakespeare;O mundo inteiro é um palco, e todos os homens e mulheres, meros atores.;Como Gostais (c. 1599), ato II, cena 7;Fase 117: original (campo orig) encontrado literalmente em william-shakespeare_as-you-like-it (Standard Ebooks, domínio público), conferido em 08/10/2026.
William Shakespeare;Sê fiel a ti mesmo.;Hamlet (c. 1601), ato I, cena 3;Fase 119 (10/10/2026): original conferido — Hamlet I.3 (Project Gutenberg #1122, espelho GITenberg).
William Shakespeare;Algo está podre no reino da Dinamarca.;Hamlet (c. 1601), ato I, cena 4;Fase 117: original (campo orig) encontrado literalmente em william-shakespeare_hamlet (Standard Ebooks, domínio público), conferido em 08/10/2026.
William Shakespeare;Amanhã, e amanhã, e amanhã, arrasta-se neste passo mesquinho de dia em dia.;Macbeth (c. 1606), ato V, cena 5;Fase 119 (10/10/2026): original conferido — Macbeth V.5 (Project Gutenberg #1129, espelho GITenberg).
William Shakespeare;O amor não é amor se muda quando encontra mudanças.;Soneto 116;Fase 117: original (campo orig) encontrado literalmente em william-shakespeare_poetry (Standard Ebooks, domínio público), conferido em 08/10/2026.
Oscar Wilde;A experiência é o nome que damos aos nossos erros.;O Leque de Lady Windermere (1892), ato III;Fase 117: original (campo orig) encontrado literalmente em oscar-wilde_lady-windermeres-fan (Standard Ebooks, domínio público), conferido em 08/10/2026.
Oscar Wilde;A vida imita a arte muito mais do que a arte imita a vida.;A Decadência da Mentira (1889), ensaio;Fase 119 (10/10/2026): original conferido — Intentions (Project Gutenberg #887, espelho GITenberg).
Voltaire;O trabalho afasta de nós três grandes males: o tédio, o vício e a necessidade.;Cândido (1759), capítulo 30;Fase 119 (10/10/2026): original conferido — Candide ou l’Optimisme (Project Gutenberg #59859, espelho GITenberg).
Jean-Paul Sartre;A existência precede a essência.;O Existencialismo é um Humanismo (1946);Fase 119 (10/10/2026): original conferido — L’existentialisme est un humanisme (conferência de 1945, publicada em 1946): “l’existence précède l’essence”.
Jean-Paul Sartre;Estamos sós, sem desculpas.;O Existencialismo é um Humanismo (1946);Fase 119 (10/10/2026): original conferido — L’existentialisme est un humanisme: “Nous sommes seuls, sans excuses. C’est ce que j’exprimerai en disant que l’homme est condamné à être libre.”
Friedrich Nietzsche;E se você olhar longamente para um abismo, o abismo também olha para dentro de você.;Além do Bem e do Mal (1886), aforismo 146;Fase 119 (10/10/2026): original conferido — Jenseits von Gut und Böse (Project Gutenberg #7204, espelho GITenberg).
Friedrich Nietzsche;Torna-te quem tu és.;Assim Falou Zaratustra, parte IV (1885), “A Oferenda do Mel”;"Fase 119 (10/10/2026, correção): A forma “Werde, der du bist!” está em Assim Falou Zaratustra, parte IV (“A Oferenda do Mel”); A Gaia Ciência 270 traz outra redação (“Du sollst der werden, der du bist”). Fonte corrigida para a obra em que o original registrado aparece. Evidência: Also sprach Zarathustra, parte IV, “Das Honig-Opfer” (Project Gutenberg #7205, espelho GITenberg)."
John Locke;Nenhum conhecimento humano pode ir além de sua experiência.;Ensaio sobre o Entendimento Humano (1689), livro II, capítulo 1;Fase 119 (10/10/2026): original conferido — An Essay Concerning Humane Understanding, vol. 1 (Project Gutenberg #10615, espelho GITenberg).
John Locke;Todo homem tem uma propriedade em sua própria pessoa.;Segundo Tratado sobre o Governo Civil (1689), capítulo 5;Fase 117: original (campo orig) encontrado literalmente em john-locke_two-treatises-of-government (Standard Ebooks, domínio público), conferido em 08/10/2026.
Karl Marx;A história de todas as sociedades até hoje existentes é a história da luta de classes.;Manifesto do Partido Comunista (1848), capítulo 1;Fase 119 (10/10/2026): original conferido — Manifest der Kommunistischen Partei (1848), seção I, primeira frase.
Michel Foucault;A alma é a prisão do corpo.;Vigiar e Punir (1975), parte I, capítulo 1;Fase 119 (10/10/2026, correção): capítulo errado. Evidência: Surveiller et punir (1975), fim do cap. 1 da parte I (“Le corps des condamnés”): “l’âme, prison du corps”.
Sêneca;Não é que temos pouco tempo, é que perdemos muito dele.;Sobre a Brevidade da Vida (49), capítulo 1;Fase 119 (10/10/2026): original conferido — Sêneca, De brevitate vitae (texto latino, The Latin Library, espelho cltk no GitHub).
Albert Einstein;Dificilmente se pode negar que o objetivo supremo de toda teoria é tornar os elementos básicos irredutíveis tão simples e tão poucos quanto possível, sem ter de renunciar à representação adequada de um único dado da experiência.;“Sobre o método da física teórica”, Conferência Herbert Spencer, Oxford, 10 de junho de 1933;"Fase 121 (10/10/2026, correção): A forma popular (“o mais simples possível, mas não mais simples”) não aparece nos escritos de Einstein; deriva desta passagem, que traz o mesmo núcleo (“as simple ... as possible”) e a mesma ressalva limitante (sem sacrificar a representação adequada da experiência). Substituída pela redação real, com tradução fiel. Evidência: Quote Investigator, “Everything Should Be Made as Simple as Possible, But Not Simpler” (13/05/2011), reproduz a frase da Conferência Herbert Spencer (Oxford, 10/06/1933) e não encontrou a forma condensada nos escritos de Einstein. Observação: A conferência foi lida em inglês em Oxford; a versão alemã (Mein Weltbild) e a reimpressão em Ideas and Opinions (1954) têm redação um pouco diferente."
Carl Sagan;Se você quiser fazer uma torta de maçã do zero, primeiro precisa inventar o universo.;Cosmos (1980), episódio 9;"Fase 119 (10/10/2026): original conferido — Cosmos (1980), p. 218 (cap. 9, “The Lives of the Stars”), conforme Today in Science History; série de TV, episódio 9 de mesmo título."
Isaac Newton;Não sei o que pareço ao mundo, mas para mim sou apenas um menino brincando na praia.;Registrado por Joseph Spence em Anecdotes (1820);"Fase 119 (10/10/2026, correção): Original ajustado ao texto de Spence; a fala não aparece nos escritos de Newton e foi publicada postumamente como relato de terceiros. Evidência: Joseph Spence, Anecdotes (publ. 1820), relato atribuído a Andrew Michael Ramsay (Today in Science History; Simon Schaffer)."
Bertrand Russell;A boa vida é inspirada pelo amor e guiada pelo conhecimento.;O Que Eu Acredito (1925), capítulo 2, “A boa vida”;"Fase 119 (10/10/2026): original conferido — What I Believe (1925), cap. 2 “The Good Life” (sumário do Project Gutenberg #73782; Humanists UK; The Marginalian)."
Sigmund Freud;O ego não é senhor em sua própria casa.;Uma Dificuldade da Psicanálise (1917);Fase 119 (10/10/2026, correção): orig era forma popular. Evidência: Eine Schwierigkeit der Psychoanalyse (1917): “…kommen der Behauptung gleich, daß das Ich nicht Herr sei in seinem eigenen Haus.” (Project Gutenberg #29097, espelho GITenberg).
Peter Drucker;É fundamentalmente a confusão entre eficácia e eficiência que se interpõe entre fazer as coisas certas e fazer as coisas direito.;“Managing for Business Effectiveness”, Harvard Business Review (1963);"Fase 119 (10/10/2026, correção): a fórmula do orig é resumo popular; substituída pela passagem localizada. Evidência: Quote Investigator: Drucker, “Managing for Business Effectiveness”, Harvard Business Review (1963): “It is fundamentally the confusion between effectiveness and efficiency that stands between doing the right things and doing things right.”"
Seth Godin;Pessoas como nós fazem coisas como esta.;Isto é Marketing (2018);Fase 119 (10/10/2026): original conferido — This Is Marketing (2018): lema central do livro sobre cultura e status.
Seth Godin;"Não encontre clientes para seus produtos; encontre produtos para seus clientes.";Blog de Seth Godin (seths.blog);Fase 119 (10/10/2026, correção): obra não confirmada. Evidência: Seth Godin lista a frase entre os “building blocks of marketing” no próprio blog (Gracious Quotes, verificada).
Peter Thiel;"Todas as empresas felizes são diferentes; todas as empresas fracassadas são iguais.";De Zero a Um (2014), capítulo 3;Fase 119 (10/10/2026): original conferido — Zero to One (2014), cap. 3 (orig abreviado da frase do livro).
Mihaly Csikszentmihalyi;Os melhores momentos ocorrem quando o corpo ou a mente são levados ao limite num esforço voluntário.;Fluxo (1990);Fase 119 (10/10/2026, correção): capítulo não confirmado. Evidência: Flow (1990), introdução: “The best moments usually occur when a person’s body or mind is stretched to its limits in a voluntary effort to accomplish something difficult and worthwhile.”
Warren Buffett;Afinal, só se descobre quem está nadando pelado quando a maré baixa.;Carta aos acionistas da Berkshire Hathaway, 2001;"Fase 119 (10/10/2026, correção): redação do orig não é a da carta indicada. Evidência: Carta aos acionistas de 2001: “After all, you only find out who is swimming naked when the tide goes out.” (Fortune); a forma do orig é da carta de 2004."
Charlie Munger;Inverta, sempre inverta.;Poor Charlie’s Almanack (2005);"Fase 119 (10/10/2026): original conferido — Poor Charlie’s Almanack (2005), palestras de Munger; ele atribui a máxima ao matemático Carl Jacobi (resumos e transcrições)."
Maya Angelou;Tente ser um arco-íris na nuvem de alguém.;Carta à Minha Filha (2008);"Fase 119 (10/10/2026): original conferido — Letter to My Daughter (2008), introdução: “Try to be a rainbow in someone’s cloud.” (Brain Pickings; Farnam Street)."
Arthur Schopenhauer;Cada um toma os limites do próprio campo de visão pelos limites do mundo.;Parerga e Paralipomena (1851), volume II, capítulo 26, § 338;Fase 119 (10/10/2026): original conferido — Parerga und Paralipomena II, cap. 26 “Psychologische Bemerkungen”, § 338 (wist.info, com as traduções de Saunders e Payne).
John Stuart Mill;A única liberdade que merece o nome é a de buscar o nosso próprio bem à nossa própria maneira.;Sobre a Liberdade (1859), capítulo 1;Fase 117: original (campo orig) encontrado literalmente em john-stuart-mill_on-liberty (Standard Ebooks, domínio público), conferido em 08/10/2026.
John Stuart Mill;Quem só conhece o próprio lado da questão conhece pouco dela.;Sobre a Liberdade (1859), capítulo 2;Fase 117: original (campo orig) encontrado literalmente em john-stuart-mill_on-liberty (Standard Ebooks, domínio público), conferido em 08/10/2026.
Francis Bacon;"A leitura torna o homem completo; a conversa, ágil; a escrita, exato.";Ensaios (1625), Dos Estudos;Fase 119 (10/10/2026): original conferido — Bacon’s Essays (Project Gutenberg #56463, espelho GITenberg).
William James;O hábito é o enorme volante da sociedade, seu agente conservador mais precioso.;Princípios de Psicologia (1890), capítulo 4;Fase 119 (10/10/2026): original conferido — The Principles of Psychology, vol. 1 (Project Gutenberg #57628, espelho GITenberg).
Bertrand Russell;A ciência é o que sabemos, e a filosofia é o que não sabemos.;Bertrand Russell Speaks His Mind (1960), p. 11;"Fase 119 (10/10/2026, correção): A frase não é da conferência “O Valor da Filosofia” nem de Ensaios Impopulares; a redação mais próxima está em Bertrand Russell Speaks His Mind (1960), p. 11. Fonte, original e tradução corrigidos. Evidência: Bertrand Russell Speaks His Mind (1960), p. 11 (Today in Science History); variante em “The Philosophy of Logical Atomism” (1918)."
Dinah Maria Craik;Ah, o conforto — o inexprimível conforto de sentir-se seguro com uma pessoa —, sem precisar pesar os pensamentos nem medir as palavras.;A Life for a Life (1859), capítulo 16;"Fase 119 (10/10/2026, correção): O português acrescentava “A amizade é”, que não está no original; substituído por tradução fiel do trecho conferido. Evidência: A Life for a Life, vol. II, cap. III (16º do romance) (Project Gutenberg #48482, espelho GITenberg)."
Simon Sinek;"As pessoas não compram o que você faz; elas compram por que você faz.";Comece pelo Porquê;Fase 119 (10/10/2026): original conferido — Start with Why (2009), cap. 3.
Simon Sinek;Há líderes e há aqueles que lideram. Os líderes ocupam uma posição de poder ou de autoridade, mas aqueles que lideram nos inspiram.;Comece pelo Porquê;Fase 119 (10/10/2026): original conferido — Start with Why (2009), introdução.
Michael Porter;A intensidade da concorrência em um setor não é questão de coincidência nem de má sorte: ela tem raízes na estrutura econômica do próprio setor.;Estratégia Competitiva (1980), capítulo 1;Fase 119 (10/10/2026): original conferido — Competitive Strategy (1980), cap. 1, “The Structural Analysis of Industries”, abertura.
Michael Porter;A vantagem competitiva nasce do valor que uma empresa consegue criar para seus compradores e que excede o custo de criá-lo.;Vantagem Competitiva (1985), capítulo 1;Fase 119 (10/10/2026): original conferido — Competitive Advantage (1985), cap. 1, p. 3 (citado em repositório da Universidade de Malta).
Jonathan Haidt;"As intuições vêm primeiro; o raciocínio estratégico vem depois.";A Mente Moralista;Fase 119 (10/10/2026): original conferido — The Righteous Mind (2012), parte I: primeiro princípio da psicologia moral.
Jonathan Haidt;A mente moral é como uma língua com seis receptores de sabor.;A Mente Moralista (2012), capítulo 6;"Fase 119 (10/10/2026, correção): fonte sem ano e capítulo. Evidência: The Righteous Mind (2012), cap. 6 (“Taste Buds of the Righteous Mind”); destaques de leitores da edição publicada (Goodreads) e resumos do livro."
Albert Bandura;Felizmente, a maior parte do comportamento humano é aprendida pela observação, por meio da modelação.;Teoria da Aprendizagem Social (1977), p. 22;"Fase 119 (10/10/2026): original conferido — Social Learning Theory (1977), p. 22, conforme citações acadêmicas e de ensino (tecfa.unige.ch; Berkeley HR)."
José Ortega y Gasset;O característico do momento é que a alma vulgar, sabendo-se vulgar, tem o atrevimento de afirmar o direito da vulgaridade e o impõe onde quer que seja.;A Rebelião das Massas (1930), capítulo I;"Fase 119 (10/10/2026, correção): orig com redação inexata (“La característica”, “donde quiere”); fonte sem capítulo. Evidência: La rebelión de las masas (1930), cap. I, “El hecho de las aglomeraciones”; tradução inglesa autorizada: “…has the assurance to proclaim the rights of the commonplace and to impose them wherever it will”."
Amartya Sen;O que nos move, com razão, não é perceber que o mundo está longe de ser completamente justo — o que poucos de nós esperam —, mas que há à nossa volta injustiças claramente remediáveis que queremos eliminar.;A Ideia de Justiça (2009), introdução;"Fase 119 (10/10/2026, correção): O original registrado era condensação; completado com o texto do livro e tradução ajustada; localização acrescentada. Evidência: The Idea of Justice (2009), introdução (Wikipedia reproduz a passagem)."
Erving Goffman;O normal e o estigmatizado não são pessoas, mas perspectivas.;Estigma;"Fase 119 (10/10/2026): original conferido — Stigma (1963), p. 163–164 (citação em prova da Universidade de Tohoku; quotewise)."
Erving Goffman;A sociedade é organizada sobre o princípio de que todo indivíduo que possui certas características sociais tem o direito moral de esperar que os outros o valorizem e o tratem de modo apropriado.;A Representação do Eu na Vida Cotidiana (1959), p. 13;Fase 119 (10/10/2026): original conferido — The Presentation of Self in Everyday Life (1959), p. 13 (Wikiquote).
Theodore Levitt;Toda indústria já foi, um dia, uma indústria em crescimento.;“Miopia em Marketing”, Harvard Business Review (1960);Fase 119 (10/10/2026): original conferido — “Marketing Myopia”, Harvard Business Review (1960), primeira frase.
Theodore Levitt;As ferrovias não pararam de crescer porque a necessidade de transporte de passageiros e de carga diminuiu. Essa necessidade cresceu.;“Miopia em Marketing”, Harvard Business Review (1960);Fase 119 (10/10/2026, correção): texto português acrescentava a frase seguinte, que não está no orig. Evidência: “Marketing Myopia” (1960).
Jack Welch;A falta de franqueza basicamente bloqueia as ideias inteligentes, a ação rápida e a contribuição integral das boas pessoas.;Paixão por Vencer (2005);Fase 119 (10/10/2026, correção): orig sem “basically” e tradução com acréscimo (“Nos negócios”). Evidência: Winning (2005), capítulo sobre franqueza (“Candor”): “Lack of candor basically blocks…”
Jack Welch;Antes de ser líder, crescer significa crescer você mesmo. Quando você se torna líder, crescer passa a significar fazer os outros crescerem.;Paixão por Vencer (2005);"Fase 119 (10/10/2026, correção): a frase é de Winning (2005), não de Jack: Straight from the Gut. Evidência: Goodreads (citações de Winning, com crédito ao livro); várias coletâneas com a mesma redação."
Friedrich Hayek;Quem controla toda a atividade econômica controla os meios para todos os nossos fins.;O Caminho da Servidão (1944), capítulo 7;"Fase 119 (10/10/2026): original conferido — The Road to Serfdom (1944), cap. 7 “Economic Control and Totalitarianism” (citações com página: Mendenhall; Substack)."
Friedrich Hayek;O problema econômico da sociedade é sobretudo um problema de adaptação rápida a mudanças nas circunstâncias particulares de tempo e lugar.;O Uso do Conhecimento na Sociedade (1945), American Economic Review;"Fase 119 (10/10/2026): original conferido — “The Use of Knowledge in Society”, American Economic Review 35 (1945) (Cato; Cobden Centre; Mises Institute)."
Thomas Hobbes;Durante o tempo em que os homens vivem sem um poder comum capaz de os manter a todos em respeito, eles se encontram naquela condição a que se chama guerra: uma guerra de todos contra todos.;Leviatã;Fase 117: original (campo orig) encontrado literalmente em thomas-hobbes_leviathan (Standard Ebooks, domínio público), conferido em 08/10/2026.
Thomas Hobbes;A vida do homem, nessa condição, é solitária, pobre, sórdida, embrutecida e curta.;Leviatã (1651), capítulo XIII;Fase 117: original (campo orig) encontrado literalmente em thomas-hobbes_leviathan (Standard Ebooks, domínio público), conferido em 08/10/2026. Fase 117 (correção): Capítulo conferido no texto (Standard Ebooks).
Nassim Nicholas Taleb;Algumas coisas se beneficiam de choques: prosperam e crescem quando expostas à volatilidade, ao acaso, à desordem e ao estresse.;Antifrágil;Fase 119 (10/10/2026): original conferido — Antifragile (2012), prólogo.
Nassim Nicholas Taleb;"Não me diga o que você pensa; diga-me o que você tem na sua carteira.";Arriscando a Própria Pele (2018);"Fase 119 (10/10/2026): original conferido — Skin in the Game (2018), aforismo do mundo da gestão de ativos (resenha da Spear’s; resumos do livro)."
Milton Friedman;Uma sociedade que põe a igualdade — no sentido de igualdade de resultados — à frente da liberdade terminará sem igualdade e sem liberdade.;Livre para Escolher (1980), capítulo 5;Fase 119 (10/10/2026, correção): orig era versão abreviada. Evidência: Free to Choose (1980), cap. 5 (“Created Equal”): “A society that puts equality — in the sense of equality of outcome — ahead of freedom will end up with neither equality nor freedom.” (Econlib).
Milton Friedman;Existe uma e só uma responsabilidade social da empresa: usar seus recursos e engajar-se em atividades destinadas a aumentar seus lucros, dentro das regras do jogo.;Capitalismo e Liberdade (1962), capítulo 8;"Fase 119 (10/10/2026, correção): fonte sem ano e capítulo. Evidência: Capitalism and Freedom (1962), cap. 8; repetida no artigo do New York Times Magazine (13/09/1970)."
Adam Smith;Por mais egoísta que se suponha o homem, existem evidentemente em sua natureza princípios que o fazem interessar-se pela sorte dos outros.;Teoria dos Sentimentos Morais;Fase 117: original (campo orig) encontrado literalmente em adam-smith_the-theory-of-moral-sentiments (Standard Ebooks, domínio público), conferido em 08/10/2026.
Adam Smith;Cada indivíduo, ao buscar apenas seu próprio ganho, é conduzido por uma mão invisível a promover um fim que não fazia parte de sua intenção.;A Riqueza das Nações (1776), livro IV, capítulo II;"Fase 117 (correção): Localização conferida no texto (Standard Ebooks). Atenção: a tradução funde “intends only his own gain” (frase anterior) com a da “mão invisível”; o original registrado é só a segunda parte."
David Hume;O homem sábio ajusta sua crença à evidência.;Investigação sobre o Entendimento Humano (1748), seção X, “Dos Milagres”;"Fase 119 (10/10/2026, correção): Original completado com o texto da edição; localização acrescentada. Evidência: An Enquiry Concerning Human Understanding (Project Gutenberg #9662, espelho GITenberg)."
David Hume;Não é contrário à razão preferir a destruição do mundo inteiro a um arranhão no meu dedo.;Tratado da Natureza Humana (1739–40), livro II, parte III, seção III;Fase 117: original (campo orig) encontrado literalmente em david-hume_a-treatise-of-human-nature (Standard Ebooks, domínio público), conferido em 08/10/2026. Fase 117 (correção): Localização conferida no texto (Standard Ebooks).
Jim Collins;O bom é inimigo do ótimo.;Empresas Feitas para Vencer;Fase 119 (10/10/2026): original conferido — Good to Great (2001), cap. 1, frase de abertura: “Good is the enemy of great.”
Jim Collins;As pessoas não são o seu ativo mais importante. As pessoas certas são.;Empresas Feitas para Vencer;"Fase 119 (10/10/2026): original conferido — Good to Great (2001), cap. 3 (“First Who… Then What”); destaques de leitores da edição publicada (Goodreads) e resumos do livro."
Jim Collins;Construa o relógio, em vez de dar a hora.;Feitas para Durar;Fase 119 (10/10/2026): original conferido — Built to Last (1994), cap. 2, “Clock Building, Not Time Telling”.
Max Weber;A política significa perfurar tábuas duras, de modo forte e lento, com paixão e senso de proporção ao mesmo tempo.;A Política como Vocação (1919);"Fase 119 (10/10/2026, correção): orig incompleto (“ist” em vez de “bedeutet”; faltava “mit Leidenschaft und Augenmaß zugleich”). Evidência: Politik als Beruf (1919); Gesammelte politische Schriften, p. 560 (reproduzido pela Harper’s, 2008)."
Max Weber;"O puritano quis ser um profissional; nós somos obrigados a sê-lo.";A Ética Protestante e o Espírito do Capitalismo (1904–1905), capítulo final;Fase 119 (10/10/2026): original conferido — Die protestantische Ethik und der Geist des Kapitalismus (1904–05), frase do capítulo final (BBAW, Akademie Aktuell 2010).
Martin Seligman;O desamparo aprendido é a desistência que se segue à crença de que nada que você faça importa.;Aprenda a Ser Otimista (1990), capítulo 1;"Fase 119 (10/10/2026, correção): a frase é de Learned Optimism, não de Authentic Happiness. Evidência: Learned Optimism (1990), cap. 1; reproduzida em material clínico da Universidade de Washington e em destaques de leitores."
Norberto Bobbio;O problema fundamental em relação aos direitos do homem, hoje, não é tanto o de justificá-los, mas o de protegê-los.;“Sobre o fundamento dos direitos do homem” (1964), em A Era dos Direitos (1990);"Fase 119 (10/10/2026, correção): orig com redação não confirmada; substituído pela passagem localizada. Evidência: L’età dei diritti (1990), ensaio “Sul fondamento dei diritti dell’uomo” (1964): “il problema di fondo relativo ai diritti dell’uomo è oggi non tanto quello di giustificarli, quanto quello di proteggerli” (Sistema Penale; Nuova Umanità, 1998)."
Edward Bernays;Se compreendemos o mecanismo e os motivos da mente grupal, não seria possível controlar e arregimentar as massas segundo a nossa vontade, sem que elas o saibam?;Propaganda (1928), capítulo IV;Fase 119 (10/10/2026, correção): No livro a frase é uma pergunta (“is it not possible…?”), seguida da resposta de que é possível “até certo ponto e dentro de certos limites”. Original e tradução ajustados. Evidência: Propaganda (1928), cap. IV “The Psychology of Public Relations” (reproduções do capítulo).
J. R. R. Tolkien;É perigoso, Frodo, sair pela porta de casa.;A Sociedade do Anel (1954), livro I, capítulo 3;Fase 119 (10/10/2026, correção): orig incompleto (falta o vocativo “Frodo”) e tradução livre (“é preciso ter coragem”). Evidência: The Fellowship of the Ring, livro I, cap. 3 (“Three is Company”): Frodo recorda o dito de Bilbo.
Henry David Thoreau;Se um homem não acompanha o passo de seus companheiros, talvez seja porque ouve um tambor diferente.;Walden (1854), “Conclusão”;Fase 117: original (campo orig) encontrado literalmente em henry-david-thoreau_walden (Standard Ebooks, domínio público), conferido em 08/10/2026. Fase 117 (correção): Localização conferida no texto (Standard Ebooks).
Erich Fromm;A tarefa mais importante da vida humana é dar à luz a si mesmo, tornar-se aquilo que se é potencialmente.;O Homem para Si Mesmo (1947);Fase 119 (10/10/2026, correção): A frase é de O Homem para Si Mesmo (1947), não de A Arte de Amar. Fonte corrigida. Evidência: Man for Himself (1947), segundo descrição da obra (Alibris) e citações (imhu.org).
Dale Carnegie;Quando lidamos com pessoas, lembremos que não estamos lidando com criaturas de lógica, mas com criaturas de emoção.;Como Fazer Amigos e Influenciar Pessoas (1936), parte 1, capítulo 1;Fase 119 (10/10/2026): original conferido — How to Win Friends and Influence People (1936), parte 1, cap. 1 (resumos e citações do capítulo).
Jean-Jacques Rousseau;Renunciar à liberdade é renunciar à condição de homem.;O Contrato Social (1762), livro I, capítulo 4;Fase 119 (10/10/2026, correção): fonte sem ano, livro e capítulo. Evidência: Du contrat social, livro I, cap. 4 (“De l’esclavage”).
Benjamin Graham;O principal problema do investidor — e até mesmo o seu pior inimigo — provavelmente é ele próprio.;O Investidor Inteligente (1949), capítulo 8;"Fase 119 (10/10/2026, correção): O original registrado dizia “best enemy”; o texto é “and even his worst enemy”. Original e tradução corrigidos. Evidência: The Intelligent Investor, cap. 8 (Jason Zweig, Wall Street Journal; Evidence Investor; Novel Investor). Observação: redação distinta da variante fundida em fase anterior, para não reativar texto do registro."
Antoine de Saint-Exupéry;A terra nos ensina mais sobre nós mesmos do que todos os livros, porque nos oferece resistência.;Terra dos Homens (1939), início;"Fase 119 (10/10/2026): original conferido — Terre des hommes (1939), primeiras frases do livro (critiqueslibres; material da Amnesty)."
Aldous Huxley;Cada um de nós é potencialmente Mente Ampla. Mas, na medida em que somos animais, nosso negócio é sobreviver a todo custo.;As Portas da Percepção;"Fase 119 (10/10/2026, correção): Ordem das palavras ajustada ao texto (“our business is at all costs to survive”). Evidência: The Doors of Perception (1954), excerto reproduzido por The Sun Magazine; Wikipedia “Mind at Large”."
Alexandre Dumas;Um por todos, todos por um.;Os Três Mosqueteiros (1844), capítulo IX;Fase 119 (10/10/2026): original conferido — Les Trois Mousquetaires (Project Gutenberg #13951, espelho GITenberg).
Alice Walker;Acho que incomoda Deus quando passamos pela cor púrpura num campo e não notamos.;A Cor Púrpura;"Fase 119 (10/10/2026): original conferido — The Color Purple (1982), carta 73, fala de Shug Avery (Shmoop; Crossref-it)."
Ambrose Bierce;Amizade: um navio grande o bastante para levar dois em tempo bom, mas apenas um em tempo ruim.;O Dicionário do Diabo;Fase 117: original (campo orig) encontrado literalmente em ambrose-bierce_the-devils-dictionary (Standard Ebooks, domínio público), conferido em 08/10/2026.
Ambrose Bierce;Otimista: o defensor da doutrina de que o preto é branco.;O Dicionário do Diabo;Fase 117: original (campo orig) encontrado literalmente em ambrose-bierce_the-devils-dictionary (Standard Ebooks, domínio público), conferido em 08/10/2026.
Andrew Carnegie;"Este, então, é tido como o dever do homem rico: primeiro, dar o exemplo de uma vida modesta e sem ostentação, evitando o luxo e a extravagância; […] e, feito isso, considerar todos os rendimentos excedentes que lhe chegam simplesmente como fundos confiados, que ele tem o dever de administrar.";"O Evangelho da Riqueza (1889; publicado como “Wealth”, North American Review, jun. 1889)";"Fase 119 (10/10/2026, correção): O original registrado era uma condensação do trecho; substituído pelo texto do ensaio (com omissão indicada) e tradução ajustada. Evidência: “Wealth”, North American Review 148 (jun. 1889), p. 653–665 (texto em carnegie.org, Bill of Rights Institute, Lumen Learning)."
Andy Grove;O sucesso gera complacência. A complacência gera fracasso. Só os paranoicos sobrevivem.;Só os Paranoicos Sobrevivem;Fase 119 (10/10/2026): original conferido — Only the Paranoid Survive (1996), prefácio.
Andy Grove;A produção de um gerente = a produção da sua organização + a produção das organizações vizinhas sob sua influência.;Administração de Alta Performance (1983), capítulo 3;"Fase 119 (10/10/2026, correção): A redação registrada não foi localizada no livro; substituída pela fórmula do capítulo 3, reproduzida literalmente por várias fontes. Evidência: High Output Management (1983), cap. 3: fórmula reproduzida em a16z (2015) e resumos do livro."
Ayn Rand;Contradições não existem. Quando achar que encontrou uma, verifique suas premissas: descobrirá que uma delas está errada.;A Revolta de Atlas (1957);"Fase 119 (10/10/2026): original conferido — Atlas Shrugged (1957), fala de Francisco d’Anconia a Dagny Taggart (Bookroo; Liberty Unbound)."
Brené Brown;A vulnerabilidade é o berço da inovação, da criatividade e da mudança.;Palestra TED “Escutando a vergonha” (2012);"Fase 119 (10/10/2026, correção): A frase foi dita na palestra TED de 2012; não se confirmou a redação em A Coragem de Ser Imperfeito. Fonte corrigida. Evidência: Palestra TED “Listening to Shame” (2012), segundo AOL/HRZone."
Emily Dickinson;A esperança é a coisa com penas que se aninha na alma e canta a melodia sem palavras, e nunca para.;Poems, Second Series (1891), “Hope”;Fase 119 (10/10/2026): original conferido — Poems by Emily Dickinson, Three Series (Project Gutenberg #12242, espelho GITenberg).
Emily Dickinson;Porque eu não podia parar para a Morte, ela gentilmente parou para mim.;Poems (1890), “The Chariot”;Fase 119 (10/10/2026): original conferido — Poems by Emily Dickinson, Three Series (Project Gutenberg #12242, espelho GITenberg).
Ernest Hemingway;O homem pode ser destruído, mas não derrotado.;O Velho e o Mar;"Fase 119 (10/10/2026): original conferido — The Old Man and the Sea (1952): “But man is not made for defeat,” he said. “A man can be destroyed but not defeated.” (Goodreads; Easton Press)."
Esopo;Devagar e sempre se vence a corrida.;Fábulas de Esopo, “A Lebre e a Tartaruga” (moral na tradução inglesa de V. S. Vernon Jones, 1912);Fase 119 (10/10/2026): original conferido — Aesop’s Fables, a new translation (V. S. Vernon Jones) (Project Gutenberg #11339, espelho GITenberg).
Esopo;Uma gentileza nunca é desperdiçada.;Fábulas de Esopo, “O Leão e o Rato” (moral em The Aesop for Children, 1919);"Fase 119 (10/10/2026, correção): O original registrado (“No act of kindness, no matter how small, is ever wasted”) é uma expansão moderna; a moral publicada é “A kindness is never wasted”. Original e tradução ajustados; fábula identificada. Evidência: The Aesop for Children (1919) (Project Gutenberg #19994, espelho GITenberg)."
Eurípides;De todas as coisas que têm vida e sentido, nós, mulheres, somos as criaturas mais infelizes.;Medeia (431 a.C.), versos 230–231;"Fase 119 (10/10/2026, correção): O original registrado não é de tradução publicada localizada (mistura a fala de Medeia com fórmula homérica); substituído pela tradução de Coleridge dos versos 230–231 e português ajustado. Evidência: Medeia, v. 230–231, tradução inglesa de E. P. Coleridge (Perseus, canonical-greekLit no GitHub)."
Eurípides;A esperteza não é sabedoria, nem o é pensar em coisas impróprias aos mortais.;As Bacantes (405 a.C.), verso 395;"Fase 119 (10/10/2026, correção): O original registrado (“Not wisdom is it to be overwise”) não é de tradução publicada localizada; substituído pela tradução de Buckley do verso 395 e português ajustado. Evidência: As Bacantes, v. 395, tradução inglesa de T. A. Buckley (Perseus, canonical-greekLit no GitHub)."
Frederick Douglass;O que é, para o escravo americano, o Quatro de Julho? Um dia que lhe revela, mais do que todos os outros do ano, a injustiça e a crueldade grosseiras de que é vítima constante.;Discurso “O que é, para o escravo, o Quatro de Julho?”, Rochester, 5 de julho de 1852 (reproduzido em My Bondage and My Freedom, 1855);"Fase 119 (10/10/2026, correção): Original ajustado ao texto publicado; data e local do discurso acrescentados. Evidência: My Bondage and My Freedom (apêndice com o discurso) (Project Gutenberg #202, espelho GITenberg)."
George Bernard Shaw;A diferença entre uma dama e uma florista não está em como ela se comporta, mas em como é tratada.;Pigmaleão (1913), ato V;Fase 117: original (campo orig) encontrado literalmente em george-bernard-shaw_pygmalion (Standard Ebooks, domínio público), conferido em 08/10/2026.
George Eliot;"O bem que cresce no mundo depende em parte de atos não históricos; e que as coisas não sejam piores para você e para mim se deve, em parte, ao número de vidas fielmente vividas e escondidas.";Middlemarch;Fase 117: original (campo orig) encontrado literalmente em george-eliot_middlemarch (Standard Ebooks, domínio público), conferido em 08/10/2026.
Gustave Flaubert;A linguagem humana é como um caldeirão rachado em que batemos melodias para ursos dançarem, quando aspirávamos comover as estrelas.;Madame Bovary (1857), parte II, capítulo 12;Fase 119 (10/10/2026): original conferido — Madame Bovary (Project Gutenberg #14155, espelho GITenberg).
Hipócrates;Nas doenças, ter em vista duas coisas: ajudar, ou não causar dano.;Epidemias, livro I, capítulo 11;"Fase 119 (10/10/2026, correção): “Primum non nocere” não está no corpus hipocrático (é fórmula latina posterior); a passagem de origem é Epidemias I, 11. Original, tradução e fonte corrigidos. Evidência: Hipócrates, Epidemias I, 11 (texto grego da edição Perseus/Littré, canonical-greekLit no GitHub)."
Isaiah Berlin;Sou livre na medida em que nenhum homem interfere na minha atividade.;Dois Conceitos de Liberdade;Fase 119 (10/10/2026): original conferido — “Two Concepts of Liberty” (1958), seção I (texto reproduzido em UMB e Open University).
James M. Barrie;Basta pensar pensamentos lindos e maravilhosos, e eles levantam você no ar.;Peter Pan e Wendy (1911), capítulo III;"Fase 117 (correção): Tradução anterior (“Basta pensar em coisas alegres e o coração ganha asas”) não correspondia ao original; substituída por tradução fiel do texto conferido em Peter and Wendy, cap. III (Standard Ebooks)."
John Maynard Keynes;Não há meio mais sutil nem mais seguro de destruir a base existente de uma sociedade do que corromper sua moeda.;As Consequências Econômicas da Paz (1919), capítulo VI;Fase 119 (10/10/2026): original conferido — The Economic Consequences of the Peace (Project Gutenberg #15776, espelho GITenberg).
Lev Vygotsky;O pensamento não se expressa simplesmente em palavras: é nelas que ele passa a existir.;Pensamento e Linguagem;Fase 119 (10/10/2026): original conferido — Thought and Language (trad. Hanfmann e Vakar, 1962), cap. 7.
Lev Vygotsky;O que a criança consegue fazer hoje com ajuda, amanhã conseguirá fazer sozinha.;A Formação Social da Mente;Fase 119 (10/10/2026): original conferido — Mind in Society (1978), cap. 6, p. 87.
Charles de Gaulle;Toda a minha vida, formei para mim uma certa ideia da França.;Memórias de Guerra, volume I, O Apelo (1954), frase de abertura;"Fase 119 (10/10/2026, correção): A ordem das palavras do original estava alterada e o português (“tive de mim mesmo”) não correspondia a “je me suis fait”. Original e tradução corrigidos. Evidência: Mémoires de guerre, t. I, L’Appel (Plon, 1954), frase de abertura (La langue française; Hérodote)."
Dwight D. Eisenhower;Vocês estão prestes a embarcar na grande cruzada rumo à qual nos empenhamos por tantos meses.;Ordem do Dia de 6 de junho de 1944 (Dia D);"Fase 119 (10/10/2026): original conferido — Ordem do Dia de 6/06/1944 (Eisenhower Foundation; National Archives/DocsTeach; Wikipedia)."
Douglas MacArthur;Dever, honra, pátria: essas três palavras sagradas ditam reverentemente o que vocês devem ser, o que podem ser, o que serão.;Discurso de despedida em West Point, 12 de maio de 1962;"Fase 119 (10/10/2026): original conferido — Discurso na Academia Militar de West Point, 12/05/1962 (DoD News; primeira edição de Duty, Honor, Country)."
Alan Turing;Proponho considerar a seguinte pergunta: podem as máquinas pensar?;Máquinas de Computação e Inteligência (1950), frase de abertura;"Fase 119 (10/10/2026): original conferido — “Computing Machinery and Intelligence”, Mind 59 (1950), frase de abertura; PDFs do artigo (cs.mcgill.ca, psy.miami.edu)."
Ernest Renan;Uma nação é uma alma, um princípio espiritual.;O Que é uma Nação? (1882), conferência na Sorbonne, 11 de março de 1882;"Fase 119 (10/10/2026): original conferido — Qu’est-ce qu’une nation ? (1882), excerto em francês (Universidade Nacional Central de Taiwan; Fordham Modern History Sourcebook)."
Herbert Simon;A capacidade da mente humana para formular e resolver problemas complexos é muito pequena diante do tamanho dos problemas cuja solução o comportamento racional exigiria.;Comportamento Administrativo;"Fase 119 (10/10/2026, correção): O original registrado cortava a frase; completado com o texto do livro. Evidência: Administrative Behavior, 4ª ed. (1997), p. 88 (Philopedia); citações com página."
Lord Byron;A verdade é sempre mais estranha que a ficção.;Dom Juan (1819–1824), canto XIV;Fase 117: original (campo orig) encontrado literalmente em lord-byron_don-juan (Standard Ebooks, domínio público), conferido em 08/10/2026. Fase 117 (correção): Canto conferido no texto (Standard Ebooks).
Lord Byron;Amo não menos o homem, mas mais a Natureza.;A Peregrinação de Childe Harold, canto IV (1818), estrofe 178;Fase 119 (10/10/2026): original conferido — Childe Harold’s Pilgrimage (Project Gutenberg #5131, espelho GITenberg).
Ludwig van Beethoven;"Pouco faltou para que eu mesmo pusesse fim à minha vida; só ela, a arte, me reteve.";Testamento de Heiligenstadt (1802);"Fase 119 (10/10/2026, correção): orig era fragmento; texto português parafraseava. Evidência: Heiligenstädter Testament (6/10/1802): “es fehlte wenig, und ich endigte selbst mein Leben – nur sie, die Kunst, sie hielt mich zurück” (Beethoven-Haus Bonn; Staats- und Universitätsbibliothek Hamburg)."
Ludwig van Beethoven;Ó vós, homens que me julgais hostil, teimoso ou misantropo, como me injuriais: não conheceis a causa secreta do que assim vos parece.;Testamento de Heiligenstadt (1802);Fase 119 (10/10/2026, correção): orig sem a segunda parte, presente no texto português. Evidência: Heiligenstädter Testament (1802), frase de abertura (grafia modernizada).
Malcolm X;É o voto ou a bala.;“O Voto ou a Bala”, discurso em Cleveland (03/04/1964);"Fase 119 (10/10/2026, correção): orig com redação não confirmada; fonte sem data. Evidência: “The Ballot or the Bullet”, Cleveland, 03/04/1964: “…it’s the ballot or the bullet”."
Marguerite Yourcenar;Fundar bibliotecas é como construir celeiros públicos: amontoar reservas contra um inverno do espírito.;Memórias de Adriano (1951);"Fase 119 (10/10/2026): original conferido — Mémoires d’Hadrien (1951); passagem registrada pela Wikiquote (versão inglesa em quotewise.io)."
Michael Jordan;"Posso aceitar o fracasso; todo mundo fracassa em algo. Mas não posso aceitar não tentar.";Eu Não Posso Aceitar Não Tentar (1994);"Fase 119 (10/10/2026): original conferido — I Can’t Accept Not Trying (1994) (Wikiquote; Entrepreneur)."
Mihaly Csikszentmihalyi;A felicidade não é algo que simplesmente acontece. Não é resultado da boa sorte nem do acaso.;Fluxo (1990);Fase 119 (10/10/2026, correção): texto português acrescentava frase ausente do orig. Evidência: Flow (1990), introdução: “Happiness is not something that happens. It is not the result of good fortune or random chance.”
Noam Chomsky;É responsabilidade dos intelectuais dizer a verdade e desmascarar mentiras.;“A Responsabilidade dos Intelectuais”, New York Review of Books (1967);Fase 119 (10/10/2026, correção): fonte sem data e veículo. Evidência: “The Responsibility of Intellectuals”, New York Review of Books, 23/02/1967, primeira frase.
Peter Thiel;Que verdade importante muito pouca gente concorda com você?;De Zero a Um (2014), capítulo 1;Fase 119 (10/10/2026): original conferido — Zero to One (2014), cap. 1 (pergunta de entrevista de Thiel).
Peter Thiel;Cada momento nos negócios acontece apenas uma vez. O próximo Bill Gates não vai criar um sistema operacional.;De Zero a Um (2014), prefácio;Fase 119 (10/10/2026): original conferido — Zero to One (2014), prefácio, primeiras frases.
Robert Louis Stevenson;O homem não é verdadeiramente um, e sim dois.;O Médico e o Monstro (1886), capítulo “Henry Jekyll’s Full Statement of the Case”;Fase 119 (10/10/2026): original conferido — The Strange Case of Dr Jekyll and Mr Hyde (Project Gutenberg #43, espelho GITenberg).
Rosa Luxemburgo;A liberdade apenas para os partidários do governo, apenas para os membros de um partido, não é liberdade.;"A Revolução Russa (1918; publicada em 1922), nota manuscrita";Fase 119 (10/10/2026, correção): fonte genérica. Evidência: Die russische Revolution (1918), mesma nota manuscrita: “Freiheit nur für die Anhänger der Regierung, nur für Mitglieder einer Partei – mögen sie noch so zahlreich sein – ist keine Freiheit.”
Stanley Milgram;Pessoas comuns, apenas fazendo seu trabalho e sem nenhuma hostilidade particular, podem tornar-se agentes de um processo terrível de destruição.;Obediência à Autoridade;Fase 119 (10/10/2026): original conferido — Obedience to Authority (1974), cap. 1.
Stephen Covey;Comece com o fim em mente.;Os 7 Hábitos das Pessoas Altamente Eficazes (1989), hábito 2;Fase 119 (10/10/2026): original conferido — The 7 Habits of Highly Effective People (1989), hábito 2.
Thomas Sowell;A economia é o estudo do uso de recursos escassos que têm usos alternativos.;Economia Básica (2000), capítulo 1;Fase 119 (10/10/2026): original conferido — Basic Economics (2000), cap. 1.
Tom Peters;Uma inclinação para a ação: fazer, corrigir, tentar.;Vencendo a Crise (In Search of Excellence, 1982), capítulo 5;Fase 119 (10/10/2026): original conferido — In Search of Excellence (1982), cap. 5, “A Bias for Action”.
Will Durant;A educação é a descoberta progressiva de nossa própria ignorância.;Citada em “The Great Gadfly”, Time (8 de outubro de 1965);"Fase 119 (10/10/2026, correção): obra errada. Evidência: Citada na resenha “The Great Gadfly”, Time (08/10/1965), de The Age of Voltaire (Wikiquote). Fase 121 (10/10/2026): texto conferido na obra — Wikiquote (en), Will Durant, reproduzido em Quotepark: “Sixty years ago I knew everything. Now I know nothing. Education is a progressive discovery of our own ignorance.”, citado de “Books: The Great Gadfly”, Time, 08/10/1965 (resenha de The Age of Voltaire); WIST Quotations registra a mesma fonte."
Will Durant;Uma grande civilização não é conquistada de fora antes de ter se destruído por dentro.;César e Cristo (1944), epílogo;Fase 119 (10/10/2026): original conferido — Caesar and Christ (1944), epílogo.
Yuval Noah Harari;Não há deuses no universo, nem nações, nem dinheiro, nem direitos humanos, nem leis, nem justiça, fora da imaginação coletiva dos seres humanos.;Sapiens;Fase 119 (10/10/2026): original conferido — Sapiens (2011), cap. 2.
Yuval Noah Harari;A história começou quando os humanos inventaram os deuses, e terminará quando os humanos se tornarem deuses.;Homo Deus;"Fase 119 (10/10/2026): original conferido — Homo Deus (2016); redação varia levemente entre edições (resumos e páginas da editora)."
Woodrow Wilson;Deve ser formada uma associação geral de nações, com o propósito de garantir independência política e integridade territorial a Estados grandes e pequenos igualmente.;Os Quatorze Pontos (discurso ao Congresso, 8 de janeiro de 1918), ponto XIV;Fase 119 (10/10/2026): original conferido — President Wilson’s Addresses (Project Gutenberg #17427, espelho GITenberg).
Oliver Wendell Holmes;A grande coisa neste mundo não é tanto onde estamos, mas em que direção nos movemos.;O Autocrata da Mesa do Café da Manhã (1858), capítulo IV;Fase 119 (10/10/2026): original conferido — The Autocrat of the Breakfast-Table (Project Gutenberg #751, espelho GITenberg).
Melinda French Gates;Quando você levanta as mulheres, você levanta a humanidade.;O Momento de Voar (2019);Fase 119 (10/10/2026): original conferido — The Moment of Lift (2019), introdução: “Because when you lift up women, you lift up humanity.” (descrições da editora e de bibliotecas).
Sheryl Sandberg;O que você faria se não tivesse medo?;Faça Acontecer (2013);Fase 119 (10/10/2026): original conferido — Lean In (2013): pergunta do cartaz do Facebook que Sandberg discute no livro.
Sheryl Sandberg;A resiliência não é um traço fixo de personalidade. É um projeto para a vida inteira.;Plano B (2017, com Adam Grant);Fase 119 (10/10/2026, correção): texto português não traduzia o orig. Evidência: Option B (2017), resenha da Publishers Weekly cita “Resilience is not a fixed personality trait. It’s a lifelong project.”
Albert Schweitzer;A ética é a responsabilidade, ampliada ao infinito, por tudo o que vive.;Filosofia da Civilização;"Fase 119 (10/10/2026, correção): O original registrado trazia “ins Unbegrenzte” (o texto diz “ins Grenzenlose”), e o português traduzia “Verantwortung” (responsabilidade) por “reverência”. Original e tradução corrigidos. Evidência: Kultur und Ethik (1923); Spektrum Lexikon der Philosophen; reproduções em alemão."
Amos Tversky;As pessoas recorrem a um número limitado de princípios heurísticos, que reduzem as tarefas complexas de avaliar probabilidades e prever valores a operações de julgamento mais simples.;Julgamento sob Incerteza: Heurísticas e Vieses (1974, com Daniel Kahneman), Science 185;"Fase 119 (10/10/2026, correção): O original registrado omitia “and predicting values”; completado, e tradução ajustada. Evidência: “Judgment under Uncertainty: Heuristics and Biases”, Science 185 (1974), com Daniel Kahneman (excertos em equitablegrowth.org e reimpressões)."
Amos Tversky;As perdas pesam mais do que os ganhos de mesma magnitude.;Teoria do Prospecto (1979, com Daniel Kahneman), Econometrica 47;Fase 119 (10/10/2026): original conferido — “Prospect Theory: An Analysis of Decision under Risk”, Econometrica 47 (1979), com Daniel Kahneman.
Angela Davis;A prisão funciona ideologicamente como um espaço abstrato onde se depositam os indesejáveis, aliviando-nos da responsabilidade de pensar sobre as verdadeiras questões.;Estarão as Prisões Obsoletas?;"Fase 119 (10/10/2026): original conferido — Are Prisons Obsolete? (2003), cap. 1; passagem reproduzida em coletâneas de citações da obra (Goodreads) com redação idêntica."
Augusto;Com dezenove anos de idade, por iniciativa própria e com meus próprios recursos, reuni um exército com o qual devolvi a liberdade à república oprimida.;Res Gestae Divi Augusti, capítulo 1;Fase 119 (10/10/2026): original conferido — Res Gestae Divi Augusti (texto latino, The Latin Library, espelho cltk no GitHub).
Cleantes;Nada acontece na terra sem ti, ó Deus, nem na esfera divina do céu, nem no mar.;Hino a Zeus;"Fase 119 (10/10/2026): original conferido — The Golden Sayings of Epictetus, with the Hymn of Cleanthes (trad. de Hastings Crossley) (Project Gutenberg #871, espelho GITenberg). Observação: original grego não conferido no corpus; passagem conferida na tradução inglesa (“Nought is done that is done without Thee in the earth or the waters / Or in the heights of heaven”)."
Francisco de Assis;Louvado sejas, meu Senhor, com todas as tuas criaturas, especialmente o senhor irmão sol, que é o dia e por quem nos dás a luz.;Cântico das Criaturas;"Fase 119 (10/10/2026, correção): O português traduz também “lo quale jorna, et illumini per lui”; original completado com o texto conferido. Evidência: Life of St. Francis of Assisi (texto úmbrio do Cântico) (Project Gutenberg #18787, espelho GITenberg)."
Francisco de Assis;Os frades não se apropriem de nada: nem casa, nem lugar, nem coisa alguma.;Regra dos Frades Menores (Regula bullata, 1223), capítulo 6;"Fase 119 (10/10/2026): original conferido — Regula bullata (1223), cap. VI “Quod fratres nihil sibi approprient” (edição digitalizada, Universidade de Utrecht; IntraText)."
George Lakoff;Nosso sistema conceitual cotidiano, em termos do qual pensamos e agimos, é fundamentalmente metafórico por natureza.;Metáforas da Vida Cotidiana (1980, com Mark Johnson), capítulo 1, p. 3;"Fase 119 (10/10/2026, correção): O original registrado fundia duas passagens; substituído pela frase literal da p. 3 e tradução ajustada. Evidência: Metaphors We Live By (1980), cap. 1 “Concepts We Live By”, p. 3 (cópia do capítulo, UMSL; resenha NYU Medical Humanities)."
Guy Kawasaki;Não se preocupe: pode ser tosco.;A Arte do Começo;"Fase 119 (10/10/2026, correção): Só “Don’t worry, be crappy” foi confirmado; a segunda frase não foi localizada, e o português não traduzia o original. Mantido apenas o lema conferido. Evidência: The Art of the Start (2004), seção “Don’t worry, be crappy” (Knowledge at Wharton; programa do curso de Kawasaki)."
Haemin Sunim;Quando nossa mente está agitada, o mundo também está. E quando nossa mente está em paz, o mundo também está.;As Coisas Que Você Só Vê Quando Desacelera;"Fase 119 (10/10/2026, correção): O original registrado não foi localizado; o texto do livro sobre a mesma ideia é “When our mind is noisy, the world is as well. And when our mind is peaceful, the world is, too.” Original e tradução substituídos. Evidência: The Things You Can See Only When You Slow Down, cap. 1 (passagem reproduzida por Goodreads, Shortform e outros)."
Harry Markowitz;A diversificação é ao mesmo tempo observada na prática e sensata: uma regra de comportamento que não implique a superioridade da diversificação deve ser rejeitada.;Seleção de Carteiras, Journal of Finance (1952);Fase 119 (10/10/2026): original conferido — “Portfolio Selection”, Journal of Finance 7 (1952) (cópia do artigo, HKUST).
Henry Chesbrough;As empresas podem e devem usar ideias externas tanto quanto internas, e caminhos internos e externos para o mercado, ao buscar avançar sua tecnologia.;Open Innovation (2003), introdução, p. xxiv;"Fase 119 (10/10/2026, correção): O original registrado era reescrita da definição; substituído pela redação do livro. Evidência: Open Innovation (2003), p. xxiv (definição reproduzida por openinnovation.eu, P2P Foundation e acawiki)."
Jean de La Fontaine;Ajuda-te, e o céu te ajudará.;Fábulas (1668), livro VI, fábula 18, “O Carroceiro Atolado”;Fase 119 (10/10/2026, correção): fonte sem livro e fábula. Evidência: Fables, livro VI, fábula 18, “Le Chartier embourbé”, verso final: “Aide-toi, le Ciel t’aidera.”
John Galbraith;Mas, sem dúvida, a riqueza é implacável inimiga da compreensão.;A Sociedade Afluente (1958), capítulo 1;"Fase 119 (10/10/2026, correção): orig sem o início da frase; fonte sem ano e capítulo. Evidência: The Affluent Society (1958), cap. 1, segunda frase do livro: “But, beyond doubt, wealth is the relentless enemy of understanding.”"
José Martí;As trincheiras de ideias valem mais do que as trincheiras de pedra.;Nossa América (1891);"Fase 119 (10/10/2026, correção): fonte sem ano. Evidência: “Nuestra América” (La Revista Ilustrada de Nueva York, 01/01/1891; El Partido Liberal, México, 30/01/1891)."
Lee Iacocca;Aplique-se. Busque toda a educação que puder e depois, por Deus, faça alguma coisa.;Iacocca: Uma Autobiografia (1984);"Fase 119 (10/10/2026, correção): orig misturava frase de Emerson. Evidência: Iacocca: An Autobiography (1984): “Apply yourself. Get all the education you can, but then, by God, do something.”; a última frase do orig (“Nothing great was ever achieved without enthusiasm”) é de Emerson."
Martinho Lutero;Nosso Senhor e Mestre Jesus Cristo, ao dizer arrepende-te, quis que toda a vida dos fiéis fosse arrependimento.;95 Teses (1517), tese 1;Fase 119 (10/10/2026, correção): fonte sem ano e número da tese. Evidência: 95 Teses (1517), tese 1: “Dominus et magister noster Iesus Christus dicendo ‘Penitentiam agite &c.’ omnem vitam fidelium penitentiam esse voluit.” (texto latino, The Latin Library, espelho cltk no GitHub).
Al Ries e Jack Trout;É melhor ser o primeiro do que ser o melhor.;As 22 Consagradas Leis do Marketing (1993), lei 1, “A Lei da Liderança”;Fase 119 (10/10/2026): original conferido — Título da Lei 1 (Lei da Liderança) de The 22 Immutable Laws of Marketing (1993), conforme reproduções dos títulos dos capítulos (Branding Strategy Insider, 2008).
Estée Lauder;Não cheguei lá desejando, sonhando ou esperando. Cheguei lá trabalhando.;Declaração ao lançar Estée: A Success Story (1985), registrada pela Associated Press;"Fase 119 (10/10/2026, correção): A forma registrada (“I never dreamed about success…”) vem de uma entrevista à Fortune citada em 1992; a declaração documentada de 1985, ligada ao livro, é outra. Original, tradução e fonte ajustados à de 1985. Evidência: Associated Press, dezembro de 1985, e Daily Record, 05/12/1985, sobre o lançamento de Estée: A Success Story (Barry Popik)."
Abraham Maslow;O que um homem pode ser, ele precisa ser.;Motivação e Personalidade;"Fase 119 (10/10/2026): original conferido — Texto de “A Theory of Human Motivation” (1943), reproduzido em Motivation and Personality (1954); Wikiversity cita a passagem (Maslow, 1943)."
Abraham Maslow;É bem verdade que o homem vive só de pão — quando não há pão.;Motivação e Personalidade;"Fase 119 (10/10/2026): original conferido — “A Theory of Human Motivation” (Psychological Review, 1943), texto em psychclassics.yorku.ca; reproduzido em Motivation and Personality (1954)."
Booker T. Washington;Eu não permitiria que homem algum, fosse qual fosse a sua cor, estreitasse e degradasse a minha alma fazendo-me odiá-lo.;Da Escravidão à Liberdade (1901), capítulo XI;"Fase 117 (correção): Texto anterior era paráfrase sem correspondência literal e o original registrado estava alterado (“I will permit”); substituídos pelo trecho exato de Up from Slavery, cap. XI (Standard Ebooks)."
Booker T. Washington;Lancem seu balde onde vocês estão.;Discurso da Exposição de Atlanta (1895), reproduzido em Da Escravidão à Liberdade (1901), capítulo XIV;"Fase 117: original (campo orig) encontrado literalmente em booker-t-washington_up-from-slavery (Standard Ebooks, domínio público), conferido em 08/10/2026. Fase 117 (correção): Passagem do discurso de Atlanta (cap. XIV de Up from Slavery); a fonte anterior (“Instituto Tuskegee”) não era a obra de onde vem a frase."
Sojourner Truth;Eu arei, plantei e enchi celeiros, e nenhum homem podia me superar. E não sou eu uma mulher?;Discurso em Akron (1851), na versão de Frances Gage (1863);Fase 119 (10/10/2026, correção): fonte. Evidência: Versão de Frances Gage (1863): “I have ploughed and planted, and gathered into barns, and no man could head me! And ain’t I a woman?”
Sojourner Truth;Se a primeira mulher que Deus fez foi forte o bastante para virar o mundo de cabeça para baixo sozinha, estas mulheres juntas deveriam ser capazes de virá-lo de volta.;Discurso em Akron (1851), na versão de Frances Gage (1863);Fase 119 (10/10/2026, correção): fonte. Evidência: Versão de Frances Gage (1863).
Max Planck;A ciência não consegue resolver o mistério último da natureza. E isso porque, em última análise, nós mesmos somos parte da natureza e, portanto, parte do mistério que tentamos resolver.;Para Onde Vai a Ciência? (1932);"Fase 119 (10/10/2026, correção): a frase não é da Autobiografia Científica; orig com redação inexata. Evidência: Where Is Science Going? (1932, trad. James Murphy), epílogo; redação registrada por todayinsci.com."
Oliver Goldsmith;Escolhi minha esposa como ela escolheu o vestido de noiva: não pelo brilho da superfície, mas por qualidades que durassem bem.;O Vigário de Wakefield (1766), capítulo 1;"Fase 117 (correção): Original registrado trazia “I chose my wife,” com pontuação e sujeito alterados; corrigido para o texto de Standard Ebooks, cap. 1."
Nora Ephron;Se eu contar a história, controlo a versão. Se eu contar a história, posso fazer você rir — e prefiro que você ria de mim a sentir pena de mim.;A Difícil Arte de Amar (Heartburn, 1983);"Fase 119 (10/10/2026): original conferido — Heartburn (1983), fala da narradora, Rachel Samstat (Paris Review; RogerEbert.com)."
Walt Disney;A todos que vêm a este lugar feliz: bem-vindos. Aqui a idade revive boas lembranças do passado, e a juventude saboreia o desafio e a promessa do futuro.;Discurso de inauguração da Disneylândia (17/07/1955);Fase 119 (10/10/2026, correção): orig omitia trecho sem indicar. Evidência: Discurso de inauguração da Disneylândia, 17/07/1955 (texto da placa de dedicação).
Plutarco;"Não escrevo histórias, e sim vidas; e nem sempre é nas ações mais gloriosas que se revela a virtude ou o vício.";Vidas Paralelas, Vida de Alexandre, 1.2;Fase 119 (10/10/2026, correção): orig continha só a primeira oração do trecho traduzido. Evidência: Plutarco, Vida de Alexandre 1.2 (texto grego Perseus, canonical-greekLit tlg0007.tlg047).
Robert Kiyosaki;Os pobres e a classe média trabalham por dinheiro. Os ricos fazem o dinheiro trabalhar para eles.;Pai Rico, Pai Pobre;Fase 119 (10/10/2026): original conferido — Rich Dad Poor Dad (1997), lição 1.
Oliver Wendell Holmes;O jovem conhece as regras, mas o velho conhece as exceções.;“The Young Practitioner”, em Medical Essays (1883);"Fase 119 (10/10/2026, correção): obra errada (não é O Autocrata da Mesa do Café da Manhã); orig sem artigo. Evidência: Medical Essays, “The Young Practitioner” (1871): “The young man knows the rules, but the old man knows the exceptions.” (Project Gutenberg #2700, espelho GITenberg)."
Neil Postman;A infância é uma invenção social, e não uma categoria biológica.;O Desaparecimento da Infância (1982), introdução;Fase 119 (10/10/2026): original conferido — The Disappearance of Childhood (1982), introdução, p. xi (citado em artigo acadêmico).
Nikola Tesla;Nossas virtudes e nossos defeitos são inseparáveis, como a força e a matéria: quando se separam, o homem deixa de existir.;Minhas Invenções;Fase 119 (10/10/2026): original conferido — My Inventions (1919), parte I.
Mihaly Csikszentmihalyi;Fluxo: o estado em que as pessoas estão tão envolvidas numa atividade que nada mais parece importar.;Fluxo (1990);"Fase 119 (10/10/2026, correção): orig com “I call it flow”, que não está no texto. Evidência: Flow (1990), p. 4 (citado na literatura acadêmica; Wikiquote)."
Miguel de Cervantes;A pena é a língua da alma.;Dom Quixote, parte II (1615), capítulo 16;"Fase 119 (10/10/2026, correção): orig com artigo a mais; fonte sem parte e capítulo. Evidência: Don Quijote, parte II, cap. 16: “la pluma es lengua del alma”, fala de Dom Quixote (Project Gutenberg #2000, espelho GITenberg)."
Stephen Covey;Ser proativo é mais do que tomar iniciativa: significa que, como seres humanos, somos responsáveis por nossa própria vida.;Os 7 Hábitos das Pessoas Altamente Eficazes (1989), hábito 1;Fase 119 (10/10/2026, correção): texto português não traduzia o orig. Evidência: The 7 Habits (1989), hábito 1: “It means that as human beings, we are responsible for our own lives.”
T. S. Eliot;Medi minha vida em colheres de café.;A Canção de Amor de J. Alfred Prufrock;Fase 119 (10/10/2026): original conferido — Prufrock and Other Observations (Project Gutenberg #1459, espelho GITenberg).
Paul Tillich;A coragem é a autoafirmação do ser apesar do fato do não-ser.;A Coragem de Ser;Fase 119 (10/10/2026): original conferido — The Courage to Be (1952), definição central da obra.
Stanley Milgram;A obediência é o mecanismo psicológico que liga a ação individual ao propósito político.;Obediência à Autoridade;Fase 119 (10/10/2026, correção): texto português não traduzia o orig. Evidência: Obedience to Authority (1974), cap. 1.
Robert K. Greenleaf;O teste é este: aqueles a quem se serve crescem como pessoas? Tornam-se mais saudáveis, mais sábios, mais livres, mais autônomos?;O Servidor como Líder;Fase 119 (10/10/2026): original conferido — “The Servant as Leader” (1970), o “melhor teste” da liderança servidora.
Angela Duckworth;Talento vezes esforço resulta em habilidade. Habilidade vezes esforço resulta em realização.;Garra (2016), capítulo 3;"Fase 119 (10/10/2026): original conferido — Grit (2016), cap. 3 “Effort Counts Twice”: equações reproduzidas em resumos do capítulo (IIT Delhi; Shortform)."
Ayn Rand;Alcançar a própria felicidade é o mais alto propósito moral do homem.;A Virtude do Egoísmo (1964), ensaio “A Ética Objetivista”;"Fase 119 (10/10/2026, correção): texto português acrescentava “bem-estar”. Evidência: The Virtue of Selfishness (1964), ensaio “The Objectivist Ethics”; destaques de leitores."
Ernest Hemingway;O mundo é um bom lugar e vale a pena lutar por ele.;Por Quem os Sinos Dobram;Fase 119 (10/10/2026): original conferido — For Whom the Bell Tolls (1940), último capítulo, pensamento de Robert Jordan (coletâneas e Easton Press).
Ernest Hemingway;Como você foi à falência? De duas maneiras: gradualmente, e depois de repente.;O Sol Também Se Levanta (1926), capítulo 13;"Fase 119 (10/10/2026, correção): Original ajustado ao diálogo do romance; localização acrescentada. Evidência: The Sun Also Rises, cap. 13 (Project Gutenberg #67138, espelho GITenberg)."
J.K. Rowling;Não adianta viver de sonhos e esquecer de viver.;Harry Potter e a Pedra Filosofal (1997), capítulo 12;"Fase 119 (10/10/2026, correção): fonte sem ano e capítulo; falta indicar o personagem. Evidência: Philosopher’s Stone, cap. 12 (“The Mirror of Erised”), fala de Dumbledore."
Harriet Tubman;Fui condutora da Ferrovia Subterrânea por oito anos, e posso dizer o que a maioria dos condutores não pode: nunca descarrilei meu trem e nunca perdi um passageiro.;Fala atribuída a Tubman numa reunião sufragista em 1896 (registrada em The Columbia Book of Quotations by Women, 1996);"Fase 119 (10/10/2026, correção): A fonte registrada (“Rotas da Ferrovia Subterrânea”) não é obra; a fala é atribuída a Tubman numa reunião sufragista de 1896 e registrada em coletânea. Evidência: Massachusetts Commonwealth Museum (exposição sobre o sufrágio); The Columbia Book of Quotations by Women (1996), p. 2 (via Wikiquote)."
Ada Lovelace;A Máquina Analítica não tem nenhuma pretensão de originar coisa alguma: ela pode fazer o que quer que saibamos ordenar-lhe que execute.;Notas sobre a Máquina Analítica (1843), nota G;"Fase 119 (10/10/2026): original conferido — Notas de Ada Lovelace à tradução do artigo de Menabrea (1843), nota G; texto em psychclassics.yorku.ca e Bodleian Library."
Angela Davis;"As mulheres negras eram iguais a seus companheiros na opressão que sofriam; eram socialmente iguais a eles dentro da comunidade escrava; e resistiam à escravidão com uma paixão igual à deles.";Mulheres, Raça e Classe (1981), capítulo 1;"Fase 119 (10/10/2026, correção): O original registrado omitia, sem indicação, a oração do meio; completado com o texto do livro e tradução ajustada. Evidência: Women, Race & Class (1981), cap. 1; passagem reproduzida pela Penguin Modern Classics (2019) e outras edições."
Arthur Ashe;O verdadeiro heroísmo é notavelmente sóbrio e nada dramático: não é o impulso de superar os outros a qualquer custo, mas de servi-los a qualquer custo.;Discurso de formatura na Ohio Wesleyan University, 12 de maio de 1991;"Fase 119 (10/10/2026, correção): A frase não está em Days of Grace; o registro documentado é o discurso de formatura de 1991 na Ohio Wesleyan University. Fonte corrigida. Evidência: Quote Investigator (2023, “heroism serve”): discurso de formatura de Arthur Ashe na Ohio Wesleyan University, 12/05/1991, citado em jornal de Delaware (Ohio) em 1993 e no Reader’s Digest (1994)."
Brian Tracy;Seu sapo é a maior e mais importante tarefa do dia — justamente aquela que você tem mais chance de adiar.;Engula Aquele Sapo;"Fase 119 (10/10/2026): original conferido — Eat That Frog! (2001), introdução: “Your frog is your biggest, most important task, the one you are most likely to procrastinate on, if you don’t do something about it” (resenha de 2007; resumos)."
Donald Winnicott;É no brincar, e somente no brincar, que a criança ou o adulto pode ser criativo e usar a personalidade inteira.;O Brincar e a Realidade;"Fase 119 (10/10/2026, correção): O português (“é inteiramente ele mesmo”) não traduzia o original; ajustado. Evidência: Playing and Reality (1971), cap. 4; citação reproduzida em fontes de ensino sobre Winnicott."
Esopo;Aparências enganam.;Fábulas de Esopo, “O Lobo em Pele de Cordeiro” (moral na tradução inglesa do Project Gutenberg #28);Fase 119 (10/10/2026): original conferido — Aesop’s Fables (Project Gutenberg #28, espelho GITenberg).
Elbert Hubbard;A civilização é uma longa e ansiosa busca por pessoas assim.;Uma Mensagem a Garcia;Fase 119 (10/10/2026): original conferido — A Message to Garcia (Project Gutenberg #17195, espelho GITenberg).
Joseph Joubert;É melhor revolver uma questão sem decidi-la do que decidi-la sem revolvê-la.;Pensamentos (1838);"Fase 119 (10/10/2026, correção): orig era variante moderna. Evidência: Pensées, cap. 8, § 71 (ed. 1850): “Il vaut mieux remuer une question sans la décider, que la décider sans la remuer.” (wist.info, com edição e parágrafo); a redação com “débattre” é variante moderna."
Joseph Joubert;As crianças precisam mais de modelos do que de críticos.;Pensamentos;Fase 119 (10/10/2026): original conferido — Pensées, título “De l’éducation” (ed. 1850, t. 1, p. 442).
Gottfried Wilhelm Leibniz;Nada há no intelecto que não tenha estado antes nos sentidos — exceto o próprio intelecto.;Novos Ensaios sobre o Entendimento Humano (escritos em 1704, publicados em 1765), livro II, capítulo 1, § 2;"Fase 119 (10/10/2026): original conferido — Nouveaux Essais, livro II, cap. 1, § 2 (Wikipedia, com remissão a Remnant & Bennett, p. 74, e à Akademie-Ausgabe VI; Academia de Ciências Tcheca)."
Desmond Tutu;A alegria é muito maior que a felicidade: a felicidade depende de circunstâncias externas, a alegria não.;O Livro da Alegria (com o Dalai Lama);Fase 119 (10/10/2026): original conferido — The Book of Joy (2016, com o Dalai Lama e Douglas Abrams), fala de Tutu (resenhas e excertos).
Al Ries e Jack Trout;Marketing não é uma batalha de produtos: é uma batalha de percepções.;As 22 Consagradas Leis do Marketing (1993), lei 4, “A Lei da Percepção”;Fase 119 (10/10/2026): original conferido — Título da Lei 4 (Lei da Percepção) de The 22 Immutable Laws of Marketing (1993), conforme reproduções dos títulos dos capítulos.
Andy Grove;Deixe o caos reinar e, depois, contenha o caos.;Só os Paranoicos Sobrevivem (1996), capítulo “Deixe o caos reinar”;"Fase 119 (10/10/2026, correção): A frase é de Só os Paranoicos Sobrevivem (1996), não de Administração de Alta Performance. Fonte corrigida. Evidência: Only the Paranoid Survive (1996), seções “Let Chaos Reign” / “Rein in Chaos” (Wikiquote; catálogo da obra)."
Rosa Luxemburgo;Ser humano é o principal de tudo, e isso significa ser firme, claro e alegre — sim, alegre apesar de tudo.;Carta a Mathilde Wurm (28/12/1916);"Fase 119 (10/10/2026, correção): orig sem a repetição final; fonte genérica. Evidência: Carta a Mathilde Wurm, Wronke, 28/12/1916 (Der Freitag; tradução da Dissent, 1954)."
Cleantes;Conduz-me, ó Zeus, e tu, Destino, para onde quer que tenhais decretado que eu vá: seguirei sem hesitar.;Versos citados por Epicteto, Manual (Encheirídion), capítulo 53;"Fase 119 (10/10/2026, correção): Os versos não são do Hino a Zeus: são outro fragmento de Cleantes, conservado por Epicteto no fim do Manual (cap. 53). Fonte corrigida; original completado com o verso que o português traduz (“seguirei sem hesitar”). Evidência: Epicteto, Encheirídion 53, texto grego da edição Perseus (canonical-greekLit, GitHub)."
Estée Lauder;Telefone, telégrafo, conte a uma mulher.;Lema de Estée Lauder (Estée Lauder Companies, “Our Founder”);Fase 119 (10/10/2026, correção): Lema documentado pela empresa, não passagem localizada no livro de 1985. Fonte corrigida. Evidência: Estée Lauder Companies, página “Our Founder” (heritage).
James M. Barrie;Todas as crianças crescem — menos uma.;Peter Pan e Wendy (1911), capítulo I;Fase 117: original (campo orig) encontrado literalmente em j-m-barrie_peter-and-wendy (Standard Ebooks, domínio público), conferido em 08/10/2026. Fase 117 (correção): Capítulo conferido no texto (Standard Ebooks).
Anaïs Nin;Cada amigo representa um mundo dentro de nós, um mundo que talvez só nasça quando ele chega.;Diário de Anaïs Nin;"Fase 119 (10/10/2026): original conferido — The Diary of Anaïs Nin (Wikiquote; Britannica Quotes; Goodreads), entrada de 1937."
Alexandre Dumas;Só quem já esteve na miséria mais profunda é capaz de sentir a felicidade mais alta.;O Conde de Monte Cristo (1844–1846), último capítulo, carta de Monte Cristo a Morrel;"Fase 119 (10/10/2026, correção): O original registrado era a frase anterior da mesma carta; o português traduz “Celui-là seul qui a éprouvé l’extrême infortune est apte à ressentir l’extrême félicité”. Original corrigido; localização acrescentada. Evidência: Le Comte de Monte-Cristo, t. IV (Project Gutenberg #17992, espelho GITenberg)."
Ayn Rand;Todo trabalho criador se realiza sob a orientação de um único pensamento individual.;A Nascente (1943), discurso de Howard Roark no tribunal;"Fase 119 (10/10/2026, correção): Só a segunda frase foi confirmada; a primeira e a paráfrase portuguesa (“…e não de um coletivo que aprova”) não. Mantida apenas a frase conferida, com tradução fiel. Evidência: The Fountainhead (1943), discurso de Roark no tribunal (LitCharts cita “Every creative job is achieved under the guidance of a single individual thought”)."
Pierre-Joseph Proudhon;Se eu tivesse de responder à pergunta “o que é a escravidão?” e respondesse numa só palavra: “é o assassinato”, meu pensamento seria logo compreendido.;O Que é a Propriedade? (1840), capítulo 1;Fase 119 (10/10/2026, correção): orig abreviado. Evidência: Qu’est-ce que la propriété? (1840), cap. 1, primeiras linhas: “Si j’avais à répondre à la question suivante: Qu’est-ce que l’esclavage? et que d’un seul mot je répondisse: C’est l’assassinat, ma pensée serait d’abord comprise.”
Salvador Dalí;Aos seis anos eu queria ser cozinheiro. Aos sete, queria ser Napoleão. Minha ambição não parou de crescer desde então.;A Vida Secreta de Salvador Dalí (1942), prólogo;"Fase 119 (10/10/2026, correção): o orig espanhol é tradução, não o texto original. Evidência: The Secret Life of Salvador Dalí (1942), prólogo, primeiras frases; o livro saiu primeiro em inglês (trad. Haakon Chevalier)."
Michelangelo;O melhor artista não tem conceito algum que um só mármore não encerre em si, com seu excesso.;Rimas, soneto 151;Fase 119 (10/10/2026): original conferido — Rime, soneto 151 (“Non ha l’ottimo artista alcun concetto”).
Louisa May Alcott;Ela gosta demais de livros, e isso lhe virou a cabeça.;Trabalho: Uma História de Experiência (1873), capítulo 2;"Fase 119 (10/10/2026, correção): a frase não é de Mulherzinhas, e sim de Work. Evidência: Work: A Story of Experience (1873), cap. II (“Servant”), fala da Sra. Stuart (Project Gutenberg #4770, espelho GITenberg); Quote Investigator (2015)."
Madame de Staël;A própria glória não pode ser, para uma mulher, senão o luto resplandecente da felicidade.;Da Alemanha (1813), parte III, capítulo XIX;Fase 119 (10/10/2026, correção): A frase não está em Corinne: está em Da Alemanha, parte III, cap. XIX (“De l’amour dans le mariage”), e diz respeito à glória para uma mulher. Fonte, original e tradução corrigidos. Evidência: De l’Allemagne, t. 2, parte III, cap. XIX (Project Gutenberg #67933, espelho GITenberg).
Ernest Renan;O esquecimento, e eu diria até o erro histórico, é um fator essencial na criação de uma nação.;O Que é uma Nação?;"Fase 119 (10/10/2026): original conferido — Qu’est-ce qu’une nation ? (1882), cap. I; texto reproduzido em prova oral da ENS (2018)."
Harriet Beecher Stowe;As lágrimas mais amargas derramadas sobre túmulos são por palavras não ditas e atos não feitos.;Little Foxes (1866);Fase 119 (10/10/2026): original conferido — Little Foxes (Project Gutenberg #67383, espelho GITenberg).
Benjamin Disraeli;A vida é curta demais para ser pequena.;Coningsby, or The New Generation (1844);Fase 119 (10/10/2026): original conferido — Coningsby (Project Gutenberg #7412, espelho GITenberg).
Samuel Butler;"Qualquer tolo pode dizer a verdade; é preciso algum juízo para mentir bem.";Cadernos de Notas;Fase 119 (10/10/2026): original conferido — The Note-Books of Samuel Butler (Project Gutenberg #6173, espelho GITenberg).
Pablo Picasso;Eu não procuro: eu encontro.;Declaração registrada por Florent Fels (anos 1920);"Fase 119 (10/10/2026, correção): fonte genérica. Evidência: Declaração ligada a Florent Fels; recorte nos papéis de Fels (1919–1927) no Musée Picasso."
Pablo Picasso;Um quadro não é pensado e fixado de antemão: enquanto é feito, ele muda com o pensamento de quem o faz.;Conversa com Christian Zervos, Cahiers d’Art (1935);Fase 119 (10/10/2026, correção): fonte genérica. Evidência: Christian Zervos, “Conversation avec Picasso”, Cahiers d’Art (1935).
Ada Lovelace;A ciência das operações, derivada da matemática, é uma ciência em si mesma, com sua própria verdade abstrata e seu próprio valor.;Notas sobre a Máquina Analítica (1843), nota A;"Fase 119 (10/10/2026, correção): O original registrado omitia “more especially”; completado com o texto da nota A. Evidência: Notas de Ada Lovelace (1843), nota A, texto em psychclassics.yorku.ca."
Max De Pree;Não podemos tornar-nos aquilo que precisamos ser permanecendo aquilo que somos.;Liderança é uma Arte (1987);"Fase 119 (10/10/2026, correção): fonte sem ano. Evidência: Leadership Is an Art, capítulo “Who Owns This Place?”: “In the end, it is important to remember that we cannot become what we need to be by remaining what we are.” (excerto O’Reilly; wist.info)."
Nathaniel Hawthorne;Sê verdadeiro! Mostra livremente ao mundo, se não o teu pior, ao menos algum traço pelo qual o pior possa ser inferido.;A Letra Escarlate (1850), capítulo XXIV;Fase 117: original (campo orig) encontrado literalmente em nathaniel-hawthorne_the-scarlet-letter (Standard Ebooks, domínio público), conferido em 08/10/2026. Fase 117 (correção): Capítulo conferido no texto (Standard Ebooks): XXIV.
P. T. Barnum;O “humbug” consiste em exibir aparências brilhantes — fachada, expedientes novos — com que prender de repente a atenção do público e atrair os olhos e os ouvidos de todos.;As Fraudes do Mundo (1865);Fase 119 (10/10/2026, correção): orig e tradução não correspondiam ao texto. Evidência: The Humbugs of the World (1865): ““humbug” consists in putting on glittering appearances — outside show — novel expedients, by which to suddenly arrest public attention” (Project Gutenberg #26640, espelho GITenberg).
Robert M. Hutchins;"A educação implica ensino; o ensino implica conhecimento; conhecimento é verdade — e a verdade é a mesma em toda parte.";The Higher Learning in America (1936);Fase 119 (10/10/2026): original conferido — The Higher Learning in America (1936).
Stendhal;A política em meio aos interesses da imaginação é um tiro de pistola no meio de um concerto.;O Vermelho e o Negro (1830), livro II, capítulo 22;Fase 119 (10/10/2026, correção): orig não correspondia ao texto. Evidência: Le Rouge et le Noir, livro II, cap. 22: “La politique au milieu des intérêts d’imagination, c’est un coup de pistolet au milieu d’un concert.” (Project Gutenberg #798, espelho GITenberg).
Théophile Gautier;Tudo passa. Só a arte robusta tem eternidade.;“A Arte”, em Esmaltes e Camafeus (1858);Fase 119 (10/10/2026, correção): quebra de verso. Evidência: “L’Art”, poema final de Émaux et Camées (ed. 1858): “Tout passe. — L’art robuste / Seul a l’éternité.”
Woodrow Wilson;Acordos de paz abertos, abertamente alcançados, após os quais não haverá entendimentos internacionais privados de espécie alguma.;Os Quatorze Pontos (discurso ao Congresso, 8 de janeiro de 1918), ponto I;Fase 119 (10/10/2026): original conferido — President Wilson’s Addresses (Project Gutenberg #17427, espelho GITenberg).
Émile-Auguste Chartier;É preciso querer ser feliz e fazer por isso.;Sobre a Felicidade (1925);Fase 119 (10/10/2026): original conferido — Propos sur le bonheur (1925) (material editorial e áudio).
Leon C. Megginson;Não é a espécie mais intelectual que sobrevive, nem a mais forte: é a que melhor consegue ajustar-se e adaptar-se ao ambiente em que se encontra.;“Lessons from Europe for American Business”, Southwestern Social Science Quarterly (1963);"Fase 119 (10/10/2026, correção): obra indicada inexistente; orig incompleto. Evidência: Quote Investigator: discurso de 1962 publicado em “Lessons from Europe for American Business”, Southwestern Social Science Quarterly 44(1), 1963, p. 4, parafraseando Darwin."
São Jerônimo;Ignorar as Escrituras é ignorar a Cristo.;Comentário ao Livro de Isaías;Fase 119 (10/10/2026): original conferido — Commentarii in Isaiam, prólogo (PL 24, 17), citado em Dei Verbum 25 e no Catecismo, n. 133.
Norman Schwarzkopf;Quando estiver no comando, comande.;Entrevista à Academy of Achievement (“regra 13”);"Fase 119 (10/10/2026, correção): fonte errada. Evidência: Entrevista à Academy of Achievement, onde Schwarzkopf apresenta a “regra 13” da liderança; não localizada no livro."
Serena Williams;Um campeão não se define pelas vitórias, e sim pela forma como se recupera quando cai.;Entrevista coletiva após a final do US Open (2013);"Fase 119 (10/10/2026, correção): orig sem “I really think”; obra errada. Evidência: Entrevista coletiva após a final do US Open de 2013 (Times of India); TIME credita a The National."
Thomas J. Stanley;A maioria das pessoas nunca ficará rica em uma geração se for casada com alguém perdulário.;O Milionário Mora ao Lado (1996);"Fase 119 (10/10/2026, correção): texto português não traduzia o orig. Evidência: The Millionaire Next Door (1996); redação idêntica em resumos (Bookroo; Edelweiss)."
Santo Isidoro de Sevilha;A gramática é a ciência de falar corretamente, e a origem e o fundamento das artes liberais.;Etimologias, livro I, capítulo 5;Fase 119 (10/10/2026, correção): orig sem a primeira parte da definição. Evidência: Isidoro, Etymologiae I.5.1: “Grammatica est scientia recte loquendi, et origo et fundamentum liberalium litterarum.” (texto latino, The Latin Library, espelho cltk no GitHub).
Rosalind Franklin;A ciência, para mim, dá uma explicação parcial da vida: até onde vai, apoia-se em fato, experiência e experimento.;Carta ao pai, Ellis Franklin (c. 1940);"Fase 119 (10/10/2026, correção): destinatário errado (não é John Franklin). Evidência: Mesma carta ao pai, Ellis Franklin (c. 1940), reproduzida por Maddox; Quote Investigator."
John Ruskin;Não é, a rigor, o trabalho que se divide, mas os homens: divididos em meros segmentos de homens.;"As Pedras de Veneza (1853), vol. II, ""A Natureza do Gótico"", § 16";Fase 119 (10/10/2026): original conferido — The Stones of Venice, vol. II, cap. VI, § XVI (Project Gutenberg #30755, espelho GITenberg).
Rabindranath Tagore;A mesma corrente de vida que percorre minhas veias, noite e dia, percorre o mundo e dança em medidas rítmicas.;Gitanjali (1912), poema 69;Fase 117: original (campo orig) encontrado literalmente em rabindranath-tagore_gitanjali (Standard Ebooks, domínio público), conferido em 08/10/2026.
Oliver Goldsmith;O homem pouco precisa aqui embaixo, e não precisa desse pouco por muito tempo.;"O Vigário de Wakefield (1766), capítulo VIII, do poema ""O Eremita"" recitado no romance";Fase 117: original (campo orig) encontrado literalmente em oliver-goldsmith_the-vicar-of-wakefield (Standard Ebooks, domínio público), conferido em 08/10/2026.
Andrew Carnegie;O problema da nossa era é a administração adequada da riqueza, para que os laços de fraternidade continuem a unir ricos e pobres em harmoniosa relação.;"O Evangelho da Riqueza (1889; publicado originalmente como “Wealth”, North American Review, jun. 1889), frase de abertura";"Fase 119 (10/10/2026): original conferido — “Wealth”, North American Review 148 (jun. 1889), frase de abertura (carnegie.org; Macmillan, Reading the American Past)."
Benjamin Disraeli;A juventude de uma nação é a depositária da posteridade.;Sybil, ou As Duas Nações (1845), livro VI, capítulo 13 (parágrafo final);Fase 117: original (campo orig) encontrado literalmente em benjamin-disraeli_sybil (Standard Ebooks, domínio público), conferido em 08/10/2026.
Nikola Tesla;O desenvolvimento progressivo do homem depende vitalmente da invenção.;"Minhas Invenções (1919; série na Electrical Experimenter), parte I, “My Early Life”, parágrafo de abertura";Fase 119 (10/10/2026): original conferido — My Inventions (1919), parte I, primeira frase.
Santos Dumont;Sem pretender ser gênio, teimei em ser um grande paciente. As invenções são, sobretudo, o resultado de um trabalho teimoso, em que não deve haver lugar para o esmorecimento.;O Que Eu Vi, o Que Nós Veremos (1918), parte I (“O que eu vi”);"Fase 119 (10/10/2026): original conferido — O que eu vi, o que nós veremos (1918); passagem reproduzida em JCOM América Latina (2020) com a mesma redação."
Lima Barreto;"A pátria que quisera ter era um mito; era um fantasma criado por ele no silêncio do seu gabinete.";Triste Fim de Policarpo Quaresma (1915), parte III, capítulo V (“A Afilhada”);"Pensamento do protagonista, narrado em terceira pessoa; não é fala de Lima Barreto em primeira pessoa. Redação conferida no texto integral do romance (corpus Colonia, transcrição digital; edição impressa de base não identificada); uma versão reproduzida em prova do ENEM 2012 diverge em “um fantasma” / “de seu gabinete”."
Martinho Lutero;O verdadeiro tesouro da Igreja é o santíssimo Evangelho da glória e da graça de Deus.;95 Teses (1517), tese 62;Tradução própria do latim, não de edição publicada. Fase 119 (10/10/2026): original conferido — 95 Teses, tese 62: “Verus thesaurus ecclesie est sacrosanctum euangelium glorie et gratie dei.” (orig em grafia normalizada) (texto latino, The Latin Library, espelho cltk no GitHub).
George Eliot;Para que vivemos, se não for para tornar a vida menos difícil uns para os outros?;Middlemarch (1872), capítulo 72;Fala da personagem Dorothea Brooke, não da narradora. Original conferido no texto do Standard Ebooks. Tradução própria. Fase 117: original (campo orig) encontrado literalmente em george-eliot_middlemarch (Standard Ebooks, domínio público), conferido em 08/10/2026.
Louisa May Alcott;O amor é um grande embelezador.;Mulherzinhas (1868), capítulo 24 (“Gossip”);Reflexão da narradora sobre Meg, no original “for love is a great beautifier”. Original conferido no texto do Standard Ebooks. Tradução própria. Fase 117: original (campo orig) encontrado literalmente em louisa-may-alcott_little-women (Standard Ebooks, domínio público), conferido em 08/10/2026.
P. T. Barnum;O dinheiro é, em certos aspectos, como o fogo: é um excelente servo, mas um terrível senhor.;The Art of Money Getting (1880), seção “Avoid Debt”;Original conferido no texto do Standard Ebooks. A obra não consta do catálogo de obras do acervo (mesma situação da outra frase de Barnum já cadastrada). Tradução própria. Fase 119 (10/10/2026): original conferido — The Art of Money Getting (Project Gutenberg #8581, espelho GITenberg).
Samuel Butler;Todos os animais, exceto o homem, sabem que o principal negócio da vida é desfrutá-la.;O Caminho de Toda Carne (1903), capítulo 19;Reflexão do narrador (Overton) sobre o sr. Pontifex. Original conferido no texto do Standard Ebooks (publicação póstuma, 1903). Tradução própria. Fase 117: original (campo orig) encontrado literalmente em samuel-butler_the-way-of-all-flesh (Standard Ebooks, domínio público), conferido em 08/10/2026.
George Eliot;Se tivéssemos uma visão e um sentimento agudos de toda a vida humana comum, seria como ouvir a grama crescer e o coração do esquilo bater, e morreríamos desse rugido que fica do outro lado do silêncio.;Middlemarch (1872), capítulo 20;Reflexão da narradora. Original conferido no texto do Standard Ebooks. Tradução própria. Fase 117: original (campo orig) encontrado literalmente em george-eliot_middlemarch (Standard Ebooks, domínio público), conferido em 08/10/2026.
George Eliot;Nada é tão bom quanto parece de antemão.;Silas Marner (1861), capítulo 18;Fala da personagem Nancy a Godfrey, não da narradora. Original conferido no texto do Standard Ebooks. Tradução própria. Fase 117: original (campo orig) encontrado literalmente em george-eliot_silas-marner (Standard Ebooks, domínio público), conferido em 08/10/2026.
George Bernard Shaw;O grande segredo, Eliza, não é ter maus modos, nem bons modos, nem qualquer outro tipo particular de modos, mas ter os mesmos modos para todas as almas humanas: em suma, comportar-se como se estivesse no Céu, onde não há vagões de terceira classe e uma alma vale tanto quanto outra.;Pigmaleão (1913), ato V;Original em inglês conferido no texto do Standard Ebooks (ato V). Tradução própria, fiel ao texto. Fase 117: original (campo orig) encontrado literalmente em george-bernard-shaw_pygmalion (Standard Ebooks, domínio público), conferido em 08/10/2026.
George Bernard Shaw;Independência? Isso é blasfêmia de classe média. Somos todos dependentes uns dos outros, cada alma sobre a terra.;Pigmaleão (1913), ato V;Original em inglês conferido no texto do Standard Ebooks (ato V). Tradução própria, fiel ao texto. Fase 117: original (campo orig) encontrado literalmente em george-bernard-shaw_pygmalion (Standard Ebooks, domínio público), conferido em 08/10/2026.
George Bernard Shaw;As pessoas estão sempre culpando as circunstâncias pelo que são. Não acredito em circunstâncias. As pessoas que progridem neste mundo são as que se levantam e procuram as circunstâncias que querem e, se não as encontram, as criam.;"A Profissão da Senhora Warren (1893; publicada em 1898), ato II";Original em inglês conferido no texto do Standard Ebooks (ato II). Tradução própria, fiel ao texto. Fase 117: original (campo orig) encontrado literalmente em george-bernard-shaw_mrs-warrens-profession (Standard Ebooks, domínio público), conferido em 08/10/2026.
John D. Rockefeller;"O homem que começa apenas com a ideia de enriquecer não terá sucesso; é preciso ter uma ambição maior.";Random Reminiscences of Men and Events (1909), capítulo “Follow the Laws of Trade”;"Original conferido no texto integral do Project Gutenberg #17090 (espelho GITenberg); voz do próprio Rockefeller. Tradução própria, fiel ao texto. Fase 119 (10/10/2026): original conferido — Random Reminiscences of Men and Events (Project Gutenberg #17090, espelho GITenberg)."
John D. Rockefeller;Não desperdice seu esforço numa coisa que termina num triunfo mesquinho, a menos que você se contente com uma vida de pequenos sucessos.;Random Reminiscences of Men and Events (1909), capítulo “Follow the Laws of Trade”;Original conferido no texto integral do Project Gutenberg #17090. Tradução própria, fiel ao texto. Fase 119 (10/10/2026): original conferido — Random Reminiscences of Men and Events (Project Gutenberg #17090, espelho GITenberg).
John D. Rockefeller;Não há mistério no sucesso nos negócios.;Random Reminiscences of Men and Events (1909), capítulo “Follow the Laws of Trade”;Original conferido no texto integral do Project Gutenberg #17090. Tradução própria, fiel ao texto. Fase 119 (10/10/2026): original conferido — Random Reminiscences of Men and Events (Project Gutenberg #17090, espelho GITenberg).
Marie Curie;A humanidade, sem dúvida, precisa de homens práticos, que tirem o melhor proveito de seu trabalho em benefício próprio, sem esquecer o interesse geral. Mas precisa também de sonhadores, para quem a busca desinteressada de um propósito é tão imperativa que se torna impossível dedicar muita atenção ao próprio benefício material.;Pierre Curie (1923), notas autobiográficas de Marie Curie;"Original em inglês conferido no texto integral do Project Gutenberg #69617 (espelho GITenberg; edição Macmillan, 1923, tradução inglesa autorizada); voz de Marie Curie. Tradução própria, fiel ao texto. Fase 119 (10/10/2026): original conferido — Pierre Curie (Project Gutenberg #69617, espelho GITenberg)."
Marie Curie;"Perguntam-me com frequência, sobretudo as mulheres, como consegui conciliar a vida familiar com uma carreira científica. Pois bem: não foi fácil; exigiu muita decisão e muito sacrifício.";Pierre Curie (1923), notas autobiográficas de Marie Curie;"Original em inglês conferido no texto integral do Project Gutenberg #69617 (espelho GITenberg; edição Macmillan, 1923, tradução inglesa autorizada); voz de Marie Curie. Tradução própria, fiel ao texto. Fase 119 (10/10/2026): original conferido — Pierre Curie (Project Gutenberg #69617, espelho GITenberg)."
Marie Curie;Pode haver numa vida alguma direção geral, algum fio contínuo, devido a algumas ideias dominantes e a alguns sentimentos fortes, que explicam essa vida e caracterizam uma personalidade humana.;Pierre Curie (1923), notas autobiográficas de Marie Curie;"Original em inglês conferido no texto integral do Project Gutenberg #69617 (espelho GITenberg; edição Macmillan, 1923, tradução inglesa autorizada); voz de Marie Curie. Tradução própria, fiel ao texto. Fase 119 (10/10/2026): original conferido — Pierre Curie (Project Gutenberg #69617, espelho GITenberg)."
George Sand;"É a causa de metade do gênero humano, ou antes, de todo o gênero humano; pois a infelicidade da mulher envolve a do homem, como a do escravo envolve a do senhor, e procurei demonstrá-lo em Indiana.";Prefácio à edição de 1842 de Indiana;"Texto conferido na tradução inglesa do Project Gutenberg #63445 (Indiana, prefácio de 1842); o original francês não foi consultado nesta rodada. Voz de George Sand. Tradução portuguesa própria, fiel ao texto inglês conferido."
George Sand;Escrevi Indiana com um sentimento profundo e genuíno de que as leis que ainda regem a existência da mulher no casamento, na família e na sociedade são injustas e bárbaras.;Prefácio à edição de 1842 de Indiana;"Texto conferido na tradução inglesa do Project Gutenberg #63445 (Indiana, prefácio de 1842); o original francês não foi consultado nesta rodada. Voz de George Sand. Tradução portuguesa própria, fiel ao texto inglês conferido."
