qid;autor;frase;orig;fonte;status;resultado
qh14g3428p0tf;Albert Einstein;Ele percebeu com muita clareza que o mundo corre maior perigo da parte dos que toleram ou encorajam o mal do que da parte daqueles que o cometem.;Er hat klar erkannt, dass die Welt mehr bedroht ist durch die, welche das Uebel dulden oder ihm Vorschub leisten, als durch die Übeltäter selbst.;Nota sobre Pablo Casals, 30 de março de 1953, publicada em Conversations avec Pablo Casals, de J. M. Corredor (1955);A;Fase 119 (10/10/2026): confirmada — Quote Investigator (2022) reproduz o texto alemão da declaração de 1953 (Albert Einstein Archives, Universidade Hebraica de Jerusalém) e registra sua publicação em Corredor, Conversations avec Pablo Casals (1955)
q1i07ol8drtyzh;John Dewey;A educação é o método fundamental do progresso e da reforma social.;I believe that education is the fundamental method of social progress and reform.;My Pedagogic Creed (1897), parte V;A-;"Fase 119 (10/10/2026): confirmada — My Pedagogic Creed (1897), artigo V, primeiro parágrafo; texto integral reproduzido por infed.org e citado pela enciclopédia SAGE"
qcaof1p1ynulaz;René Descartes;Penso, logo existo.;Cogito, ergo sum.;Discurso do Método (1637), parte IV;A;"Fase 119 (10/10/2026): corrigida — o orig latino não é do Discurso, escrito em francês | evidência: Discours de la méthode (1637), parte IV: “je pense, donc je suis”; a forma latina “Cogito, ergo sum” é dos Principia philosophiae (1644), I.7 (Project Gutenberg #13846, espelho GITenberg)"
qm76ghc1d15o8s;John Kotter;A liderança define como o futuro deve ser, alinha as pessoas com essa visão e as inspira a realizá-la apesar dos obstáculos.;Leadership defines what the future should look like, aligns people with that vision, and inspires them to make it happen despite the obstacles.;Leading Change (1996), p. 25;A;"Fase 119 (10/10/2026): confirmada — Leading Change (1996), cap. 2, p. 25; reproduzida com a mesma redação por várias resenhas e coletâneas"
q17n39vz1ppye02;John Kotter;A gestão faz um sistema funcionar: ela ajuda você a fazer o que já sabe fazer. A liderança constrói sistemas novos ou transforma os antigos.;Management makes a system work. It helps you do what you know how to do. Leadership builds systems or transforms old ones.;Leading Change (1996);A;"Fase 119 (10/10/2026): confirmada — Leading Change (1996); destaques de leitores da edição publicada (Goodreads) e resumos do livro (Shortform)"
q6sv2hj18jyxql;Henry Kissinger;A tarefa do líder é levar as pessoas de onde elas estão para onde nunca estiveram.;The task of a leader is to take his society from where it is to where it has never been.;Discurso nos Marshall Foundation Awards (2017);A-;Fase 119 (10/10/2026): removida do catálogo ativo — Redação e fonte não confirmadas (nenhuma fonte consultável liga a frase ao discurso de 2017 ou a outra obra de Kissinger).
qnzrz301w5x9hk;Clayton Christensen;"As pessoas não compram produtos; elas os contratam para realizar um trabalho em suas vidas.";"Customers don't buy products or services; they ""hire"" them to do a job.";Competing Against Luck (2016);A-;Fase 119 (10/10/2026): removida do catálogo ativo — A frase registrada é texto de divulgação da editora (orelha e descrição do livro), não passagem conferida do texto de Christensen.
q1bes9kmjg53wq;John Dewey;A única educação verdadeira acontece por meio do estímulo das capacidades da criança pelas exigências das situações sociais em que ela vive.;I believe that the only true education comes through the stimulation of the child's powers by the demands of the social situations in which he finds himself.;My Pedagogic Creed (1897), parte I;A-;"Fase 119 (10/10/2026): confirmada — My Pedagogic Creed (School Journal, 16/01/1897), artigo I, 2º parágrafo; texto integral reproduzido por infed.org"
q1n9gqn41fv6n2w;John Kotter;Nada mina mais uma mudança do que o comportamento de pessoas importantes ser incoerente com aquilo que elas dizem.;Nothing undermines change more than behavior by important individuals that is inconsistent with the verbal communication.;Leading Change (1996);A;"Fase 119 (10/10/2026): confirmada — Leading Change (1996), etapa 4 (comunicar a visão); destaques de leitores da edição publicada (Goodreads) e resumos do livro"
q1yu93xsd7caoi;John Kotter;Sempre que pessoas inteligentes e bem-intencionadas evitam enfrentar os obstáculos, elas tiram o poder de quem trabalha e sabotam a mudança.;Whenever smart and well-intentioned people avoid confronting obstacles, they disempower employees and undermine change.;Leading Change (1996);A;"Fase 119 (10/10/2026): confirmada — Leading Change (1996), parte I; destaques de leitores da edição publicada (Goodreads) e resumos do livro"
q1hjibtc1s0njsw;John Kotter;Se você não consegue descrever sua visão a alguém em cinco minutos e despertar interesse, ainda há trabalho a fazer nesta fase da transformação.;If you cannot describe your vision to someone in five minutes and get their interest, you have more work to do in this phase of a transformation process.;Leading Change (1996);A;"Fase 119 (10/10/2026): confirmada — Leading Change (1996), cap. 5; destaque de leitor da edição Kindle com a mesma redação"
q441qrgoj52up;John Kotter;Transformação é um processo, não um acontecimento.;Transformation is a process, not an event.;Leading Change (1996);A;Fase 119 (10/10/2026): removida do catálogo ativo — A fórmula aparece no resumo editorial (“Idea in Brief”) do artigo de 1995 na HBR, não como frase localizada de Kotter em Leading Change.
qffoofm1u4kp0i;John Kotter;Visão é uma imagem do futuro que deixa claro por que as pessoas deveriam trabalhar para construí-lo.;A picture of the future that implies or comments on why people should work to create this future.;Leading Change (1996) — definição de visão;A;"Fase 119 (10/10/2026): corrigida — orig era paráfrase; substituído pela definição do livro | evidência: Leading Change (1996), cap. 5: “a picture of the future with some implicit or explicit commentary on why people should strive to create that future” (descrição do capítulo pela Harvard Business Publishing; Kotter 2012, p. 70)"
qupapsgh2t2pz;Simone de Beauvoir;"A representação do mundo, como o próprio mundo, é obra dos homens; eles o descrevem a partir de seu próprio ponto de vista.";"La représentation du monde comme le monde lui-même est l'oeuvre des hommes; ils le décrivent du point de vue qui est le leur.";O Segundo Sexo (1949), Introdução;A-;Fase 119 (10/10/2026): removida do catálogo ativo — Redação do orig (“l’oeuvre des hommes”) e localização (Introdução) não confirmadas.
q5s3bd31u0w12g;Simone de Beauvoir;A humanidade é masculina, e o homem define a mulher não em si mesma, mas em relação a ele.;L'humanité est mâle et l'homme définit la femme non en soi mais relativement à lui.;O Segundo Sexo (1949), Introdução;A-;Fase 119 (10/10/2026): confirmada — Le Deuxième Sexe (1949), introdução
q1gep78srymzr5;Simone de Beauvoir;A mulher livre é exatamente o oposto da mulher fácil.;Une femme libre est exactement le contraire d'une femme légère.;O Segundo Sexo (1949);A-;"Fase 119 (10/10/2026): removida do catálogo ativo — Sem localização em Le Deuxième Sexe; circula em coletâneas sem obra."
q1djbjj811pn79g;Aristóteles;A felicidade é um estado de atividade, não de repouso.;ἡ εὐδαιμονία ἐνέργειά τίς ἐστιν, οὐχ ἕξις (a felicidade é uma atividade, não uma disposição/estado);Ética a Nicômaco;A-;Fase 119 (10/10/2026): corrigida — O original registrado era uma fórmula reconstruída com glosa entre parênteses, e o português (“não de repouso”) não correspondia a ele. Substituídos pelo texto de IX, 9 e tradução fiel. | evidência: Ética a Nicômaco IX, 9, 1169b29, texto grego da edição Perseus (canonical-greekLit, GitHub)
q1s4goj0nrlk7b;Júlio César;Vim, vi e venci.;Veni, vidi, vici.;"Plutarco, Vida de César, 50.2 (carta a Amâncio); Suetônio, Divus Iulius, 37.2 (cartaz no triunfo pôntico, 46 a.C.)";A-;Fase 119 (10/10/2026): confirmada — Suetônio, Divus Iulius 37 (texto latino, The Latin Library, espelho cltk no GitHub)
q1sp71981cr1pv3;Júlio César;Os homens acreditam facilmente naquilo que desejam.;Fere libenter homines id quod volunt credunt.;Comentários sobre a Guerra das Gálias, livro III;A-;Fase 119 (10/10/2026): confirmada — César, De bello Gallico III (texto latino, The Latin Library, espelho cltk no GitHub)
q193lw7g1q9l02t;Henry Kissinger;O poder é o maior afrodisíaco.;Power is the ultimate aphrodisiac.;The New York Times, 28 de outubro de 1973;A-;"Fase 119 (10/10/2026): confirmada — Wikiquote: citado no New York Times, 28/10/1973; Barry Popik registra variantes desde 1971"
q1opyebk1bevgnj;Henry Kissinger;A ordem internacional depende de um equilíbrio entre legitimidade e poder.;Any world order rests on a balance between legitimacy and power.;World Order (2014);A-;"Fase 119 (10/10/2026): removida do catálogo ativo — A redação registrada é paráfrase de resenha (The New Republic) que cita só a expressão “balance between legitimacy and power”; a frase não é de World Order."
qkwr1jkhwcvkc;Aristóteles;Um amigo é uma só alma que habita dois corpos.;μία ψυχὴ δύο σώμασιν ἐνοικοῦσα;Diógenes Laércio, Vidas e Doutrinas dos Filósofos Ilustres, V, 20 (ed. Hicks);A-;Fase 119 (10/10/2026): confirmada — Diógenes Laércio V, 20, texto grego da edição Perseus (canonical-greekLit, GitHub)
f243a6mc;Oscar Wilde;Amar a si mesmo é o começo de um romance para a vida inteira.;To love oneself is the beginning of a lifelong romance.;Uma Mulher Sem Importância (1893), ato III;A;Fase 119 (10/10/2026): corrigida — peça errada (não é Uma Mulher Sem Importância) | evidência: An Ideal Husband, ato III, fala de Lord Goring (Project Gutenberg #885, espelho GITenberg)
f24595yi;Mark Twain;O homem é o único animal que cora. Ou que precisa disso.;Man is the only animal that blushes. Or needs to.;Seguindo o Equador (1897), capítulo 27;A;Fase 119 (10/10/2026): confirmada — Following the Equator (Project Gutenberg #2895, espelho GITenberg)
f246av28;Mark Twain;A bondade é a linguagem que o surdo pode ouvir e o cego pode ver.;Kindness is the language which the deaf can hear and the blind can see.;Anotação nos cadernos de Mark Twain (1898);A;"Fase 119 (10/10/2026): removida do catálogo ativo — Não é de Twain: Quote Investigator encontra a versão mais antiga em Christian Nestell Bovee (1857); a atribuição a Twain surge só em 1942."
f2475ln3;Voltaire;É preciso cultivar o nosso jardim.;Il faut cultiver notre jardin.;Cândido (1759), capítulo 30;A;Fase 119 (10/10/2026): confirmada — Candide (Project Gutenberg #4650, espelho GITenberg)
f2487t2q;Voltaire;Se Deus não existisse, seria preciso inventá-lo.;Si Dieu n’existait pas, il faudrait l’inventer.;Epístola ao Autor do Livro dos Três Impostores (1768), verso 22;A;Fase 119 (10/10/2026): confirmada — Épître à l’auteur du livre des Trois imposteurs, verso 22
f24948rb;Voltaire;O melhor é inimigo do bom.;Le mieux est l’ennemi du bien.;Dicionário Filosófico (1764), verbete Arte Dramática;A;Fase 119 (10/10/2026): corrigida — obra errada | evidência: La Bégueule (1772), versos iniciais: “Dans ses écrits, un sage Italien / Dit que le mieux est l’ennemi du bien.”
f24e9c2h;Victor Hugo;Nada é mais poderoso do que uma ideia cujo tempo chegou.;"On résiste à l’invasion des armées; on ne résiste pas à l’invasion des idées.";História de um Crime (1877), conclusão, capítulo 10;A;"Fase 119 (10/10/2026): corrigida — o texto português era a versão inglesa popular, que não traduz o orig | evidência: Histoire d’un crime (1877), conclusão, cap. X: “On résiste à l’invasion des armées; on ne résiste pas à l’invasion des idées.”"
f24gbpm3;Albert Camus;No meio do inverno aprendi enfim que havia em mim um verão invencível.;Au milieu de l’hiver, j’apprenais enfin qu’il y avait en moi un été invincible.;O Verão (1954), ensaio Regresso a Tipasa;A;"Fase 119 (10/10/2026): confirmada — Última linha de “Retour à Tipasa”, em L’Été (1954); Le Temps; Centre Pompidou"
f24hacqb;Albert Camus;Só há um problema filosófico verdadeiramente sério: o suicídio.;Il n’y a qu’un problème philosophique vraiment sérieux: c’est le suicide.;O Mito de Sísifo (1942), primeira linha;A;Fase 119 (10/10/2026): confirmada — Frase de abertura de Le Mythe de Sisyphe (1942), amplamente reproduzida
f24i9oaf;Friedrich Nietzsche;Quem tem um porquê para viver suporta quase qualquer como.;Hat man sein Warum des Lebens, so verträgt man sich fast mit jedem Wie.;Crepúsculo dos Ídolos (1888), Máximas e Flechas, 12;A;Fase 119 (10/10/2026): confirmada — Götzen-Dämmerung (Project Gutenberg #7203, espelho GITenberg)
f24j8nml;Friedrich Nietzsche;Deus está morto. Deus continua morto. E nós o matamos.;Gott ist tot. Gott bleibt tot. Und wir haben ihn getötet.;A Gaia Ciência (1882), aforismo 125;A;Fase 119 (10/10/2026): confirmada — The Joyful Wisdom (trad. inglesa de Thomas Common), aforismo 125 (Project Gutenberg #52881, espelho GITenberg)
f24kbde5;Friedrich Nietzsche;Quem luta contra monstros deve cuidar para não se tornar um monstro.;Wer mit Ungeheuern kämpft, mag zusehn, dass er nicht dabei zum Ungeheuer wird.;Além do Bem e do Mal (1886), aforismo 146;A;Fase 119 (10/10/2026): confirmada — Jenseits von Gut und Böse (Project Gutenberg #7204, espelho GITenberg)
f24lbvq2;Friedrich Nietzsche;É preciso ter um caos dentro de si para dar à luz uma estrela dançante.;Man muss noch Chaos in sich haben, um einen tanzenden Stern gebären zu können.;Assim Falou Zaratustra (1883), prólogo, 5;A;Fase 119 (10/10/2026): confirmada — Also sprach Zarathustra (Project Gutenberg #7205, espelho GITenberg)
f24mggpb;Immanuel Kant;Age apenas segundo a máxima pela qual possas ao mesmo tempo querer que ela se torne lei universal.;Handle nur nach derjenigen Maxime, durch die du zugleich wollen kannst, dass sie ein allgemeines Gesetz werde.;Fundamentação da Metafísica dos Costumes (1785), segunda seção;A;Fase 119 (10/10/2026): confirmada — Grundlegung zur Metaphysik der Sitten, Ak 4:421 (BA 52) (material didático de Uni-Siegen, BOKU, Uni Wuppertal)
f24nibx0;Immanuel Kant;Duas coisas enchem o ânimo de admiração sempre nova: o céu estrelado acima de mim e a lei moral dentro de mim.;Zwei Dinge erfüllen das Gemüt mit immer neuer und zunehmender Bewunderung.;Crítica da Razão Prática (1788), conclusão;A;"Fase 119 (10/10/2026): corrigida — O português traduz a frase inteira; o original registrado parava antes de “und Ehrfurcht”. Original completado com o texto da edição da Academia. | evidência: Kant’s gesammelte Schriften, Bd. V, Kritik der praktischen Vernunft, “Beschluß” (Project Gutenberg #49543, espelho GITenberg)"
f24ofyde;Søren Kierkegaard;A vida só pode ser compreendida olhando para trás, mas só pode ser vivida olhando para a frente.;Livet skal forstaas baglaends, men leves forlaends.;Diários (1843), anotação IV A 164;A;Fase 119 (10/10/2026): corrigida — o orig era a condensação moderna (de Julia Watkin) | evidência: Journal JJ:167 (1843), SKS 18, p. 306 (Pap. IV A 164): “Det er ganske sandt, hvad Philosophien siger, at Livet maa forstaaes baglænds. Men derover glemmer man den anden Sætning, at det maa leves forlænds.” (transcrição conferida pela Universidade de Iowa)
f24p63z0;Søren Kierkegaard;A angústia é a vertigem da liberdade.;Angest er Frihedens Svimlen.;O Conceito de Angústia (1844), capítulo 4;A;Fase 119 (10/10/2026): corrigida — capítulo não confirmado | evidência: Begrebet Angest (1844): passagem sobre a vertigem diante do abismo, “Frihedens Svimlen” (excerto da edição DSL, tekster.kb.dk)
f24sc1u1;Virginia Woolf;Uma mulher precisa ter dinheiro e um teto todo seu para escrever ficção.;A woman must have money and a room of her own if she is to write fiction.;Um Teto Todo Seu (1929), capítulo 1;A;Fase 119 (10/10/2026): confirmada — A Room of One’s Own (1929), cap. 1
f24t9i6g;Virginia Woolf;Durante a maior parte da história, Anônimo era uma mulher.;For most of history, Anonymous was a woman.;Um Teto Todo Seu (1929), capítulo 3;A;Fase 119 (10/10/2026): corrigida — o orig era a versão popular | evidência: A Room of One’s Own (1929), cap. 3: “I would venture to guess that Anon, who wrote so many poems without signing them, was often a woman.”
f24ujoss;Bertrand Russell;O problema do mundo é que os tolos e fanáticos são sempre tão certos de si, e as pessoas sábias tão cheias de dúvidas.;The whole problem with the world is that fools and fanatics are always so certain of themselves, and wiser people so full of doubts.;O Triunfo da Estupidez (1933), ensaio;A;"Fase 119 (10/10/2026): corrigida — A forma registrada é uma reescrita popular; o texto do artigo é “The fundamental cause of the trouble is that in the modern world the stupid are cocksure while the intelligent are full of doubt.” Original e tradução corrigidos. | evidência: “The Triumph of Stupidity”, artigo de 10/05/1933 (New York American) (wist.info; Quote Investigator, 2015)"
f24vl7sj;Bertrand Russell;Três paixões governaram minha vida: o anseio de amor, a busca do conhecimento e uma piedade insuportável pelo sofrimento humano.;Three passions, simple but overwhelmingly strong, have governed my life.;Autobiografia (1967), prólogo;A;"Fase 119 (10/10/2026): corrigida — O português traduz a frase inteira; o original registrado parava antes dos dois-pontos. Completado. | evidência: Prólogo “What I Have Lived For”, The Autobiography of Bertrand Russell (1967) (Bertrand Russell Society; Open Culture)"
f24w9oaf;Sigmund Freud;O sonho é a via régia para o conhecimento do inconsciente.;Die Traumdeutung aber ist die Via regia zur Kenntnis des Unbewussten.;A Interpretação dos Sonhos (1900), capítulo 7;A;Fase 119 (10/10/2026): confirmada — Die Traumdeutung (1900), cap. VII: “Die Traumdeutung aber ist die Via regia zur Kenntnis des Unbewußten im Seelenleben.” (Project Gutenberg #40739, espelho GITenberg)
f24x5rr2;Sigmund Freud;Onde estava o isso, deve advir o eu.;Wo Es war, soll Ich werden.;Novas Conferências Introdutórias à Psicanálise (1933), conferência 31;A;Fase 119 (10/10/2026): confirmada — Neue Folge der Vorlesungen (1933), conferência 31, frase final
f24y5rr2;Johann Wolfgang von Goethe;Duas almas habitam, ah, em meu peito.;Zwei Seelen wohnen, ach! in meiner Brust.;Fausto, parte I (1808), cena Diante do Portão;A;Fase 119 (10/10/2026): confirmada — Faust I (Project Gutenberg #2229, espelho GITenberg)
f24z3e7g;Johann Wolfgang von Goethe;Detém-te, és tão belo!;Verweile doch! du bist so schön!;Fausto, parte I (1808), cena do pacto;A;Fase 119 (10/10/2026): confirmada — Faust I (Project Gutenberg #2229, espelho GITenberg)
f2410ce1z;George Orwell;Todos os animais são iguais, mas alguns animais são mais iguais que outros.;All animals are equal, but some animals are more equal than others.;A Revolução dos Bichos (1945), capítulo 10;A;"Fase 119 (10/10/2026): confirmada — Animal Farm (1945), cap. 10: o mandamento único que substitui os sete (History Hit; Shmoop)"
f241195yi;George Orwell;Guerra é paz. Liberdade é escravidão. Ignorância é força.;War is peace. Freedom is slavery. Ignorance is strength.;1984 (1949), parte I, capítulo 1;A;Fase 119 (10/10/2026): confirmada — Nineteen Eighty-Four (1949): lemas do Partido na fachada do Ministério da Verdade, parte I, cap. 1
f2412bpm3;George Orwell;Liberdade é o direito de dizer às pessoas o que elas não querem ouvir.;If liberty means anything at all, it means the right to tell people what they do not want to hear.;Prefácio inédito de A Revolução dos Bichos (1945);A;"Fase 119 (10/10/2026): corrigida — O português omitia a condicional do original (“If liberty means anything at all”); tradução ajustada. | evidência: “The Freedom of the Press”, prefácio proposto para Animal Farm, publicado no Times Literary Supplement em 15/09/1972 (Marxists Internet Archive; The Anarchist Library)"
f2413cwdw;Miguel de Cervantes;A liberdade, Sancho, é um dos mais preciosos dons que aos homens deram os céus.;La libertad, Sancho, es uno de los más preciosos dones que a los hombres dieron los cielos.;Dom Quixote (1615), segunda parte, capítulo 58;A;Fase 119 (10/10/2026): confirmada — Don Quijote (Project Gutenberg #2000, espelho GITenberg)
f24146a2z;Miguel de Cervantes;Onde uma porta se fecha, outra se abre.;Donde una puerta se cierra, otra se abre.;Dom Quixote (1605), primeira parte, capítulo 21;A;Fase 119 (10/10/2026): confirmada — Don Quijote (Project Gutenberg #2000, espelho GITenberg)
f2415dept;Santo Agostinho;Fizeste-nos para ti, e o nosso coração está inquieto enquanto não repousar em ti.;Fecisti nos ad te, et inquietum est cor nostrum, donec requiescat in te.;Confissões (397), livro I, capítulo 1;A;Fase 119 (10/10/2026): confirmada — Agostinho, Confessiones I (texto latino, The Latin Library, espelho cltk no GitHub)
f24169uee;Santo Agostinho;Tarde te amei, ó beleza tão antiga e tão nova, tarde te amei.;Sero te amavi, pulchritudo tam antiqua et tam nova, sero te amavi.;Confissões (397), livro X, capítulo 27;A;Fase 119 (10/10/2026): confirmada — Agostinho, Confessiones X, 27, 38 (texto latino, The Latin Library, espelho cltk no GitHub)
f2418b7a6;John Stuart Mill;É melhor ser um ser humano insatisfeito do que um porco satisfeito.;It is better to be a human being dissatisfied than a pig satisfied.;Utilitarismo (1863), capítulo 2;A;Fase 119 (10/10/2026): confirmada — Utilitarianism (Project Gutenberg #11224, espelho GITenberg)
f241a27fn;Francis Bacon;Saber é poder.;Ipsa scientia potestas est.;Meditationes Sacrae (1597), Sobre Heresias;A;"Fase 119 (10/10/2026): corrigida — Original ajustado ao texto (“nam et ipsa scientia potestas est”); no contexto, Bacon fala do conhecimento de Deus. | evidência: Meditationes Sacrae (1597), “De Haeresibus”: “(nam et ipsa scientia potestas est)” (History of Information; PhilArchive)"
f241b85ao;Francis Bacon;A natureza, para ser comandada, deve ser obedecida.;Natura enim non nisi parendo vincitur.;Novum Organum (1620), livro I, aforismo 3;A;Fase 119 (10/10/2026): confirmada — Francis Bacon, Novum Organum (texto latino, The Latin Library, espelho cltk no GitHub)
f241cdqxr;Francis Bacon;Alguns livros devem ser provados, outros devorados, e poucos mastigados e digeridos.;Some books are to be tasted, others to be swallowed, and some few to be chewed and digested.;Ensaios (1625), Dos Estudos;A;Fase 119 (10/10/2026): confirmada — Bacon’s Essays (Project Gutenberg #56463, espelho GITenberg)
f241gg4hd;Maya Angelou;O pássaro na gaiola canta com um trinado assustado, por coisas desconhecidas mas ainda desejadas.;The caged bird sings with a fearful trill of things unknown but longed for still.;Eu Sei Por Que o Pássaro Canta na Gaiola (1969), epígrafe;A;"Fase 119 (10/10/2026): corrigida — os versos são do poema de 1983, não epígrafe do livro de 1969 | evidência: Poema “Caged Bird”, em Shaker, Why Don’t You Sing? (1983) (Wikipedia; LitCharts; Poetry Out Loud)"
f241hd2hv;Eleanor Roosevelt;Onde começam os direitos humanos universais? Em lugares pequenos, perto de casa.;Where, after all, do universal human rights begin? In small places, close to home.;Discurso nas Nações Unidas, 27 de março de 1958;A;"Fase 119 (10/10/2026): confirmada — Discurso na ONU ao apresentar o guia In Your Hands, 27/03/1958 (Carnegie Council; Ethics & International Affairs, Cambridge)"
f241i8him;bell hooks;O amor é uma ação, nunca simplesmente um sentimento.;Love is an action, never simply a feeling.;Tudo Sobre o Amor (2000), capítulo 1;A;"Fase 119 (10/10/2026): removida do catálogo ativo — Redação não localizada em All About Love; hooks adota a definição de M. Scott Peck (amor como intenção e ação), com outras palavras."
f241j59f5;Charles Darwin;Há grandeza nesta visão da vida.;There is grandeur in this view of life.;A Origem das Espécies (1859), última página;A;Fase 119 (10/10/2026): confirmada — On the Origin of Species, 1ª ed. (Project Gutenberg #1228, espelho GITenberg)
f241kefdn;Malcolm X;A educação é o passaporte para o futuro, pois o amanhã pertence a quem se prepara hoje.;Education is our passport to the future, for tomorrow belongs to the people who prepare for it today.;Discurso em Nova York, 1964;A;"Fase 119 (10/10/2026): corrigida — orig era versão popular sem “only” | evidência: Discurso de fundação da Organization of Afro-American Unity, Audubon Ballroom, 28/06/1964; o texto original tem “only”"
f241o9oaf;Dalai Lama;Minha religião é muito simples. Minha religião é a bondade.;My religion is very simple. My religion is kindness.;Uma Ética para o Novo Milênio (1999);A;"Fase 119 (10/10/2026): corrigida — A frase não é de Uma Ética para o Novo Milênio; a forma com fonte é “My true religion is Kindness”, em Kindness, Clarity, and Insight (1984). Fonte, original e tradução corrigidos. | evidência: Wikiquote (Tenzin Gyatso): “My true religion is Kindness”, Kindness, Clarity, and Insight (1984); variante “My religion is very simple…” sem fonte"
f241p74mu;Marguerite Yourcenar;"Fundemos bibliotecas; são celeiros públicos.";"Fondons des bibliothèques; elles sont des greniers publics.";Memórias de Adriano (1951), seção Saeculum Aureum;A;"Fase 119 (10/10/2026): removida do catálogo ativo — Variante inventada da passagem verdadeira sobre bibliotecas e celeiros (mantida em outra frase do catálogo); a redação “Fondons des bibliothèques…” não existe no livro."
f241udx1q;Alexandre Dumas;Toda a sabedoria humana está resumida nestas duas palavras: esperar e ter esperança.;Toute la sagesse humaine sera dans ces deux mots: attendre et espérer.;O Conde de Monte Cristo (1844), último capítulo;A;Fase 119 (10/10/2026): confirmada — Le Comte de Monte-Cristo, t. IV (Project Gutenberg #17992, espelho GITenberg)
f241v59f5;Coco Chanel;A moda passa, o estilo permanece.;La mode se démode, le style jamais.;Entrevista publicada na imprensa francesa;A;"Fase 119 (10/10/2026): removida do catálogo ativo — A forma francesa registrada não tem fonte primária; o Quote Investigator encontra como registro mais antigo uma entrevista de 1965 à revista McCall’s, em inglês, com outra redação (“Fashion passes, style remains”)."
f241wf3tj;J.K. Rowling;São nossas escolhas que mostram quem realmente somos, muito mais do que nossas capacidades.;It is our choices that show what we truly are, far more than our abilities.;Harry Potter e a Câmara Secreta (1998), capítulo 18;A;Fase 119 (10/10/2026): corrigida — orig sem o vocativo “Harry” | evidência: Chamber of Secrets, cap. 18 (“Dobby’s Reward”), fala de Dumbledore
f2603hpbs;Jorge Luis Borges;Sempre imaginei o Paraíso como uma espécie de biblioteca.;Siempre imaginé que el Paraíso sería algún tipo de biblioteca.;Poema dos Dons, em O Fazedor (1960);A;"Fase 119 (10/10/2026): corrigida — o orig era retradução da versão inglesa popular; substituído pelos versos de Borges | evidência: “Poema de los dones” (El hacedor, 1960): “Yo, que me figuraba el Paraíso / bajo la especie de una biblioteca.”"
f2617652z;Jorge Luis Borges;O universo, que outros chamam de Biblioteca, compõe-se de um número indefinido, talvez infinito, de galerias hexagonais.;El universo (que otros llaman la Biblioteca) se compone de un número indefinido, y tal vez infinito, de galerías hexagonales.;A Biblioteca de Babel, em Ficções (1944);A;Fase 119 (10/10/2026): confirmada — “La biblioteca de Babel”, primeira frase (Ficciones, 1944)
f2622fjkf;Jorge Luis Borges;O tempo é a substância de que sou feito.;El tiempo es la sustancia de que estoy hecho.;Nova Refutação do Tempo, em Outras Inquisições (1952);A;Fase 119 (10/10/2026): confirmada — “Nueva refutación del tiempo”, parágrafo final (Otras inquisiciones, 1952)
f26363zbm;Marcel Proust;A verdadeira viagem de descobrimento não consiste em buscar novas paisagens, mas em ter novos olhos.;Le véritable voyage de découverte ne consiste pas à chercher de nouveaux paysages, mais à avoir de nouveaux yeux.;A Prisioneira (1923), volume V de Em Busca do Tempo Perdido;A;Fase 119 (10/10/2026): corrigida — o orig era a versão popular reescrita | evidência: La Prisonnière (1923): “le seul véritable voyage, le seul bain de Jouvence, ce ne serait pas d’aller vers de nouveaux paysages, mais d’avoir d’autres yeux”
f2642xi1j;Marcel Proust;Os verdadeiros paraísos são os paraísos que perdemos.;car les vrais paradis sont les paradis qu'on a perdus;O Tempo Redescoberto (1927), volume VII de Em Busca do Tempo Perdido;A;Fase 119 (10/10/2026): confirmada — Le Temps retrouvé (1927): “car les vrais paradis sont les paradis qu’on a perdus”
f2685o9nn;Hermann Hesse;O pássaro luta para sair do ovo. O ovo é o mundo. Quem quiser nascer tem de destruir um mundo.;Der Vogel kämpft sich aus dem Ei. Das Ei ist die Welt. Wer geboren werden will, muss eine Welt zerstören.;Demian (1919), capítulo 5;A;Fase 119 (10/10/2026): confirmada — Demian (Project Gutenberg #41907, espelho GITenberg)
f2693d7pi;Hermann Hesse;O conhecimento pode ser comunicado, mas não a sabedoria.;Wissen kann man mitteilen, Weisheit aber nicht.;Sidarta (1922), capítulo final;A;Fase 119 (10/10/2026): confirmada — Siddhartha (Project Gutenberg #2499, espelho GITenberg)
f26f2xi1j;Aldous Huxley;Fatos não deixam de existir por serem ignorados.;Facts do not cease to exist because they are ignored.;Ensaios Novos e Velhos (1926);A;"Fase 119 (10/10/2026): removida do catálogo ativo — Localização não confirmada: a frase circula sem fonte (Wikiquote a lista sem referência); a fonte registrada (Ensaios Novos e Velhos, 1926) não foi confirmada, e a atribuição a Proper Studies (1927) também não."
f26g2m9zu;Aldous Huxley;Ó admirável mundo novo, que tem gente assim!;O brave new world, that has such people in it!;Admirável Mundo Novo (1932), capítulo 8;A;"Fase 119 (10/10/2026): removida do catálogo ativo — O verso é de Shakespeare (A Tempestade, ato V, cena 1, fala de Miranda), citado no romance de Huxley (e que lhe dá o título); não é frase de Huxley."
f26k3znsw;Robert Frost;Duas estradas divergiam num bosque, e eu tomei a menos percorrida.;Two roads diverged in a wood, and I took the one less traveled by.;A Estrada Não Trilhada (1916), última estrofe;A;Fase 119 (10/10/2026): corrigida — orig sem a quebra “I— / I” | evidência: Mountain Interval (1916), “The Road Not Taken”, última estrofe (Project Gutenberg #29345, espelho GITenberg)
f26l5zhpc;Robert Frost;A floresta é linda, escura e funda, mas tenho promessas a cumprir, e milhas a andar antes de dormir.;The woods are lovely, dark and deep, but I have promises to keep.;Parando na Mata numa Noite de Neve (1923), última estrofe;A;"Fase 119 (10/10/2026): corrigida — O português traduz a estrofe até “before I sleep”; o original registrado parava antes. Original completado. | evidência: New Hampshire (Project Gutenberg #58611, espelho GITenberg)"
f26m4ocpf;Robert Frost;Em três palavras posso resumir tudo o que aprendi sobre a vida: ela continua.;In three words I can sum up everything I’ve learned about life: it goes on.;Entrevista registrada;A;Fase 119 (10/10/2026): corrigida — fonte genérica | evidência: Quote Investigator: Ray Josephs, “Robert Frost’s Secret”, This Week Magazine (set. 1954)
f26n24biq;Alfred Tennyson;Lutar, buscar, encontrar e não ceder.;To strive, to seek, to find, and not to yield.;Ulisses (1842), último verso;A;Fase 119 (10/10/2026): confirmada — The Early Poems of Alfred Lord Tennyson (Project Gutenberg #8601, espelho GITenberg)
f26o36ha3;Alfred Tennyson;É melhor ter amado e perdido do que nunca ter amado.;’Tis better to have loved and lost than never to have loved at all.;In Memoriam A.H.H. (1850), canto 27;A;Fase 119 (10/10/2026): confirmada — In Memoriam (Project Gutenberg #70950, espelho GITenberg)
f26p2dara;Alfred Tennyson;A natureza, vermelha em dentes e garras.;Nature, red in tooth and claw.;In Memoriam A.H.H. (1850), canto 56;A;Fase 119 (10/10/2026): confirmada — In Memoriam (Project Gutenberg #70950, espelho GITenberg)
f26q2dara;Lord Byron;Acordei uma manhã e me descobri famoso.;I awoke one morning and found myself famous.;Registrado por Thomas Moore em Cartas e Diários de Lord Byron (1830);A;Fase 119 (10/10/2026): confirmada — Life of Lord Byron, with his Letters and Journals (Thomas Moore), vol. 2 (Project Gutenberg #16570, espelho GITenberg)
f26r4hma0;Lord Byron;Ela caminha em beleza, como a noite de climas sem nuvem e céus estrelados.;She walks in beauty, like the night of cloudless climes and starry skies.;Ela Caminha em Beleza (1814), primeira estrofe;A;Fase 119 (10/10/2026): confirmada — The Works of Lord Byron, vol. 2 (citação do poema em nota) (Project Gutenberg #25340, espelho GITenberg)
f26s1t3h1;Alexander Pope;"Errar é humano; perdoar, divino.";To err is human, to forgive divine.;Ensaio sobre a Crítica (1711), parte II;A;Fase 119 (10/10/2026): confirmada — An Essay on Criticism (Project Gutenberg #7409, espelho GITenberg)
f26t24biq;Alexander Pope;Um pouco de saber é coisa perigosa.;A little learning is a dangerous thing.;Ensaio sobre a Crítica (1711), parte II;A;Fase 119 (10/10/2026): confirmada — An Essay on Criticism (Project Gutenberg #7409, espelho GITenberg)
f26u2hsdk;Alexander Pope;A esperança brota eterna no peito humano.;Hope springs eternal in the human breast.;Ensaio sobre o Homem (1733), epístola I;A;Fase 119 (10/10/2026): confirmada — An Essay on Man (Project Gutenberg #2428, espelho GITenberg)
f26w542de;Gustave Flaubert;Seja regrado e ordenado em sua vida para poder ser violento e original em sua obra.;Soyez réglé dans votre vie et ordinaire afin d’être violent et original dans vos œuvres.;Carta a Gertrude Tennant, 25 de dezembro de 1876;A;"Fase 119 (10/10/2026): corrigida — O original registrado omitia “comme un bourgeois”; completado, e tradução ajustada. | evidência: Carta a Gertrude Tennant, 25/12/1876 (edição eletrônica da Correspondance; The Spectator; anotherpanacea)"
f26x2m9zu;Stendhal;A beleza é apenas a promessa de felicidade.;La beauté n’est que la promesse du bonheur.;Do Amor (1822), nota de rodapé do capítulo 17;A;Fase 119 (10/10/2026): confirmada — De l’Amour (Project Gutenberg #60882, espelho GITenberg)
f26y3m6y2;Stendhal;Um romance é um espelho que se leva ao longo de um caminho.;Un roman est un miroir que l’on promène le long d’un chemin.;O Vermelho e o Negro (1830), livro II, capítulo 19;A;Fase 119 (10/10/2026): corrigida — o orig era a epígrafe de I.13 (atribuída a Saint-Réal), não a frase de II.19 | evidência: Le Rouge et le Noir, livro II, cap. 19: “un roman est un miroir qui se promène sur une grande route” (Project Gutenberg #798, espelho GITenberg)
f26102t0f9;George Sand;Há uma só felicidade na vida: amar e ser amado.;Il n’y a qu’un seul bonheur dans la vie, aimer et être aimé.;Carta a Lina Calamatta, 31 de março de 1862;A;"Fase 119 (10/10/2026): corrigida — Original ajustado à forma francesa documentada (“c’est d’aimer et d’être aimé”). | evidência: Carta a Lina Calamatta, 31/03/1862 (wist.info; contexto em Les Amis de George Sand)"
f26171qunw;Herbert Spencer;A sobrevivência do mais apto.;Survival of the fittest.;Princípios de Biologia (1864), volume I;A;Fase 119 (10/10/2026): confirmada — The Principles of Biology, vol. I (Project Gutenberg #54612, espelho GITenberg)
f26181hvfc;Pierre-Joseph Proudhon;A propriedade é um roubo.;La propriété, c’est le vol.;O Que é a Propriedade? (1840), capítulo 1;A;Fase 119 (10/10/2026): confirmada — Qu’est-ce que la propriété? (1840), cap. 1
f26192hsdk;Pierre-Joseph Proudhon;A liberdade é a mãe, não a filha, da ordem.;La liberté est la mère, non la fille, de l’ordre.;Solução do Problema Social (1848);A;Fase 119 (10/10/2026): confirmada — Solution du problème social (1848)
f261a7hd4o;John Galbraith;Diante da escolha entre mudar de opinião e provar que não há necessidade disso, quase todo mundo fica ocupado com a prova.;Faced with the choice between changing one’s mind and proving that there is no need to do so, almost everyone gets busy on the proof.;Entrevista registrada;A;Fase 119 (10/10/2026): corrigida — fonte genérica (“entrevista”) | evidência: Quote Investigator (2018): resenha de 1965 no New York Times, revista em “How Keynes Came to America”, em Economics, Peace and Laughter (1971)
f261c9wwp3;Neil Postman;O que Orwell temia eram os que proibiriam os livros. O que Huxley temia era que não houvesse razão para proibir um livro, porque não haveria ninguém querendo ler.;What Orwell feared were those who would ban books. What Huxley feared was that there would be no reason to ban a book, for there would be no one who wanted to read one.;Divertindo-se até Morrer (1985), prefácio;A;Fase 119 (10/10/2026): confirmada — Amusing Ourselves to Death (1985), prefácio
f261e31znt;Herbert Simon;A riqueza de informação cria a pobreza de atenção.;A wealth of information creates a poverty of attention.;Projetando Organizações para um Mundo Rico em Informação (1971);A;"Fase 119 (10/10/2026): confirmada — “Designing Organizations for an Information-Rich World”, em Greenberger (org.), Computers, Communications, and the Public Interest (Johns Hopkins, 1971), p. 40–41 (PDFs do texto: Gwern; Purdue)"
f261g3v66m;Isaiah Berlin;A raposa sabe muitas coisas, mas o ouriço sabe uma coisa grande.;The fox knows many things, but the hedgehog knows one big thing.;O Ouriço e a Raposa (1953), abertura;A;"Fase 119 (10/10/2026): confirmada — The Hedgehog and the Fox (1953), epígrafe: fragmento de Arquíloco (fr. 201), na tradução de Berlin (NYRB, 1980; Wikiquote)"
f261h36ha3;Isaiah Berlin;A liberdade de lobos costuma ser a morte de ovelhas.;Freedom for the wolves has often meant death to the sheep.;Quatro Ensaios sobre a Liberdade (1969), introdução;A;"Fase 119 (10/10/2026): confirmada — Four Essays on Liberty (1969), introdução (artigo acadêmico, Redalyc; guia eNotes)"
f261j2fjkf;Jaron Lanier;A informação é alienação da experiência.;Information is alienated experience.;Você Não É Um Aplicativo (2010), capítulo 1;A;"Fase 119 (10/10/2026): corrigida — capítulo não confirmado; mantida só a obra e o ano | evidência: You Are Not a Gadget (2010): “Information is alienated experience.”"
f261k1hvfc;George Lakoff;Não pense em um elefante.;Don’t think of an elephant.;Não Pense em um Elefante (2004), abertura;A;Fase 119 (10/10/2026): confirmada — Título e abertura de Don’t Think of an Elephant! (2004), em que Lakoff pede aos alunos que não pensem num elefante (george-lakoff.com)
f261m2dara;Gottfried Wilhelm Leibniz;Nada acontece sem uma razão suficiente.;Nihil fit sine ratione sufficiente.;Monadologia (1714), §32;A;"Fase 119 (10/10/2026): corrigida — O original registrado era uma fórmula latina que não está na Monadologia (escrita em francês); substituído pelo texto do §32 e tradução ajustada a ele. | evidência: La Monadologie (ed. Clodius Piat, 1909), §32 (Project Gutenberg #17641, espelho GITenberg)"
f261p31znt;Horácio;Colhe o dia, confiando o mínimo possível no amanhã.;Carpe diem, quam minimum credula postero.;Odes (23 a.C.), livro I, ode 11;A;Fase 119 (10/10/2026): confirmada — Horácio, Carmina I, 11 (texto latino, The Latin Library, espelho cltk no GitHub)
f261qmg3e;Horácio;Ouse saber.;Sapere aude.;Epístolas (20 a.C.), livro I, epístola 2;A;Fase 119 (10/10/2026): confirmada — Horácio, Epistulae I, 2 (texto latino, The Latin Library, espelho cltk no GitHub)
f261r2fjkf;Horácio;Nem sempre Apolo mantém o arco retesado.;Neque semper arcum tendit Apollo.;Odes (23 a.C.), livro II, ode 10;A;Fase 119 (10/10/2026): confirmada — Horácio, Carmina II, 10 (texto latino, The Latin Library, espelho cltk no GitHub)
f261s2qrm4;Virgílio;"O amor vence tudo; cedamos também nós ao amor.";Omnia vincit Amor: et nos cedamus Amori.;Bucólicas (39 a.C.), écloga X, verso 69;A;Fase 119 (10/10/2026): confirmada — Vergílio, Bucolica X.69: “Omnia uincit Amor: et nos cedamus Amori.” (texto latino, The Latin Library, espelho cltk no GitHub)
f261t2qrm4;Virgílio;Temo os gregos, mesmo quando trazem presentes.;Timeo Danaos et dona ferentes.;Eneida (19 a.C.), livro II, verso 49;A;Fase 119 (10/10/2026): corrigida — grafia do texto | evidência: Vergílio, Aeneis II.49: “timeo Danaos et dona ferentis” (texto latino, The Latin Library, espelho cltk no GitHub)
f261u1t3h1;Virgílio;A fortuna favorece os audazes.;Audentis Fortuna iuvat.;Eneida (19 a.C.), livro X, verso 284;A;Fase 119 (10/10/2026): confirmada — Aeneidos (texto latino, Project Gutenberg #227, espelho GITenberg)
f261v2b1y5;Quintiliano;O orador é o homem bom hábil no falar.;Vir bonus dicendi peritus.;Institutio Oratoria (95), livro XII, capítulo 1;A;Fase 119 (10/10/2026): confirmada — Quintiliano, Institutio oratoria XII, 1 (texto latino, The Latin Library, espelho cltk no GitHub)
f261y36ha3;Jean de La Fontaine;Ensinam que a razão do mais forte é sempre a melhor.;La raison du plus fort est toujours la meilleure.;Fábulas (1668), livro I, O Lobo e o Cordeiro;A;"Fase 119 (10/10/2026): corrigida — O português começava com “Ensinam que”, que não está no verso; tradução ajustada ao original. | evidência: Fables de La Fontaine, t. I (Project Gutenberg #17941, espelho GITenberg)"
f261z2xi1j;Jean de La Fontaine;"De nada adianta correr; é preciso partir a tempo.";"Rien ne sert de courir; il faut partir à point.";Fábulas (1668), livro VI, A Lebre e a Tartaruga;A;Fase 119 (10/10/2026): corrigida — fonte sem número da fábula | evidência: Fables, livro VI, fábula 10, “Le Lièvre et la Tortue”, primeiro verso
f26203fgin;Publílio Siro;Qualquer um pode segurar o leme quando o mar está calmo.;Anyone can hold the helm when the sea is calm.;Sentenças, máxima 358;A;"Fase 119 (10/10/2026): corrigida — orig estava em inglês (tradução de Lyman); número da máxima não confirmado | evidência: Publilii Syri Sententiae: “In tranquillo esse quisque gubernator potest.” (texto latino, The Latin Library, espelho cltk no GitHub)"
f26212qrm4;Publílio Siro;É um mau plano aquele que não admite mudança.;Malum est consilium quod mutari non potest.;Sentenças, máxima 362;A;Fase 119 (10/10/2026): confirmada — Publílio Siro, Sententiae (texto latino, The Latin Library, espelho cltk no GitHub)
f26235o9nn;Hipócrates;A vida é breve, a arte é longa, a ocasião fugidia, a experiência enganosa, o julgamento difícil.;Ars longa, vita brevis.;Aforismos, livro I, aforismo 1;A;"Fase 119 (10/10/2026): corrigida — O original registrado era a versão latina de Sêneca (“Ars longa, vita brevis”); substituído pelo grego do aforismo, que é o que o português traduz. | evidência: Hipócrates, Aforismos I, 1 (texto grego da edição Perseus/Littré, canonical-greekLit no GitHub)"
f262714eki;Douglas MacArthur;Dever, honra, pátria.;Duty, honor, country.;Discurso de despedida em West Point, 12 de maio de 1962;A;"Fase 119 (10/10/2026): removida do catálogo ativo — Fragmento da frase “Duty, honor, country: those three hallowed words…”, já registrada por inteiro para o mesmo discurso; duplicata."
f262838q38;Douglas MacArthur;"Velhos soldados nunca morrem; eles apenas desaparecem.";"Old soldiers never die; they just fade away.";Discurso ao Congresso dos Estados Unidos, 19 de abril de 1951;A;"Fase 119 (10/10/2026): confirmada — Discurso ao Congresso, 19/04/1951 (Library of Congress; Fox News, “This day in history”)"
f26295asst;Dwight D. Eisenhower;Devemos nos precaver contra a influência injustificada do complexo industrial-militar.;We must guard against the acquisition of unwarranted influence by the military-industrial complex.;Discurso de despedida à nação, 17 de janeiro de 1961;A;"Fase 119 (10/10/2026): corrigida — O original registrado omitia “whether sought or unsought”; completado. | evidência: Discurso de despedida, 17/01/1961 (transcrição dos National Archives)"
f262a2k16p;Dwight D. Eisenhower;"Planos não são nada; o planejamento é tudo.";"Plans are nothing; planning is everything.";Discurso registrado, 1957;A;"Fase 119 (10/10/2026): corrigida — O texto do discurso é “Plans are worthless, but planning is everything”, que Eisenhower diz ter ouvido no Exército. Original, tradução, data e nota ajustados. | evidência: Remarks at the National Defense Executive Reserve Conference, 14/11/1957 (Public Papers; presidency.ucsb.edu); Quote Investigator (2017)"
f262b36ha3;Charles de Gaulle;A França perdeu uma batalha, mas não perdeu a guerra.;La France a perdu une bataille, mais la France n’a pas perdu la guerre.;Cartaz de julho de 1940, Londres;A;"Fase 119 (10/10/2026): corrigida — Original ajustado ao texto do cartaz; data corrigida. | evidência: Cartaz “À tous les Français”, impresso em Londres no fim de julho de 1940 e afixado a partir de agosto (Musée de l’Armée; Wikiquote)"
f262c4hma0;Charles de Gaulle;Como governar um país que tem duzentos e quarenta e seis tipos de queijo?;Comment voulez-vous gouverner un pays où il existe 246 variétés de fromage?;Registrado por Ernest Mignon em Les Mots du Général (1962);A;Fase 119 (10/10/2026): removida do catálogo ativo — Autenticidade duvidosa: o número de queijos varia de 246 a 600 nas versões, a atribuição a Les Mots du Général (1962) não foi conferida, e o Guichet du Savoir (BM de Lyon) registra que não há certeza de que De Gaulle a tenha dito.
f262d2xi1j;Woodrow Wilson;O mundo deve se tornar seguro para a democracia.;The world must be made safe for democracy.;Discurso ao Congresso pedindo declaração de guerra, 2 de abril de 1917;A;Fase 119 (10/10/2026): confirmada — President Wilson’s Addresses (Project Gutenberg #17427, espelho GITenberg)
f262e3aywd;Dag Hammarskjöld;Para tudo o que foi, obrigado. Para tudo o que será, sim.;För allt som varit, tack. För allt som kommer, ja.;Marcos no Caminho (1963), anotação de 1953;A;Fase 119 (10/10/2026): removida do catálogo ativo — Passagem não conferida em fonte consultável de Vägmärken, e a redação sueca registrada (“För allt som kommer, ja”) difere da forma corrente (“för allt som skall bli – Ja!”).
f262g1vca6;Sophie Scholl;Alguém, afinal, tinha de começar.;Es muss doch endlich einer anfangen.;Registrado por Else Gebel, companheira de cela, em depoimento de 1943;A;Fase 119 (10/10/2026): removida do catálogo ativo — Redação alemã não confirmada no relato de Else Gebel nem nas atas do processo.
f262h222pl;B. R. Ambedkar;Eduquem-se, agitem-se, organizem-se.;Educate, agitate, organise.;Discurso à Conferência da Federação das Castas Deprimidas, 1942;A;"Fase 119 (10/10/2026): confirmada — Conferência das Classes Deprimidas de Toda a Índia, Nagpur, 18–19/07/1942 (The Wire; SAADA); lema usado antes pela Bahishkrit Hitakarini Sabha (F. Pritchett, Columbia)"
f262i48n1g;B. R. Ambedkar;"A casta não é uma divisão de trabalho; é uma divisão de trabalhadores.";Caste is not a division of labour, it is a division of labourers.;A Aniquilação das Castas (1936), seção 4;A;"Fase 119 (10/10/2026): corrigida — O original registrado é a forma popular; o texto diz “the Caste System is not merely a division of labour. It is also a division of labourers.” Original e tradução ajustados. | evidência: Annihilation of Caste (1936), seção 4 (Roundtable India; transcrição da edição Pirates Enhanced Classics)"
f262m2xi1j;Estée Lauder;Eu nunca sonhei com o sucesso. Trabalhei por ele.;I never dreamed about success. I worked for it.;Estée: Uma História de Sucesso (1985);A;"Fase 119 (10/10/2026): removida do catálogo ativo — Variante da mesma declaração (versão atribuída à revista Fortune, citada em Newsmakers, 1992, sem acesso ao original); mantida a forma documentada em 1985."
f262n4subp;Sheryl Sandberg;Se lhe oferecerem um lugar num foguete, não pergunte qual assento. Apenas entre.;If you’re offered a seat on a rocket ship, don’t ask what seat. Just get on.;Faça Acontecer (2013), capítulo 4;A;Fase 119 (10/10/2026): confirmada — Lean In (2013), cap. 4: conselho de Eric Schmidt a Sandberg
f262o4hma0;Louisa May Alcott;Não tenho medo de tempestades, pois estou aprendendo a conduzir meu navio.;I am not afraid of storms, for I am learning how to sail my ship.;Mulherzinhas (1868), capítulo 44;A;Fase 119 (10/10/2026): corrigida — Original ajustado ao texto (formas contraídas). | evidência: Little Women, cap. XLIV “My Lord and Lady” (Standard Ebooks, domínio público)
f262q3fgin;Alice Walker;O ativismo é o aluguel que pago por viver neste planeta.;Activism is my rent for living on the planet.;Entrevista registrada;A;"Fase 119 (10/10/2026): corrigida — A forma corrente (“Activism is my rent for living on the planet”) é condensação; o texto publicado é “My activism pays the rent on being alive and being here on the planet”. Original, tradução e fonte ajustados. | evidência: Entrevista a Claudia Dreifus, The Progressive, agosto de 1989 (Quote Investigator, 2024)"
f262t2zquo;Madame de Staël;Compreender tudo torna a pessoa muito indulgente.;Tout comprendre rend très indulgent.;Corinne (1807), livro XVIII, capítulo 5;A;Fase 119 (10/10/2026): confirmada — Corinne ou l’Italie (Project Gutenberg #60810, espelho GITenberg)
f262u3m6y2;Ernest Renan;A existência de uma nação é um plebiscito de todos os dias.;L’existence d’une nation est un plébiscite de tous les jours.;O Que é uma Nação? (1882), conferência na Sorbonne;A;"Fase 119 (10/10/2026): corrigida — O original registrado omitia o parêntese do texto; restituído. | evidência: Qu’est-ce qu’une nation ? (1882), excerto em francês (Universidade Nacional Central de Taiwan)"
f262v56b6j;Samuel Butler;A vida é a arte de tirar conclusões suficientes a partir de premissas insuficientes.;Life is the art of drawing sufficient conclusions from insufficient premises.;Cadernos de Samuel Butler (1912);A;Fase 119 (10/10/2026): confirmada — The Note-Books of Samuel Butler (Project Gutenberg #6173, espelho GITenberg)
f262w3ofr7;Théophile Gautier;Nada é verdadeiramente belo senão o que não serve para nada.;Il n’y a de vraiment beau que ce qui ne peut servir à rien.;Mademoiselle de Maupin (1835), prefácio;A;Fase 119 (10/10/2026): confirmada — Mademoiselle de Maupin (Project Gutenberg #14288, espelho GITenberg)
f262x36ha3;Marcel Proust;Amamos apenas aquilo que não possuímos inteiramente.;On n’aime que ce qu’on ne possède pas tout entier.;A Prisioneira (1923), volume V de Em Busca do Tempo Perdido;A;Fase 119 (10/10/2026): confirmada — La Prisonnière (Project Gutenberg #60720, espelho GITenberg)
f262y1t3h1;Joseph Joubert;Ensinar é aprender duas vezes.;Enseigner, c’est apprendre deux fois.;Pensamentos (1838);A;Fase 119 (10/10/2026): confirmada — Pensées, cap. 19, “De l’éducation”, § 88 (ed. 1850)
f262z3fgin;Joseph Joubert;A meta do debate não deve ser a vitória, mas o progresso.;Le but de la discussion ne doit pas être la victoire, mais l’amélioration.;Pensamentos (1838);A;"Fase 119 (10/10/2026): corrigida — orig abreviado; tradução “progresso” vinha de versão inglesa | evidência: Pensées, “De la famille et de la société”, § 41 (ed. 1850): “Le but de la dispute ou de la discussion ne doit pas être la victoire, mais l’amélioration.”"
f26363ofr7;Henri Matisse;O que sonho é uma arte de equilíbrio, de pureza e serenidade.;Ce que je rêve, c’est un art d’équilibre, de pureté, de tranquillité.;Notas de um Pintor (1908), publicado na revista La Grande Revue;A;"Fase 119 (10/10/2026): confirmada — “Notes d’un peintre”, La Grande Revue, dezembro de 1908; tradução de Jack Flam, Matisse on Art (1973) (MoMA; Nelson-Atkins)"
f26384hma0;John Lennon;A vida é o que acontece enquanto você está ocupado fazendo outros planos.;Life is what happens to you while you’re busy making other plans.;Beautiful Boy (1980), do álbum Double Fantasy;A;Fase 119 (10/10/2026): confirmada — Letra de “Beautiful Boy (Darling Boy)”, Double Fantasy (1980)
f26392v98e;John Lennon;Imagine todas as pessoas vivendo a vida em paz.;Imagine all the people living life in peace.;Imagine (1971), segunda estrofe;A;Fase 119 (10/10/2026): confirmada — Letra de “Imagine” (1971), segunda estrofe
f263f1vca6;Gertrude Stein;Uma rosa é uma rosa é uma rosa.;Rose is a rose is a rose is a rose.;Sacred Emily (1913), poema;A;"Fase 119 (10/10/2026): corrigida — O verso tem quatro ocorrências de “rose”; o português trazia três. Tradução ajustada ao original. | evidência: Geography and Plays (Project Gutenberg #33403, espelho GITenberg)"
f263g3znsw;Anaïs Nin;"Não vemos as coisas como elas são; vemos as coisas como nós somos.";We don’t see things as they are, we see them as we are.;Sedução do Minotauro (1961);A;Fase 119 (10/10/2026): confirmada — Quote Investigator (2014): Nin usa a frase em Seduction of the Minotaur (1961), lembrada pela personagem Lillian como “palavras talmúdicas”
f263i1vca6;T. S. Eliot;Abril é o mais cruel dos meses.;April is the cruellest month.;A Terra Devastada (1922), primeiro verso;A;Fase 119 (10/10/2026): confirmada — The Waste Land (Project Gutenberg #1321, espelho GITenberg)
f263j7sl6d;T. S. Eliot;Não cessaremos de explorar, e o fim de toda a nossa exploração será chegar onde começamos e conhecer o lugar pela primeira vez.;We shall not cease from exploration, and the end of all our exploring will be to arrive where we started and know the place for the first time.;Quatro Quartetos (1943), Little Gidding, seção V;A;Fase 119 (10/10/2026): confirmada — Four Quartets, “Little Gidding” (1942), seção V
f263l1hvfc;Ring Lardner;Cale a boca, ele explicou.;Shut up, he explained.;O Jovem Imigrante (1920);A;"Fase 119 (10/10/2026): corrigida — pontuação do orig | evidência: The Young Immigrunts (1920), publicado como se fosse do filho de quatro anos de Lardner (Library of America; Neglected Books)"
f263m7zbls;Charles Kuralt;Graças ao sistema de rodovias interestaduais é possível atravessar os Estados Unidos de costa a costa sem ver absolutamente nada.;Thanks to the Interstate Highway System, it is now possible to travel from coast to coast without seeing anything.;On the Road with Charles Kuralt (1985);A;"Fase 119 (10/10/2026): removida do catálogo ativo — Redação não confirmada em On the Road with Charles Kuralt (1985) nem em outra fonte consultável; circula sem localização."
f263n5m0ui;Elizabeth Stone;Decidir ter um filho é decidir para sempre que seu coração passe a andar fora do seu corpo.;Making the decision to have a child is momentous. It is to decide forever to have your heart go walking around outside your body.;"Citada em Ellen Cantarow, ""No Kids"", The Village Voice; reunida em Black Sheep and Kissing Cousins (1988)";A;Fase 119 (10/10/2026): removida do catálogo ativo — Origem não confirmada: a frase circula com o nome de Elizabeth Stone, mas nenhuma fonte consultável reproduz o texto do Village Voice ou de Black Sheep and Kissing Cousins (1988).
f263o31znt;Laurel Thatcher Ulrich;Mulheres bem-comportadas raramente fazem história.;Well-behaved women seldom make history.;Artigo em American Quarterly (1976), sobre sermões funerários puritanos;A;"Fase 119 (10/10/2026): confirmada — “Vertuous Women Found”, American Quarterly 28 (1976); Wikipedia e Harvard Gazette"
f263p3aywd;Nora Ephron;Acima de tudo, seja a heroína da sua vida, não a vítima.;Above all, be the heroine of your life, not the victim.;Discurso de formatura no Wellesley College, 1996;A;Fase 119 (10/10/2026): confirmada — Discurso de formatura no Wellesley College, 1996
f263q6so85;Michael J. Fox;Minha felicidade cresce na proporção direta da minha aceitação, e na proporção inversa das minhas expectativas.;My happiness grows in direct proportion to my acceptance, and in inverse proportion to my expectations.;Lucky Man (2002);A;"Fase 119 (10/10/2026): removida do catálogo ativo — Sem fonte primária; numa transcrição da NPR a frase aparece na fala do entrevistador, não de Fox."
f263r4hma0;Phil Jackson;A força do time é cada membro individual. A força de cada membro é o time.;The strength of the team is each individual member. The strength of each member is the team.;Cestas Sagradas (1995);A;"Fase 119 (10/10/2026): removida do catálogo ativo — Sem localização em Sacred Hoops; circula só em coletâneas (a imagem lembra Kipling, “The Law of the Jungle”)."
f263s5faf3;Max De Pree;A primeira responsabilidade de um líder é definir a realidade. A última é dizer obrigado.;The first responsibility of a leader is to define reality. The last is to say thank you.;Liderança é uma Arte (1987), capítulo 1;A;"Fase 119 (10/10/2026): confirmada — Leadership Is an Art, capítulo “What Is Leadership?”, frases de abertura (resenhas; resumo com página 11)"
f263t5m0ui;Robert K. Greenleaf;O líder servidor é servidor primeiro. Começa com o sentimento natural de que se quer servir.;The servant-leader is servant first. It begins with the natural feeling that one wants to serve.;O Servidor como Líder (1970);A;Fase 119 (10/10/2026): confirmada — “The Servant as Leader” (1970)
f263u3sxdh;Lee Iacocca;A administração não é nada mais do que motivar outras pessoas.;Management is nothing more than motivating other people.;Iacocca: Uma Autobiografia (1984);A;"Fase 119 (10/10/2026): removida do catálogo ativo — Redação não localizada na autobiografia; a passagem do livro sobre motivação tem outras palavras."
f263v4subp;Stephen Covey;A chave não é priorizar o que está na sua agenda, mas agendar suas prioridades.;The key is not to prioritize what’s on your schedule, but to schedule your priorities.;Primeiro o Mais Importante (1994);A;"Fase 119 (10/10/2026): corrigida — obra de origem | evidência: The 7 Habits (1989), hábito 3 (blog Cordell; Art of Manliness); também repetida em First Things First"
f263w2k16p;David Ogilvy;"O consumidor não é um idiota; é sua esposa.";"The consumer isn’t a moron; she is your wife.";Confissões de um Publicitário (1963), capítulo 5;A;Fase 119 (10/10/2026): confirmada — Wikiquote: Confessions of an Advertising Man (1963), p. 96 da edição Ballantine
f263y14eki;Brian Tracy;Engula aquele sapo.;Eat that frog.;Engula Aquele Sapo (2001), capítulo 1;A;"Fase 119 (10/10/2026): confirmada — Eat That Frog! (2001), título e princípio do livro (catálogo da obra; resumos)"
f26402xi1j;Melody Beattie;A gratidão transforma o que temos em suficiente.;Gratitude turns what we have into enough.;O Livro da Linguagem do Desapego (1990);A;"Fase 119 (10/10/2026): removida do catálogo ativo — O orig é versão abreviada; a passagem completa (“Gratitude unlocks the fullness of life…”) é atribuída a livros diferentes de Beattie, sem confirmação de O Livro da Linguagem do Desapego."
f26442xi1j;Émile-Auguste Chartier;"O pessimismo é de humor; o otimismo é de vontade.";"Le pessimisme est d’humeur; l’optimisme est de volonté.";Sobre Felicidade (1925), propos 93;A;Fase 119 (10/10/2026): confirmada — Propos sur le bonheur (1925), propos 93 (“Il faut jurer”)
f26453jy4x;Elbert Hubbard;"Não leve a vida a sério demais; você nunca sairá vivo dela.";Do not take life too seriously. You will never get out of it alive.;The Philistine (revista editada por Hubbard), 1900;A;"Fase 119 (10/10/2026): corrigida — A redação registrada está literalmente em The Philosophy of Elbert Hubbard (1916); na Philistine de dezembro de 1900 a forma era outra (“please do not take life quite so seriously—you surely will never get out of it alive”, Quote Investigator). Fonte corrigida. | evidência: The Philosophy of Elbert Hubbard (1916) (Project Gutenberg #70579, espelho GITenberg)"
f264a4v34u;Noam Chomsky;A propaganda é para a democracia o que o cassetete é para o Estado totalitário.;Propaganda is to a democracy what the bludgeon is to a totalitarian state.;Controle da Mídia (1991), capítulo 1;A;"Fase 119 (10/10/2026): confirmada — Media Control (1991/2002) (Random House; Connexions)"
f264b6lxsq;Noam Chomsky;A maneira inteligente de manter as pessoas passivas é limitar estritamente o espectro de opinião aceitável.;The smart way to keep people passive and obedient is to strictly limit the spectrum of acceptable opinion.;O Lucro ou as Pessoas (1998);A;"Fase 119 (10/10/2026): corrigida — obra errada; texto português omitia “e obedientes” | evidência: The Common Good (1998) (Wikiquote/wist.info); a obra não é Profit over People"
f264d2zquo;Thomas Sowell;Não há soluções. Há apenas escolhas de trade-offs.;There are no solutions. There are only trade-offs.;Conflito de Visões (1987);A;Fase 119 (10/10/2026): confirmada — A Conflict of Visions (1987), cap. 2
f264e3jy4x;Ayn Rand;A pergunta não é quem vai me deixar, é quem vai me impedir.;"The question isn’t who is going to let me; it’s who is going to stop me.";A Nascente (1943);A;"Fase 119 (10/10/2026): corrigida — A forma registrada é uma condensação moderna; o texto do romance é o diálogo entre Roark e o reitor (“My dear fellow, who will let you?” — “That’s not the point. The point is, who will stop me?”). Original, tradução e nota ajustados. | evidência: Quote Investigator (2013); Ayn Rand Institute, “The Quotable Ayn Rand: Who Is Going to Stop Me?”; PolitiFact (2019)"
f264h348gy;Salvador Dalí;Não tenha medo da perfeição: você nunca a alcançará.;Have no fear of perfection, you'll never reach it.;A Vida Secreta de Salvador Dalí (1948), capítulo 11;A;"Fase 119 (10/10/2026): corrigida — obra errada (não é A Vida Secreta) | evidência: 50 Secrets of Magic Craftsmanship (1948), “dez regras” para quem quer ser pintor (Poetry Porch; resumos do livro)"
f264i2zquo;José Martí;Cultivo uma rosa branca, em junho como em janeiro.;Cultivo una rosa blanca, en junio como en enero.;Versos Sencillos (1891), poema XXXIX;A;Fase 119 (10/10/2026): confirmada — Versos sencillos (1891), XXXIX
f264j16ndn;José Martí;Pátria é humanidade.;Patria es humanidad.;Ensaio publicado em Patria (1894);A;Fase 119 (10/10/2026): corrigida — data e título da fonte | evidência: Nota “La Revista Literaria Dominicense”, no jornal Patria (Nova York), 26/01/1895: “Patria es humanidad…”
f264m4subp;Oliver Goldsmith;Nossa maior glória não está em nunca cair, mas em levantar cada vez que caímos.;Our greatest glory consists not in never falling, but in rising every time we fall.;O Cidadão do Mundo (1760), carta VII;A;"Fase 119 (10/10/2026): corrigida — orig com “consists”; e a máxima é posta na boca de um viajante chinês fictício | evidência: The Citizen of the World, carta VII (Public Ledger, 1760; livro de 1762, vol. I, p. 22–23); Quote Investigator"
f264o5zhpc;Leo Buscaglia;Muitas vezes subestimamos o poder de um toque, um sorriso, uma palavra gentil, um ouvido que escuta.;Too often we underestimate the power of a touch, a smile, a kind word, a listening ear.;Vivendo, Amando e Aprendendo (1982);A;"Fase 119 (10/10/2026): removida do catálogo ativo — Obra indicada não confirmada (há quem cite Born for Love, 1992, sem página); só sites de citação."
f264q5faf3;Hillary Clinton;Direitos humanos são direitos das mulheres, e direitos das mulheres são direitos humanos.;Human rights are women’s rights, and women’s rights are human rights.;Discurso na Quarta Conferência Mundial sobre a Mulher, Pequim, 5 de setembro de 1995;A;"Fase 119 (10/10/2026): confirmada — Discurso na IV Conferência Mundial sobre a Mulher, Pequim, 05/09/1995 (UN News; transcrição Rev)"
f264r14eki;Augusto;Apressa-te devagar.;Festina lente.;Registrado por Suetônio em A Vida dos Doze Césares, Augusto, 25;A;"Fase 119 (10/10/2026): corrigida — Suetônio registra a máxima em grego (σπεῦδε βραδέως); “festina lente” é a forma latina corrente, que não está no texto. Original corrigido para o que Suetônio escreveu. | evidência: Suetônio, Divus Augustus 25 (texto latino, The Latin Library, espelho cltk no GitHub)"
f264s3ofr7;Augusto;Encontrei Roma feita de tijolos e a deixei feita de mármore.;Marmoream se relinquere, quam latericiam accepisset.;Registrado por Suetônio em A Vida dos Doze Césares, Augusto, 28;A;Fase 119 (10/10/2026): confirmada — Suetônio, De vita Caesarum, Divus Augustus 28 (texto latino, The Latin Library, espelho cltk no GitHub)
f26505x8w7;Henry Chesbrough;Nem todas as pessoas inteligentes trabalham para nós. Precisamos trabalhar com as de fora também.;Not all the smart people work for us. We need to work with smart people inside and outside the company.;Open Innovation (2003), capítulo 1;A;"Fase 119 (10/10/2026): confirmada — Open Innovation (2003): princípio “Not all the smart people work for us” do quadro inovação fechada × aberta (Emerald; openinnovation.eu; Berkeley Haas)"
f26514m3wa;Thomas J. Stanley;Riqueza não é o mesmo que renda. Você pode ganhar muito e não acumular nada.;Wealth is not the same as income.;O Milionário Mora ao Lado (1996), capítulo 1;A;Fase 119 (10/10/2026): corrigida — orig incompleto em relação ao texto português | evidência: The Millionaire Next Door (1996), cap. 1: “Wealth is not the same as income. If you make a good income each year and spend it all, you are not getting wealthier.”
f26525o9nn;Al Ries e Jack Trout;O posicionamento não é o que você faz com o produto. É o que você faz com a mente do cliente.;Positioning is not what you do to a product. Positioning is what you do to the mind of the prospect.;Posicionamento: A Batalha por Sua Mente (1981), capítulo 1;A;Fase 119 (10/10/2026): confirmada — Positioning: The Battle for Your Mind (1981), p. 2, conforme notas de leitura (Will Patrick) e destaques de leitores (Goodreads)
f26553v66m;Robert Collier;O sucesso é a soma de pequenos esforços repetidos dia após dia.;Success is the sum of small efforts, repeated day in and day out.;The Secret of the Ages (1926);A;"Fase 119 (10/10/2026): removida do catálogo ativo — Atribuição incorreta: o próprio Collier, em The Magic Word, credita os versos a Florence Taylor; aparecem sem autor desde 1932."
f26563aywd;Albert Schweitzer;Sou vida que quer viver, em meio a vida que quer viver.;Ich bin Leben, das leben will, inmitten von Leben, das leben will.;Filosofia da Civilização (1923), volume II;A;"Fase 119 (10/10/2026): confirmada — Kultur und Ethik (Kulturphilosophie II, 1923): fórmula central da ética da reverência pela vida; estudos sobre Schweitzer (Spektrum; resenhas da Herder)"
f28zj7homl;Baruch Spinoza;A paz não é a ausência de guerra, mas uma virtude que nasce da força de alma.;Pax enim non belli privatio, sed virtus est, quae ex animi fortitudine oritur.;Tratado Político (1677), capítulo 5, §4;A;"Fase 119 (10/10/2026): confirmada — Tractatus Politicus V, 4 (Wikipedia; Curley, Collected Works; texto latino em coletânea derivada do Wikiquote)"
f2810q4feru;Baruch Spinoza;O homem livre em nada pensa menos do que na morte, e sua sabedoria é uma meditação da vida, não da morte.;Homo liber de nulla re minus quam de morte cogitat.;Ética (1677), parte IV, proposição 67;A;"Fase 119 (10/10/2026): corrigida — O português traduz a proposição inteira; o original registrado trazia só a primeira metade. Original completado com o texto da edição. | evidência: Spinoza, Ethica, pars IV (texto latino, The Latin Library, espelho cltk no GitHub)"
f2811elj773;René Descartes;"Não basta ter um bom espírito; o principal é aplicá-lo bem.";Ce n’est pas assez d’avoir l’esprit bon, mais le principal est de l’appliquer bien.;Discurso do Método (1637), primeira parte;A;Fase 119 (10/10/2026): confirmada — Discours de la méthode (1637), parte I (Project Gutenberg #13846, espelho GITenberg)
f28148ph4xa;Heráclito;O caráter do homem é o seu destino.;Ethos anthropoi daimon.;Fragmento 119, transmitido por Estobeu;A;"Fase 119 (10/10/2026): corrigida — O original registrado estava transliterado; substituído pelo grego do fragmento. | evidência: Heráclito, fr. DK 22 B119, transmitido por Estobeu (Anthologium IV, 40, 23)"
f281e765n44;Michel Foucault;Onde há poder, há resistência.;Là où il y a pouvoir, il y a résistance.;História da Sexualidade I (1976), capítulo 4;A;Fase 119 (10/10/2026): confirmada — La Volonté de savoir (1976), parte IV, cap. 2 (“Méthode”)
f281fpcrnv9;Karl Marx;"Os filósofos apenas interpretaram o mundo de diferentes maneiras; do que se trata é de transformá-lo.";"Die Philosophen haben die Welt nur verschieden interpretiert; es kömmt darauf an, sie zu verändern.";Teses sobre Feuerbach (1845), tese 11;A;Fase 119 (10/10/2026): corrigida — orig misturava a grafia do manuscrito e a da edição de Engels | evidência: Thesen über Feuerbach, tese 11, manuscrito de 1845: “Die Philosophen haben die Welt nur verschieden interpretirt, es kömmt drauf an sie zu verändern.” (a versão editada por Engels em 1888 acrescenta “aber”)
f281gcszsf2;Karl Marx;Um espectro ronda a Europa: o espectro do comunismo.;Ein Gespenst geht um in Europa.;Manifesto do Partido Comunista (1848), abertura;A;Fase 119 (10/10/2026): corrigida — orig incompleto em relação ao texto português | evidência: Manifest der Kommunistischen Partei (1848), primeira frase: “Ein Gespenst geht um in Europa – das Gespenst des Kommunismus.”
f281khxe3sa;G. K. Chesterton;Um louco não é quem perdeu a razão, mas quem perdeu tudo exceto a razão.;A madman is not the man who has lost his reason. The madman is the man who has lost everything except his reason.;Ortodoxia (1908), capítulo 2;A;Fase 119 (10/10/2026): corrigida — Original ajustado ao texto da edição (“The madman”). | evidência: Orthodoxy (Project Gutenberg #130, espelho GITenberg)
f281m4v6eed;Albert Einstein;Deus não joga dados.;Der Alte würfelt nicht.;Carta a Max Born, 4 de dezembro de 1926;A;"Fase 119 (10/10/2026): corrigida — O original registrado (“Der Alte würfelt nicht”) é uma condensação; a frase da carta é “Jedenfalls bin ich überzeugt, daß der nicht würfelt” (“o Velho” aparece na frase anterior). Original e tradução ajustados. | evidência: Carta a Max Born, 4/12/1926 (Born–Einstein Briefwechsel, 1969, p. 129 s.; Einstein Papers, Princeton; Physics Today)"
f281ohey9uk;Albert Einstein;Não tenho nenhum talento especial. Sou apenas apaixonadamente curioso.;I have no special talent. I am only passionately curious.;Carta a Carl Seelig, 11 de março de 1952;A;"Fase 119 (10/10/2026): corrigida — O original registrado estava em inglês; a carta foi escrita em alemão. Original substituído pelo texto alemão. | evidência: Carta a Carl Seelig, 11/03/1952 (Arquivo ETH Zurique; Einstein Archives 39-013), conforme Mental Floss e edições em alemão"
f281re33d9d;Isaac Newton;Se vi mais longe, foi por estar sobre ombros de gigantes.;If I have seen further it is by standing on the shoulders of Giants.;Carta a Robert Hooke, 5 de fevereiro de 1676;A;"Fase 119 (10/10/2026): corrigida — Original ajustado à grafia do manuscrito (“ye”). | evidência: Carta a Robert Hooke, 5/02/1675-6 (Historical Society of Pennsylvania, coleção Gratz; Linda Hall Library)"
f281ttyq5ar;Galileu Galilei;A filosofia está escrita neste grandíssimo livro que continuamente permanece aberto diante de nossos olhos: o universo.;La filosofia è scritta in questo grandissimo libro che continuamente ci sta aperto innanzi agli occhi.;O Ensaiador (1623), capítulo 6;A;"Fase 119 (10/10/2026): corrigida — O português traduz também “(io dico l’universo)”; original completado. | evidência: Il Saggiatore (1623), in Opere, vol. VI, p. 232 (Inters.org; Mathematical Association of America)"
f281v8ph4xa;Carl Sagan;Somos feitos de poeira de estrelas.;We are made of star stuff.;Cosmos (1980), episódio 1;A;"Fase 119 (10/10/2026): confirmada — Série Cosmos (1980), episódio 1, “The Shores of the Cosmic Ocean” (The Planetary Society; Live Science)"
f281xhey9uk;Carl Sagan;"A ciência é mais do que um corpo de conhecimento; é um modo de pensar.";"Science is more than a body of knowledge; it is a way of thinking.";O Mundo Assombrado pelos Demônios (1995), capítulo 2;A;"Fase 119 (10/10/2026): removida do catálogo ativo — Redação exata não confirmada em O Mundo Assombrado pelos Demônios (1995); a ideia aparece em resumos do livro, mas nenhuma fonte consultável reproduz a frase com localização."
f281yq4feru;Stephen Hawking;Por mais difícil que a vida possa parecer, há sempre algo que você pode fazer e no que pode ter sucesso.;However difficult life may seem, there is always something you can do and succeed at.;Discurso de abertura das Paralimpíadas de Londres, 29 de agosto de 2012;A;"Fase 119 (10/10/2026): corrigida — fonte e redação: não é do discurso das Paralimpíadas | evidência: Entrevista coletiva em Hong Kong, 13/06/2006 (registro do Education Bureau de Hong Kong; Wikiquote)"
f2820eur45y;Stephen Hawking;Lembre-se de olhar para as estrelas e não para os seus pés.;Remember to look up at the stars and not down at your feet.;Discurso em Oxford, 2016;A;"Fase 119 (10/10/2026): corrigida — fonte errada; orig sem “Remember to” | evidência: Abertura dos Jogos Paralímpicos de Londres, 29/08/2012: “Look up at the stars, and not down at your feet.” (Al Arabiya; Channel 4)"
f2822ho66tf;Charles Darwin;A ignorância gera confiança com mais frequência do que o conhecimento.;Ignorance more frequently begets confidence than does knowledge.;A Origem do Homem (1871), introdução;A;Fase 119 (10/10/2026): confirmada — The Descent of Man (Project Gutenberg #2300, espelho GITenberg)
f2823g4up09;Nikola Tesla;"O presente é deles; o futuro, pelo qual realmente trabalhei, é meu.";"The present is theirs; the future, for which I really worked, is mine.";Registrado em entrevista à imprensa americana;A;"Fase 119 (10/10/2026): removida do catálogo ativo — Sem fonte primária: coletâneas datam a frase de 07/01/1905 sem indicar texto, carta ou entrevista; redação varia."
f2825m0wra2;Alan Turing;Podemos ver apenas um pouco à frente, mas podemos ver muita coisa que precisa ser feita.;We can only see a short distance ahead, but we can see plenty there that needs to be done.;Máquinas de Computação e Inteligência (1950), última linha;A;Fase 119 (10/10/2026): confirmada — “Computing Machinery and Intelligence”, Mind 59 (1950), última frase do artigo
f2827o2o30y;Ada Lovelace;A Máquina Analítica tece padrões algébricos assim como o tear de Jacquard tece flores e folhas.;The Analytical Engine weaves algebraical patterns just as the Jacquard-loom weaves flowers and leaves.;Notas sobre o Motor Analítico (1843), nota A;A;"Fase 119 (10/10/2026): confirmada — Notas de Ada Lovelace (1843), nota A; Bodleian Library e reproduções do texto"
f2828k8dci1;Jane Goodall;Cada indivíduo importa. Cada indivíduo tem um papel. Cada indivíduo faz diferença.;Every individual matters. Every individual has a role to play. Every individual makes a difference.;Razão para Esperança (1999);A;"Fase 119 (10/10/2026): removida do catálogo ativo — Redação não localizada em Reason for Hope (1999); o lema aparece em materiais institucionais sem obra datada."
f2829dknjbn;Jane Goodall;Só se preocupa quem entende, e só entende quem aprende.;Only if we understand can we care. Only if we care will we help.;Palestra registrada;A;"Fase 119 (10/10/2026): corrigida — tradução invertia a ordem da frase original; fonte genérica | evidência: “Chimpanzees — Bridging the Gap”, em The Great Ape Project (1993), p. 14; reproduzido pelo Jane Goodall Institute"
f282age2lz4;Rosalind Franklin;A ciência e a vida cotidiana não podem e não devem ser separadas.;Science and everyday life cannot and should not be separated.;Carta a Ellis Franklin, verão de 1940;A;"Fase 119 (10/10/2026): confirmada — Carta ao pai, Ellis Franklin (c. verão de 1940), reproduzida em Brenda Maddox, Rosalind Franklin (2002); Quote Investigator (2021)"
f282ccajyhc;Grace Hopper;É mais fácil pedir perdão do que pedir permissão.;It’s easier to ask forgiveness than it is to get permission.;Entrevista à revista Computerworld, 1976;A;"Fase 119 (10/10/2026): corrigida — A fonte registrada (Computerworld, 1976) não corresponde a esta frase; a forma registrada é a da entrevista à Chips Ahoy (1986). Hopper popularizou o ditado, que já circulava antes. | evidência: Wikiquote: Chips Ahoy, revista da Marinha dos EUA, julho de 1986; Barry Popik; Yale Book of Quotations (Computerworld, 1984)"
f282ddtvgai;Grace Hopper;A frase mais perigosa da língua é: sempre fizemos assim.;The most dangerous phrase in the language is: we’ve always done it this way.;Entrevista registrada;A;"Fase 119 (10/10/2026): removida do catálogo ativo — A forma corrente (“The most dangerous phrase in the language…”) é reescrita popular; o registro mais antigo (Computerworld, 1976, segundo o Quote Investigator) tem outra redação, que não pôde ser conferida."
f282gol3wyo;Anne Frank;Que maravilha é que ninguém precise esperar um único momento antes de começar a melhorar o mundo.;Wat is het heerlijk, dat niemand ook maar een ogenblik hoeft te wachten met het verbeteren van de wereld.;Diário de Anne Frank, 26 de março de 1944;A;"Fase 119 (10/10/2026): corrigida — a frase não está no diário, e sim no conto “Dar”, da mesma data | evidência: A frase é do conto “Geven” (“Dar”), datado de 26/03/1944, escrito por Anne Frank no esconderijo; versões alemã e inglesa (Cidade de Nuremberg; Anne Frank Huis)"
f282h8ph4xa;Anne Frank;Papel tem mais paciência que gente.;Papier is geduldiger dan mensen.;Diário de Anne Frank, 20 de junho de 1942;A;"Fase 119 (10/10/2026): confirmada — Diário, entrada de 20/06/1942 (traduções inglesas: “Paper has more patience than people”; NCERT; World Holocaust Forum)"
f282i4lyhfi;Primo Levi;Se isto é um homem.;Se questo è un uomo.;Se Isto é um Homem (1947), título e poema de abertura;A;Fase 119 (10/10/2026): confirmada — Se questo è un uomo (1947), título e poema de abertura
f282jai0jpb;Primo Levi;Aconteceu, portanto pode acontecer de novo.;È accaduto, quindi può accadere di nuovo.;Os Afogados e os Sobreviventes (1986), conclusão;A;Fase 119 (10/10/2026): corrigida — orig com “accaduto” em vez de “avvenuto” | evidência: I sommersi e i salvati (1986), conclusão: “È avvenuto, quindi può accadere di nuovo: questo è il nocciolo di quanto abbiamo da dire.”
f282ke33d9d;Nelson Mandela;Ninguém nasce odiando outra pessoa pela cor de sua pele.;No one is born hating another person because of the colour of his skin.;Longo Caminho para a Liberdade (1994), capítulo 115;A;"Fase 119 (10/10/2026): corrigida — número do capítulo não confirmado | evidência: Long Walk to Freedom (1994), parte final; trecho reproduzido em materiais escolares e resenhas"
f282lzccdmu;Martin Luther King Jr.;Eu tenho um sonho: que meus quatro filhos um dia vivam numa nação onde não serão julgados pela cor da pele, mas pelo conteúdo de seu caráter.;I have a dream that my four little children will one day live in a nation where they will not be judged by the color of their skin but by the content of their character.;Discurso na Marcha sobre Washington, 28 de agosto de 1963;A;Fase 119 (10/10/2026): confirmada — “I Have a Dream”, discurso na Marcha sobre Washington, 28/08/1963 (transcrição dos Arquivos Nacionais e do King Center)
f282mmski6n;Martin Luther King Jr.;No fim, não lembraremos das palavras dos nossos inimigos, mas do silêncio dos nossos amigos.;In the End, we will remember not the words of our enemies, but the silence of our friends.;Discurso em Saint Augustine, Flórida, 1964;A;"Fase 119 (10/10/2026): removida do catálogo ativo — Sem evidência de que King tenha dito a frase; a formulação verificada de King é a do “silêncio terrível das pessoas boas” (Stride Toward Freedom, 1958; Carta de Birmingham, 1963)."
f282nu7y29m;Rosa Parks;As pessoas sempre dizem que não cedi o lugar porque estava cansada. A única coisa de que eu estava cansada era de ceder.;People always say that I didn’t give up my seat because I was tired. The only tired I was, was tired of giving in.;Rosa Parks: Minha História (1992);A;Fase 119 (10/10/2026): corrigida — orig fundia duas frases sem indicar o corte | evidência: Rosa Parks: My Story (1992), relato da prisão de 1955: “People always say that I didn’t give up my seat because I was tired, but that isn’t true. […] No, the only tired I was, was tired of giving in.”
f282o5w229t;Sojourner Truth;E eu não sou uma mulher?;And ain’t I a woman?;Discurso na Convenção dos Direitos da Mulher, Akron, Ohio, 1851;A;"Fase 119 (10/10/2026): corrigida — a redação é da versão de 1863, não do relato de 1851 | evidência: Versão de Frances Gage (1863), reproduzida pelo National Park Service e por edições escolares; relato de Marius Robinson (1851) sem o refrão"
f282pj7homl;Frederick Douglass;O poder não concede nada sem uma exigência. Nunca concedeu e nunca concederá.;Power concedes nothing without a demand. It never did and it never will.;Discurso sobre a emancipação nas Índias Ocidentais, 3 de agosto de 1857;A;Fase 119 (10/10/2026): confirmada — The Frederick Douglass Papers, série 1, vol. 3 (Yale, 1985), p. 204: “The Significance of Emancipation in the West Indies”, Canandaigua, 03/08/1857
f282sbs44jm;Malcolm X;Sou a favor da verdade, não importa quem a diga.;I’m for truth, no matter who tells it.;Entrevista registrada, 1965;A;Fase 119 (10/10/2026): corrigida — fonte genérica (“entrevista”) | evidência: The Autobiography of Malcolm X (1965), cartas de Meca: “I’m for truth, no matter who tells it. I’m for justice…”
f282tecba88;Abraham Lincoln;Com malícia para com ninguém, com caridade para com todos.;With malice toward none, with charity for all.;Segundo Discurso de Posse, 4 de março de 1865;A;Fase 119 (10/10/2026): confirmada — The Papers and Writings of Abraham Lincoln (Project Gutenberg #3253, espelho GITenberg)
f282uf3z14t;Abraham Lincoln;Uma casa dividida contra si mesma não pode permanecer de pé.;A house divided against itself cannot stand.;Discurso em Springfield, Illinois, 16 de junho de 1858;A;Fase 119 (10/10/2026): confirmada — The Papers and Writings of Abraham Lincoln (Project Gutenberg #3253, espelho GITenberg)
f282w2tf2nh;Simón Bolívar;Arei no mar.;He arado en el mar.;Carta a Juan José Flores, 9 de novembro de 1830;A;Fase 119 (10/10/2026): confirmada — Carta a Juan José Flores, 09/11/1830: “los que han servido a la revolución han arado en el mar”
f282y43inhs;Václav Havel;Viver na verdade.;Žít v pravdě.;O Poder dos Sem-Poder (1978);A;Fase 119 (10/10/2026): confirmada — Moc bezmocných (1978): “život v pravdě”
f282zm0wra2;Kofi Annan;O conhecimento é poder. A informação é libertadora. A educação é a premissa do progresso.;Knowledge is power. Information is liberating. Education is the premise of progress.;Discurso registrado nas Nações Unidas;A;"Fase 119 (10/10/2026): corrigida — fonte genérica; frase completa termina em “in every society, in every family” | evidência: Discurso na conferência Global Knowledge ’97 do Banco Mundial, Toronto, 22/06/1997 (comunicado ONU SG/SM/6268; relatório IISD/ENB)"
f28307olh1u;Michelle Obama;Quando eles descem, nós subimos.;When they go low, we go high.;Discurso na Convenção Nacional Democrata, 25 de julho de 2016;A;Fase 119 (10/10/2026): confirmada — Discurso na Convenção Nacional Democrata, 25/07/2016: “Our motto is, when they go low, we go high.”
f2832hxe3sa;Desmond Tutu;Se você é neutro em situações de injustiça, escolheu o lado do opressor.;If you are neutral in situations of injustice, you have chosen the side of the oppressor.;Discurso registrado;A;Fase 119 (10/10/2026): corrigida — Fonte genérica substituída pelo registro mais antigo localizado. | evidência: Robert McAfee Brown, Unexpected News: Reading the Bible with Third World Eyes (1984), p. 19, que cita Tutu (Wikiquote)
f2834dtvgai;Rosa Luxemburgo;Liberdade é sempre a liberdade de quem pensa diferente.;Freiheit ist immer die Freiheit des Andersdenkenden.;A Revolução Russa (1918), nota manuscrita;A;Fase 119 (10/10/2026): corrigida — orig com artigo a mais | evidência: Die russische Revolution (escrito em 1918, publicado em 1922), nota manuscrita: “Freiheit ist immer Freiheit des Andersdenkenden.”
f28396wxq59;Leonardo da Vinci;Quem pouco pensa, muito erra.;Chi poco pensa, molto erra.;Anotação nos cadernos de Leonardo;A;"Fase 119 (10/10/2026): corrigida — fonte genérica | evidência: Manuscrito H, fol. 119r (Wikiquote it.); Richter, The Notebooks of Leonardo da Vinci, § 1192: “He who thinks little, errs much.” (Project Gutenberg #5000, espelho GITenberg)"
f283dhxe3sa;Pablo Picasso;Todos nascem artistas. O problema é continuar artista depois de crescer.;Every child is an artist. The problem is how to remain an artist once we grow up.;Entrevista registrada;A;"Fase 119 (10/10/2026): removida do catálogo ativo — Quote Investigator: sem fonte verificada; aparece pela primeira vez na Time em 1976, três anos após a morte de Picasso."
f283fma4o8x;Vincent van Gogh;Grandes coisas não são feitas por impulso, mas por uma série de pequenas coisas reunidas.;Great things are not done by impulse, but by a series of small things brought together.;Carta a Theo van Gogh, 22 de outubro de 1882;A;Fase 119 (10/10/2026): removida do catálogo ativo — Quote Investigator: a frase é uma condensação de trechos não contíguos da carta 274 (22/10/1882), não uma frase de Van Gogh.
f283ibiw7kr;Frida Kahlo;Pés, para que os quero, se tenho asas para voar?;Pies, ¿para qué los quiero si tengo alas para volar?;Diário de Frida Kahlo, anotação de 1953;A;"Fase 119 (10/10/2026): corrigida — Original ajustado à grafia do diário (“pa’ volar”); fonte especificada. | evidência: Diário de Frida Kahlo (1953), legenda de desenho reproduzida em Hayden Herrera, Frida (1983), p. 415 (Wikiquote; Culturagenial)"
f283lgnaixz;Ludwig van Beethoven;"Agarrarei o destino pela garganta; ele não me dobrará por completo.";Ich will dem Schicksal in den Rachen greifen.;Carta a Franz Wegeler, 16 de novembro de 1801;A;Fase 119 (10/10/2026): confirmada — Beethoven, the Man and the Artist, as Revealed in His Own Words, n. 177 (carta a Wegeler, 16/11/1801) (Project Gutenberg #3528, espelho GITenberg)
f283pcjrvg7;Charles Chaplin;Precisamos mais de bondade do que de inteligência.;More than machinery, we need humanity. More than cleverness, we need kindness and gentleness.;O Grande Ditador (1940), discurso final;A;"Fase 119 (10/10/2026): corrigida — O português resumia o original (“Precisamos mais de bondade do que de inteligência”); substituído por tradução fiel das duas frases. | evidência: Discurso final de The Great Dictator (1940): transcrição no site oficial charliechaplin.com e em Rev"
f283r9qcssq;Charles Chaplin;Pensamos demais e sentimos muito pouco.;We think too much and feel too little.;O Grande Ditador (1940), discurso final;A;Fase 119 (10/10/2026): confirmada — Discurso final de The Great Dictator (1940): transcrição no site oficial charliechaplin.com e em Rev
f283se33d9d;Walt Disney;A maneira de começar é parar de falar e começar a fazer.;The way to get started is to quit talking and begin doing.;Entrevista registrada;A;Fase 119 (10/10/2026): corrigida — fonte genérica | evidência: Snopes classifica a atribuição a Disney como “Mostly True” (ligada a seus primeiros negócios)
f283zq4feru;Michael Jordan;Errei mais de nove mil arremessos na carreira. Perdi quase trezentos jogos. É por isso que tenho sucesso.;I’ve missed more than 9000 shots in my career. I’ve lost almost 300 games.;Comercial da Nike, 1997;A;"Fase 119 (10/10/2026): corrigida — orig truncado; texto português incluía frase final ausente do orig | evidência: Comercial “Failure” da Nike (1997); texto de Jamie Barrett narrado por Jordan (Shmoop; WARC)"
f2840l013em;Michael Jordan;O talento vence jogos, mas o trabalho em equipe e a inteligência ganham campeonatos.;Talent wins games, but teamwork and intelligence win championships.;I Can’t Accept Not Trying (1994);A;"Fase 119 (10/10/2026): confirmada — I Can’t Accept Not Trying (1994) (Wikiquote; Entrepreneur)"
f2842dknjbn;Serena Williams;A pressão é um privilégio. Ela só vem para quem merece.;Pressure is a privilege.;Entrevistas registradas — a própria Serena credita a frase a Billie Jean King em diversas ocasiões documentadas;A;"Fase 119 (10/10/2026): removida do catálogo ativo — A frase é de Billie Jean King (título do seu livro de 2008); a própria Serena Williams a credita a ela."
f2843cajyhc;Vince Lombardi;Não é se você foi derrubado, é se você se levanta.;It’s not whether you get knocked down, it’s whether you get up.;Registrado por jogadores e biógrafos;A;"Fase 119 (10/10/2026): removida do catálogo ativo — Sem fonte localizada (Gracious Quotes: “original not yet located”); redação varia."
f2844n1sf5i;Vince Lombardi;A perfeição não é alcançável, mas se perseguirmos a perfeição podemos alcançar a excelência.;Perfection is not attainable, but if we chase perfection we can catch excellence.;Discurso registrado a jogadores;A;"Fase 119 (10/10/2026): corrigida — fonte genérica | evidência: Bart Starr, em Jerry Kramer, Distant Replay (1985): fala de Lombardi na primeira reunião com os Packers (1959); Barry Popik"
f2845cajyhc;Muhammad Ali;Flutue como uma borboleta, ferroe como uma abelha.;Float like a butterfly, sting like a bee.;Slogan criado por Drew Bundini Brown e adotado por Ali, 1964;A;Fase 119 (10/10/2026): confirmada — Lema criado por Drew Bundini Brown e usado por Ali em 1964 (registro da fonte)
f284ao2o30y;Thich Nhat Hanh;O milagre não é andar sobre as águas. O milagre é andar sobre a terra verde no momento presente.;The miracle is not to walk on water. The miracle is to walk on the green earth in the present moment.;O Milagre da Atenção Plena (1975);A;"Fase 119 (10/10/2026): corrigida — obra errada | evidência: A redação do orig é de Touching Peace (1992); em The Miracle of Mindfulness o texto é outro (“the real miracle is not to walk either on water or in thin air, but to walk on earth”)"
f284h6ehw7j;Santo Agostinho;Ama e faze o que quiseres.;Dilige et quod vis fac.;Homilias sobre a Primeira Carta de João (407), homilia VII, 8;A;Fase 119 (10/10/2026): confirmada — In epistolam Ioannis ad Parthos, tratado VII, 8 (PL 35, 2033): “Dilige, et quod vis fac.”
f284intg623;Abraham Maslow;Se a única ferramenta que você tem é um martelo, é tentador tratar tudo como se fosse um prego.;If the only tool you have is a hammer, it is tempting to treat everything as if it were a nail.;A Psicologia da Ciência (1966), capítulo 2;A;"Fase 119 (10/10/2026): corrigida — A ordem das palavras do original registrado estava alterada; ajustada à redação do livro (“it is tempting, if the only tool you have is a hammer, to treat everything as if it were a nail”). | evidência: Wikipedia “Law of the instrument”; Quote Investigator (2014); Yale Book of Quotations (via ADS-L): The Psychology of Science (1966), cap. 2, p. 15–16"
f284jntg623;Carol Dweck;A visão que você adota sobre si mesmo afeta profundamente a maneira como você conduz sua vida.;The view you adopt for yourself profoundly affects the way you lead your life.;Mindset: A Nova Psicologia do Sucesso (2006), capítulo 1;A;"Fase 119 (10/10/2026): confirmada — Mindset (2006), cap. 1 “The Mindsets”, p. 6 (“My research has shown that the view you adopt for yourself profoundly affects the way you lead your life”) — resumo do IIT Delhi; SuperSummary"
f284lfd6y3o;Angela Duckworth;A garra é paixão e perseverança por objetivos de longo prazo.;Grit is passion and perseverance for very long-term goals.;Garra (2016), capítulo 1;A;"Fase 119 (10/10/2026): corrigida — A definição foi dita na palestra TED de 2013; não se confirmou a redação no capítulo 1 do livro. Fonte corrigida. | evidência: Transcrição da palestra TED “Grit: the power of passion and perseverance” (2013), licença CC BY-NC-ND 4.0"
f284mb9oalw;Angela Duckworth;"O talento conta uma vez; o esforço conta duas.";Talent counts once, effort counts twice.;Garra (2016), capítulo 3;A;"Fase 119 (10/10/2026): corrigida — A forma registrada (“Talent counts once, effort counts twice”) não foi confirmada como texto do livro; o capítulo 3 se intitula “Effort Counts Twice”. Original e tradução ajustados ao título conferido. | evidência: Grit (2016), título do cap. 3, “Effort Counts Twice”"
f284qip1uov;Donald Winnicott;Não existe isso de um bebê. Onde há um bebê, há também alguém cuidando dele.;There is no such thing as a baby.;Comunicação à Sociedade Britânica de Psicanálise, 1940;A;"Fase 119 (10/10/2026): corrigida — O português acrescentava uma frase que não está no original registrado; e a frase foi publicada no artigo de 1952, onde Winnicott relata tê-la dito numa reunião por volta de 1940. Tradução e fonte ajustadas. | evidência: “Anxiety Associated with Insecurity” (1952), reproduzido em Through Paediatrics to Psycho-Analysis (1958); Collected Works of D. W. Winnicott, vol. 12"
f284vobvzzt;Elisabeth Kübler-Ross;As pessoas mais belas que conhecemos são aquelas que conheceram a derrota, o sofrimento e a luta.;The most beautiful people we have known are those who have known defeat, suffering, struggle, loss.;Morte: O Estágio Final da Evolução (1975);A;Fase 119 (10/10/2026): removida do catálogo ativo — Não conferida em Death: The Final Stage of Growth (1975): a frase só aparece em sites de citações, sem página.
f284ydbfmcs;John Bogle;No investimento, você recebe aquilo pelo que não paga.;In investing, you get what you don’t pay for.;O Livrinho do Investimento de Bom Senso (2007);A;"Fase 119 (10/10/2026): corrigida — orig era a forma curta de palestras; substituída pela passagem do livro indicado | evidência: The Little Book of Common Sense Investing (2007): “…not only don’t get what we pay for, we get precisely what we don’t pay for. So if we pay for nothing, we get everything.”; a forma curta é de palestras"
f284zai0jpb;Ray Dalio;A dor mais a reflexão é igual a progresso.;Pain plus reflection equals progress.;Princípios (2017);A;Fase 119 (10/10/2026): confirmada — Principles (2017): “Pain + Reflection = Progress”
f2851ai0jpb;Howard Marks;Você não pode prever, mas pode se preparar.;You can’t predict. You can prepare.;O Mais Importante para o Investidor (2011);A;Fase 119 (10/10/2026): corrigida — A frase é o título do memorando de 2001, não do livro de 2011. Fonte corrigida. | evidência: Memorando de Howard Marks aos clientes da Oaktree, “You Can’t Predict. You Can Prepare.”, 20/11/2001 (oaktreecapital.com)
f2852659z8o;Milton Friedman;Não existe almoço grátis.;There’s no such thing as a free lunch.;There’s No Such Thing as a Free Lunch (1975), título do livro;A;Fase 119 (10/10/2026): confirmada — Título do livro de 1975
f28539h4vtv;John Maynard Keynes;No longo prazo, estaremos todos mortos.;In the long run we are all dead.;Um Tratado sobre a Reforma Monetária (1923), capítulo 3;A;Fase 119 (10/10/2026): confirmada — A Tract on Monetary Reform (1923), cap. III: “In the long run we are all dead.” (Project Gutenberg #65278, espelho GITenberg)
f2854gwifwu;John Maynard Keynes;A dificuldade não está nas ideias novas, mas em escapar das antigas.;The difficulty lies not so much in developing new ideas as in escaping from old ones.;Teoria Geral do Emprego, do Juro e da Moeda (1936), prefácio;A;Fase 119 (10/10/2026): corrigida — orig era versão popular (“not so much in developing new ideas”) | evidência: The General Theory (1936), prefácio de 13/12/1935: “The difficulty lies, not in the new ideas, but in escaping from the old ones, which ramify…”
f2855ho66tf;Amartya Sen;Nenhuma fome jamais ocorreu em um país democrático com imprensa livre.;No famine has ever taken place in the history of the world in a functioning democracy.;Desenvolvimento como Liberdade (1999), capítulo 6;A;Fase 119 (10/10/2026): corrigida — O português acrescentava “com imprensa livre”, que não está no texto, e o original registrado inseria “ever”. Original, tradução e localização ajustados. | evidência: Development as Freedom (1999), p. 16 da edição em brochura (Crooked Timber, 2005, cita a passagem literalmente)
f28589qcssq;Andrew Carnegie;O homem que morre rico morre desonrado.;The man who dies thus rich dies disgraced.;O Evangelho da Riqueza (1889), artigo na North American Review;A;"Fase 119 (10/10/2026): confirmada — “Wealth”, North American Review 148 (jun. 1889) (Wikipedia; carnegie.org)"
f2859g4up09;Jack Ma;Hoje é difícil, amanhã será pior, mas depois de amanhã será lindo.;Today is cruel, tomorrow is crueller, and the day after tomorrow is beautiful.;Palestra registrada;A;"Fase 119 (10/10/2026): removida do catálogo ativo — Fonte genérica (“palestra registrada”); a frase circula em versões diferentes (“cruel/brutal”) sem discurso datado localizável."
f285anb0c4d;Howard Schultz;"Não estamos no negócio de café servindo pessoas; estamos no negócio de pessoas servindo café.";We’re not in the coffee business serving people, we’re in the people business serving coffee.;Dedique-se de Coração (1997);A;"Fase 119 (10/10/2026): removida do catálogo ativo — No livro, a frase é atribuída a Howard Behar, executivo da Starbucks, não a Schultz; atribuição registrada incorreta."
f285cd27pdx;Melinda French Gates;Uma mulher com voz é, por definição, uma mulher forte.;A woman with a voice is by definition a strong woman.;O Momento de Voar (2019);A;Fase 119 (10/10/2026): corrigida — a frase é de um discurso de 2003, não do livro de 2019 | evidência: Discurso de Melinda French Gates no Powerful Voices Luncheon (2003), transcrição no site da Fundação Gates
f285d97wyv0;Oprah Winfrey;Transforme suas feridas em sabedoria.;Turn your wounds into wisdom.;Entrevista registrada;A;Fase 119 (10/10/2026): corrigida — fonte genérica | evidência: Oprah’s SuperSoul Conversations (podcast), episódio “Broken Open”: “This is what I mean when I say turn your wounds into wisdom”
f31412n5jq0;Johann Wolfgang von Goethe;Toda teoria é cinzenta, meu caro amigo, e verde é a árvore dourada da vida.;Grau, teurer Freund, ist alle Theorie, und grün des Lebens goldner Baum.;Fausto, parte I (1808), cena do Estudante;A;Fase 119 (10/10/2026): confirmada — Faust I (Project Gutenberg #2229, espelho GITenberg)
f315zyjnup;Johann Wolfgang von Goethe;Sou parte daquela força que sempre quer o mal e sempre produz o bem.;Ich bin ein Teil von jener Kraft, die stets das Böse will und stets das Gute schafft.;Fausto, parte I (1808), fala de Mefistófeles;A;Fase 119 (10/10/2026): corrigida — Original ajustado ao texto (“Ein Teil von jener Kraft…”, resposta a “Wer bist du denn?”). | evidência: Faust I, cena Quarto de Estudo (Project Gutenberg #2229, espelho GITenberg)
f316o5gytr;Johann Wolfgang von Goethe;Nada é mais terrível que a ignorância em ação.;Es ist nichts schrecklicher als eine tätige Unwissenheit.;Máximas e Reflexões (1833), n. 231;A;"Fase 119 (10/10/2026): corrigida — numeração da máxima errada | evidência: Maximen und Reflexionen, n. 367 da numeração Hecker; publicada em Über Kunst und Altertum V (1826)"
f31h9nsdxi;William Shakespeare;Sê fiel a ti mesmo.;This above all: to thine own self be true.;Hamlet (c. 1601), ato I, cena 3;A;Fase 119 (10/10/2026): confirmada — Hamlet I.3 (Project Gutenberg #1122, espelho GITenberg)
f31j123tyy5;William Shakespeare;Amanhã, e amanhã, e amanhã, arrasta-se neste passo mesquinho de dia em dia.;Tomorrow, and tomorrow, and tomorrow, creeps in this petty pace from day to day.;Macbeth (c. 1606), ato V, cena 5;A;Fase 119 (10/10/2026): confirmada — Macbeth V.5 (Project Gutenberg #1129, espelho GITenberg)
f31nulbw43;Oscar Wilde;A vida imita a arte muito mais do que a arte imita a vida.;Life imitates Art far more than Art imitates Life.;A Decadência da Mentira (1889), ensaio;A;Fase 119 (10/10/2026): confirmada — Intentions (Project Gutenberg #887, espelho GITenberg)
f31p1494a1l;Voltaire;O trabalho afasta de nós três grandes males: o tédio, o vício e a necessidade.;Le travail éloigne de nous trois grands maux: l’ennui, le vice et le besoin.;Cândido (1759), capítulo 30;A;Fase 119 (10/10/2026): confirmada — Candide ou l’Optimisme (Project Gutenberg #59859, espelho GITenberg)
f31rgmyvzp;Jean-Paul Sartre;A existência precede a essência.;L’existence précède l’essence.;O Existencialismo é um Humanismo (1946);A;Fase 119 (10/10/2026): confirmada — L’existentialisme est un humanisme (conferência de 1945, publicada em 1946): “l’existence précède l’essence”
f31sdf1fcj;Jean-Paul Sartre;Estamos sós, sem desculpas.;Nous sommes seuls, sans excuses.;O Existencialismo é um Humanismo (1946);A;Fase 119 (10/10/2026): confirmada — L’existentialisme est un humanisme: “Nous sommes seuls, sans excuses. C’est ce que j’exprimerai en disant que l’homme est condamné à être libre.”
f31u180dbgm;Friedrich Nietzsche;E se você olhar longamente para um abismo, o abismo também olha para dentro de você.;Und wenn du lange in einen Abgrund blickst, blickt der Abgrund auch in dich hinein.;Além do Bem e do Mal (1886), aforismo 146;A;Fase 119 (10/10/2026): confirmada — Jenseits von Gut und Böse (Project Gutenberg #7204, espelho GITenberg)
f31va73ypd;Friedrich Nietzsche;Torna-te quem tu és.;Werde, der du bist.;A Gaia Ciência (1882), aforismo 270;A;"Fase 119 (10/10/2026): corrigida — A forma “Werde, der du bist!” está em Assim Falou Zaratustra, parte IV (“A Oferenda do Mel”); A Gaia Ciência 270 traz outra redação (“Du sollst der werden, der du bist”). Fonte corrigida para a obra em que o original registrado aparece. | evidência: Also sprach Zarathustra, parte IV, “Das Honig-Opfer” (Project Gutenberg #7205, espelho GITenberg)"
f31wv4ngvy;John Locke;Nenhum conhecimento humano pode ir além de sua experiência.;No man’s knowledge here can go beyond his experience.;Ensaio sobre o Entendimento Humano (1689), livro II, capítulo 1;A;Fase 119 (10/10/2026): confirmada — An Essay Concerning Humane Understanding, vol. 1 (Project Gutenberg #10615, espelho GITenberg)
f31z19mc1s7;Karl Marx;A história de todas as sociedades até hoje existentes é a história da luta de classes.;Die Geschichte aller bisherigen Gesellschaft ist die Geschichte von Klassenkämpfen.;Manifesto do Partido Comunista (1848), capítulo 1;A;Fase 119 (10/10/2026): confirmada — Manifest der Kommunistischen Partei (1848), seção I, primeira frase
f3111dyd04e;Michel Foucault;A alma é a prisão do corpo.;L’âme, prison du corps.;Vigiar e Punir (1975), parte I, capítulo 2;A;Fase 119 (10/10/2026): corrigida — capítulo errado | evidência: Surveiller et punir (1975), fim do cap. 1 da parte I (“Le corps des condamnés”): “l’âme, prison du corps”
f3114sg1l0n;Sêneca;Não é que temos pouco tempo, é que perdemos muito dele.;Non exiguum temporis habemus, sed multum perdidimus.;Sobre a Brevidade da Vida (49), capítulo 1;A;Fase 119 (10/10/2026): confirmada — Sêneca, De brevitate vitae (texto latino, The Latin Library, espelho cltk no GitHub)
f311f18jow8h;Carl Sagan;Se você quiser fazer uma torta de maçã do zero, primeiro precisa inventar o universo.;If you wish to make an apple pie from scratch, you must first invent the universe.;Cosmos (1980), episódio 9;A;"Fase 119 (10/10/2026): confirmada — Cosmos (1980), p. 218 (cap. 9, “The Lives of the Stars”), conforme Today in Science History; série de TV, episódio 9 de mesmo título"
f311g180dbgm;Isaac Newton;Não sei o que pareço ao mundo, mas para mim sou apenas um menino brincando na praia.;I do not know what I may appear to the world, but to myself I seem to have been only like a boy playing on the sea-shore.;Registrado por Joseph Spence em Anecdotes (1820);A;"Fase 119 (10/10/2026): corrigida — Original ajustado ao texto de Spence; a fala não aparece nos escritos de Newton e foi publicada postumamente como relato de terceiros. | evidência: Joseph Spence, Anecdotes (publ. 1820), relato atribuído a Andrew Michael Ramsay (Today in Science History; Simon Schaffer)"
f311mtioqkd;Coco Chanel;A simplicidade é a chave de toda a verdadeira elegância.;La simplicité est la clé de la véritable élégance.;Entrevista registrada;A;Fase 119 (10/10/2026): removida do catálogo ativo — Atribuição não documentada: circula em várias redações francesas e inglesas sem entrevista, livro ou data identificados.
f311n1iqsuxu;J.K. Rowling;A felicidade pode ser encontrada mesmo nas horas mais sombrias, se a pessoa se lembrar de acender a luz.;Happiness can be found even in the darkest of times, if one only remembers to turn on the light.;Harry Potter e o Prisioneiro de Azkaban (1999), capítulo 22;A;"Fase 119 (10/10/2026): removida do catálogo ativo — A frase é do roteiro do filme de 2004 (Steve Kloves), não do livro de 1999; atribuição a J.K. Rowling e ao capítulo 22 não se sustenta."
f3125vnz1nt;Bertrand Russell;A boa vida é inspirada pelo amor e guiada pelo conhecimento.;The good life is one inspired by love and guided by knowledge.;O Que Eu Acredito (1925), capítulo 2;A;"Fase 119 (10/10/2026): confirmada — What I Believe (1925), cap. 2 “The Good Life” (sumário do Project Gutenberg #73782; Humanists UK; The Marginalian)"
f3129ke7xeq;Sigmund Freud;O ego não é senhor em sua própria casa.;Das Ich ist nicht Herr im eigenen Haus.;Uma Dificuldade da Psicanálise (1917);A;Fase 119 (10/10/2026): corrigida — orig era forma popular | evidência: Eine Schwierigkeit der Psychoanalyse (1917): “…kommen der Behauptung gleich, daß das Ich nicht Herr sei in seinem eigenen Haus.” (Project Gutenberg #29097, espelho GITenberg)
f312av4ngvy;Erich Fromm;A tarefa principal do homem na vida é dar à luz a si mesmo.;Man’s main task in life is to give birth to himself.;O Homem para Si Mesmo (1947);A;"Fase 119 (10/10/2026): removida do catálogo ativo — Versão abreviada da mesma frase de O Homem para Si Mesmo, já registrada por inteiro; duplicata."
f312e11kie6a;Peter Drucker;"Eficiência é fazer as coisas direito; eficácia é fazer as coisas certas.";"Efficiency is doing things right; effectiveness is doing the right things.";O Gerente Eficaz (1967);A;"Fase 119 (10/10/2026): corrigida — a fórmula do orig é resumo popular; substituída pela passagem localizada | evidência: Quote Investigator: Drucker, “Managing for Business Effectiveness”, Harvard Business Review (1963): “It is fundamentally the confusion between effectiveness and efficiency that stands between doing the right things and doing things right.”"
f312g15brflb;John C. Maxwell;Um líder é alguém que conhece o caminho, percorre o caminho e mostra o caminho.;A leader is one who knows the way, goes the way, and shows the way.;As 21 Irrefutáveis Leis da Liderança (1998);A;"Fase 119 (10/10/2026): removida do catálogo ativo — Frase famosa, mas sem obra, capítulo ou página localizáveis; aparece só em coletâneas (Life Wisdom) e sites de citação, não confirmada no capítulo da Lei da Navegação."
f312ikxji6l;Seth Godin;Pessoas como nós fazem coisas como esta.;People like us do things like this.;Isto é Marketing (2018);A;Fase 119 (10/10/2026): confirmada — This Is Marketing (2018): lema central do livro sobre cultura e status
f312j15brflb;Seth Godin;"Não encontre clientes para seus produtos; encontre produtos para seus clientes.";Don’t find customers for your products, find products for your customers.;Isto é Marketing (2018);A;Fase 119 (10/10/2026): corrigida — obra não confirmada | evidência: Seth Godin lista a frase entre os “building blocks of marketing” no próprio blog (Gracious Quotes, verificada)
f312l17h1qor;Peter Thiel;"Todas as empresas felizes são diferentes; todas as empresas fracassadas são iguais.";All happy companies are different. All failed companies are the same.;De Zero a Um (2014), capítulo 3;A;Fase 119 (10/10/2026): confirmada — Zero to One (2014), cap. 3 (orig abreviado da frase do livro)
f312noosjlm;Guy Kawasaki;As ideias são fáceis. A implementação é difícil.;Ideas are easy. Implementation is hard.;A Arte do Começo (2004);A;"Fase 119 (10/10/2026): removida do catálogo ativo — Não localizada em A Arte do Começo; atribuída em listas a uma palestra (Stanford eCorner) não conferida."
f312o1h4u4m9;Mihaly Csikszentmihalyi;Os melhores momentos ocorrem quando o corpo ou a mente são levados ao limite num esforço voluntário.;The best moments usually occur when a person’s body or mind is stretched to its limits in a voluntary effort.;Fluxo (1990), capítulo 1;A;Fase 119 (10/10/2026): corrigida — capítulo não confirmado | evidência: Flow (1990), introdução: “The best moments usually occur when a person’s body or mind is stretched to its limits in a voluntary effort to accomplish something difficult and worthwhile.”
f312r14sfutg;Warren Buffett;Leva vinte anos para construir uma reputação e cinco minutos para arruiná-la.;It takes 20 years to build a reputation and five minutes to ruin it.;Fala a estudantes registrada em vídeo;A;"Fase 119 (10/10/2026): removida do catálogo ativo — Quote Investigator (2026): o dito é anônimo (1891) e a ligação com Buffett é indireta (lembrança do filho em 1991); não há registro em fala ou texto dele."
f312szyjnup;Warren Buffett;Só quando a maré baixa é que se descobre quem estava nadando pelado.;Only when the tide goes out do you discover who’s been swimming naked.;Carta aos acionistas da Berkshire Hathaway, 2001;A;"Fase 119 (10/10/2026): corrigida — redação do orig não é a da carta indicada | evidência: Carta aos acionistas de 2001: “After all, you only find out who is swimming naked when the tide goes out.” (Fortune); a forma do orig é da carta de 2004"
f312tbt2p0y;Charlie Munger;Inverta, sempre inverta.;Invert, always invert.;Poor Charlie’s Almanack (2005);A;"Fase 119 (10/10/2026): confirmada — Poor Charlie’s Almanack (2005), palestras de Munger; ele atribui a máxima ao matemático Carl Jacobi (resumos e transcrições)"
f342xw0ri7;Maya Angelou;Tente ser um arco-íris na nuvem de alguém.;Try to be a rainbow in someone’s cloud.;Carta à Minha Filha (2008);A;"Fase 119 (10/10/2026): confirmada — Letter to My Daughter (2008), introdução: “Try to be a rainbow in someone’s cloud.” (Brain Pickings; Farnam Street)"
f3431f8wrjm;Maya Angelou;Você pode enfrentar muitas derrotas, mas não pode ser derrotado.;You may encounter many defeats, but you must not be defeated.;Carta à Minha Filha (2008), prefácio;A;"Fase 119 (10/10/2026): removida do catálogo ativo — A frase circula sem obra; não foi localizada em Letter to My Daughter."
f3451ijxpu6;Marguerite Yourcenar;A amizade é, antes de tudo, certeza — e é isso que a distingue do amor.;L’amitié est avant tout certitude, c’est ce qui la distingue de l’amour.;Memórias de Adriano (1951), seção Varius Multiplex Multiformis;A;"Fase 119 (10/10/2026): removida do catálogo ativo — Frase atribuída a Yourcenar só em coletâneas (Goodreads), sem obra; não localizada em Mémoires d’Hadrien."
f3471g2o049;Agatha Christie;A melhor hora para planejar um livro é enquanto se lava a louça.;The best time for planning a book is while you’re doing the dishes.;Uma Autobiografia (1977);A;"Fase 119 (10/10/2026): removida do catálogo ativo — Não está na Autobiografia de Agatha Christie (fonte registrada). Segundo o Quote Investigator, a frase aparece pela primeira vez em 1955, num anuário de citações (The American Peoples Encyclopedia), sem fonte; na entrevista de 1966 ao New York Times ela fala de planejar enredos ao lavar a louça, mas sem esta frase."
f3481rn9c57;Max Planck;"Para o crente, Deus está no princípio; para o cientista, no fim de toda reflexão.";Für den Gläubigen steht Gott am Anfang, für den Physiker am Schluss aller Überlegungen.;Religião e Ciência Natural (1937), conferência;A;Fase 119 (10/10/2026): removida do catálogo ativo — A redação alemã circula em versões diferentes (“Physiker/Wissenschaftler”, “Schluss/Ende”) sem texto da conferência de 1937 confirmado.
f34j1nih5a0;Arthur Schopenhauer;Cada um toma os limites do próprio campo de visão pelos limites do mundo.;Jeder hält das Ende seines Gesichtskreises für das der Welt.;Parerga e Paralipomena (1851), volume II;A;Fase 119 (10/10/2026): confirmada — Parerga und Paralipomena II, cap. 26 “Psychologische Bemerkungen”, § 338 (wist.info, com as traduções de Saunders e Payne)
f34m1gwf8ow;Francis Bacon;"A leitura torna o homem completo; a conversa, ágil; a escrita, exato.";"Reading maketh a full man; conference a ready man; and writing an exact man.";Ensaios (1625), Dos Estudos;A;Fase 119 (10/10/2026): confirmada — Bacon’s Essays (Project Gutenberg #56463, espelho GITenberg)
f34q1rn9c57;William James;O hábito é o enorme volante da sociedade, seu agente conservador mais precioso.;Habit is thus the enormous fly-wheel of society, its most precious conservative agent.;Princípios de Psicologia (1890), capítulo 4;A;Fase 119 (10/10/2026): confirmada — The Principles of Psychology, vol. 1 (Project Gutenberg #57628, espelho GITenberg)
f34w1b44kof;Bertrand Russell;"A ciência é o que sabemos; a filosofia é o que não sabemos.";Science is what you know, philosophy is what you don’t know.;Conferência O Valor da Filosofia, reproduzida em Ensaios Impopulares (1950);A;"Fase 119 (10/10/2026): corrigida — A frase não é da conferência “O Valor da Filosofia” nem de Ensaios Impopulares; a redação mais próxima está em Bertrand Russell Speaks His Mind (1960), p. 11. Fonte, original e tradução corrigidos. | evidência: Bertrand Russell Speaks His Mind (1960), p. 11 (Today in Science History); variante em “The Philosophy of Logical Atomism” (1918)"
f34121tartah;Dalai Lama;Amor e compaixão são necessidades, não luxos. Sem eles, a humanidade não sobrevive.;Love and compassion are necessities, not luxuries. Without them humanity cannot survive.;Uma Ética para o Novo Milênio (1999);A;"Fase 119 (10/10/2026): removida do catálogo ativo — Não confirmada em Uma Ética para o Novo Milênio (fonte registrada); circula sem obra ou com atribuição apenas de leitores a A Arte da Felicidade."
f34craik;Dinah Maria Craik;A amizade é o conforto indescritível de nos sentirmos seguros com uma pessoa, sem ter de pesar pensamentos nem medir palavras.;Oh, the comfort — the inexpressible comfort of feeling safe with a person — having neither to weigh thoughts nor measure words.;A Life for a Life (1859), capítulo 16;A;"Fase 119 (10/10/2026): corrigida — O português acrescentava “A amizade é”, que não está no original; substituído por tradução fiel do trecho conferido. | evidência: A Life for a Life, vol. II, cap. III (16º do romance) (Project Gutenberg #48482, espelho GITenberg)"
f630dtvgai;Simon Sinek;"As pessoas não compram o que você faz; elas compram por que você faz.";"People don’t buy what you do; they buy why you do it.";Comece pelo Porquê;A;Fase 119 (10/10/2026): confirmada — Start with Why (2009), cap. 3
f631r5b2na;Simon Sinek;Há líderes e há aqueles que lideram. Os líderes ocupam uma posição de poder ou de autoridade, mas aqueles que lideram nos inspiram.;There are leaders and there are those who lead. Leaders hold a position of power or authority, but those who lead inspire us.;Comece pelo Porquê;A;Fase 119 (10/10/2026): confirmada — Start with Why (2009), introdução
f632n1sf5i;Simon Sinek;"Os grandes líderes não são responsáveis pelo trabalho; são responsáveis pelas pessoas que fazem o trabalho.";Great leaders are not responsible for the job. They are responsible for the people who are responsible for the job.;Líderes se Servem por Último;A;"Fase 119 (10/10/2026): removida do catálogo ativo — Redação não localizada em Leaders Eat Last; a ideia aparece em palestra com outras palavras."
f634u7y29m;Michael Porter;A intensidade da concorrência em um setor não é questão de coincidência nem de má sorte: ela tem raízes na estrutura econômica do próprio setor.;The intensity of competition in an industry is neither a matter of coincidence nor bad luck. Rather, competition in an industry is rooted in its underlying economic structure.;Estratégia Competitiva;A;Fase 119 (10/10/2026): confirmada — Competitive Strategy (1980), cap. 1, “The Structural Analysis of Industries”, abertura
f635pv7hsz;Michael Porter;A vantagem competitiva nasce do valor que uma empresa consegue criar para seus compradores e que excede o custo de criá-lo.;Competitive advantage grows out of value a firm is able to create for its buyers that exceeds the firm’s cost of creating it.;Vantagem Competitiva;A;Fase 119 (10/10/2026): confirmada — Competitive Advantage (1985), cap. 1, p. 3 (citado em repositório da Universidade de Malta)
f636dknjbn;Jonathan Haidt;"As intuições vêm primeiro; o raciocínio estratégico vem depois.";Intuitions come first, strategic reasoning second.;A Mente Moralista;A;Fase 119 (10/10/2026): confirmada — The Righteous Mind (2012), parte I: primeiro princípio da psicologia moral
f637somkgg;Jonathan Haidt;A mente moral é como uma língua com seis receptores de sabor.;The righteous mind is like a tongue with six taste receptors.;A Mente Moralista;A;"Fase 119 (10/10/2026): corrigida — fonte sem ano e capítulo | evidência: The Righteous Mind (2012), cap. 6 (“Taste Buds of the Righteous Mind”); destaques de leitores da edição publicada (Goodreads) e resumos do livro"
f638iy9rnq;Jonathan Haidt;Substituímos a infância baseada em brincadeiras por uma infância baseada em telefones.;We have overprotected children in the real world and underprotected them online.;A Geração Ansiosa;A;"Fase 119 (10/10/2026): removida do catálogo ativo — O texto português não traduz o orig; e a redação exata do orig não foi confirmada no livro (fontes dão versões diferentes)."
f639ligxcc;Albert Bandura;Felizmente, a maior parte do comportamento humano é aprendida pela observação, por meio da modelação.;Fortunately, most human behavior is learned observationally through modeling.;Teoria da Aprendizagem Social;A;"Fase 119 (10/10/2026): confirmada — Social Learning Theory (1977), p. 22, conforme citações acadêmicas e de ensino (tecfa.unige.ch; Berkeley HR)"
f63ar5b2na;Albert Bandura;As teorias que explicam o comportamento humano como produto de forças unilaterais, internas ou externas, não resistem ao exame.;Theories that explain human behavior as the product of unidirectional forces do not stand up to examination.;Teoria da Aprendizagem Social;A;"Fase 119 (10/10/2026): removida do catálogo ativo — Redação não localizada em Social Learning Theory (1977) nem em citações do livro; sem correspondência verificável."
f63bmski6n;José Ortega y Gasset;A civilização não é dada, não se sustenta a si mesma. É artificial: quem quiser conservá-la precisa cuidar dela.;La civilización no es dada, no se sostiene a sí misma. Es artificial.;A Rebelião das Massas;A;"Fase 119 (10/10/2026): removida do catálogo ativo — Redação espanhola do orig não confirmada; a passagem conhecida diz “no está ahí… Es artificio y requiere un artista o artesano”, e o texto português acrescenta frase que não está no original."
f63cuh5z8h;José Ortega y Gasset;A característica do momento é que a alma medíocre, sabendo-se medíocre, tem o atrevimento de afirmar o direito da mediocridade e o impõe onde quer.;La característica del momento es que el alma vulgar, sabiéndose vulgar, tiene el denuedo de afirmar el derecho de la vulgaridad y lo impone donde quiere.;A Rebelião das Massas;A;"Fase 119 (10/10/2026): corrigida — orig com redação inexata (“La característica”, “donde quiere”); fonte sem capítulo | evidência: La rebelión de las masas (1930), cap. I, “El hecho de las aglomeraciones”; tradução inglesa autorizada: “…has the assurance to proclaim the rights of the commonplace and to impose them wherever it will”"
f63etpi8bw;Amartya Sen;O que nos move não é a percepção de que o mundo não é inteiramente justo, e sim a de que existem à nossa volta injustiças claramente remediáveis.;What moves us is not the realization that the world falls short of being completely just, but that there are clearly remediable injustices around us.;A Ideia de Justiça;A;"Fase 119 (10/10/2026): corrigida — O original registrado era condensação; completado com o texto do livro e tradução ajustada; localização acrescentada. | evidência: The Idea of Justice (2009), introdução (Wikipedia reproduz a passagem)"
f63fcszsf2;Erving Goffman;O normal e o estigmatizado não são pessoas, mas perspectivas.;The normal and the stigmatized are not persons but rather perspectives.;Estigma;A;"Fase 119 (10/10/2026): confirmada — Stigma (1963), p. 163–164 (citação em prova da Universidade de Tohoku; quotewise)"
f63g158efwn;Erving Goffman;A sociedade é organizada sobre o princípio de que todo indivíduo que possui certas características sociais tem o direito moral de esperar que os outros o valorizem e o tratem de modo apropriado.;Society is organized on the principle that any individual who possesses certain social characteristics has a moral right to expect that others will value and treat him in an appropriate way.;A Representação do Eu na Vida Cotidiana;A;Fase 119 (10/10/2026): confirmada — The Presentation of Self in Everyday Life (1959), p. 13 (Wikiquote)
f63hcajyhc;Theodore Levitt;Toda indústria já foi, um dia, uma indústria em crescimento.;Every major industry was once a growth industry.;Miopia em Marketing;A;Fase 119 (10/10/2026): confirmada — “Marketing Myopia”, Harvard Business Review (1960), primeira frase
f63i12xf76w;Theodore Levitt;"As ferrovias não pararam de crescer porque a necessidade de transporte diminuiu; ela cresceu. Elas entraram em dificuldade porque deixaram que outros atendessem a essa necessidade.";The railroads did not stop growing because the need for passenger and freight transportation declined. That grew.;Miopia em Marketing;A;Fase 119 (10/10/2026): corrigida — texto português acrescentava a frase seguinte, que não está no orig | evidência: “Marketing Myopia” (1960)
f63jqdnbqp;Jack Welch;Nos negócios, a falta de franqueza bloqueia as ideias inteligentes, a ação rápida e a contribuição integral das boas pessoas.;Lack of candor blocks smart ideas, fast action, and good people contributing all the stuff they’ve got.;Paixão por Vencer;A;Fase 119 (10/10/2026): corrigida — orig sem “basically” e tradução com acréscimo (“Nos negócios”) | evidência: Winning (2005), capítulo sobre franqueza (“Candor”): “Lack of candor basically blocks…”
f63kt72ee6;Jack Welch;Antes de ser líder, crescer significa crescer você mesmo. Quando você se torna líder, crescer passa a significar fazer os outros crescerem.;Before you are a leader, success is all about growing yourself. When you become a leader, success is all about growing others.;Jack: Definitivo;A;"Fase 119 (10/10/2026): corrigida — a frase é de Winning (2005), não de Jack: Straight from the Gut | evidência: Goodreads (citações de Winning, com crédito ao livro); várias coletâneas com a mesma redação"
f63li6m0r5;Friedrich Hayek;Quem controla toda a atividade econômica controla os meios para todos os nossos fins.;Whoever controls all economic activity controls the means for all our ends.;O Caminho da Servidão;A;"Fase 119 (10/10/2026): confirmada — The Road to Serfdom (1944), cap. 7 “Economic Control and Totalitarianism” (citações com página: Mendenhall; Substack)"
f63mtyq5ar;Friedrich Hayek;O problema econômico da sociedade é sobretudo um problema de adaptação rápida a mudanças nas circunstâncias particulares de tempo e lugar.;The economic problem of society is mainly one of rapid adaptation to changes in the particular circumstances of time and place.;O Uso do Conhecimento na Sociedade;A;"Fase 119 (10/10/2026): confirmada — “The Use of Knowledge in Society”, American Economic Review 35 (1945) (Cato; Cobden Centre; Mises Institute)"
f63pqw35of;Nassim Nicholas Taleb;Algumas coisas se beneficiam de choques: prosperam e crescem quando expostas à volatilidade, ao acaso, à desordem e ao estresse.;"Some things benefit from shocks; they thrive and grow when exposed to volatility, randomness, disorder, and stressors.";Antifrágil;A;Fase 119 (10/10/2026): confirmada — Antifragile (2012), prólogo
f63qdbfmcs;Nassim Nicholas Taleb;"Não me diga o que você pensa; diga-me o que você tem na sua carteira.";Don’t tell me what you think, tell me what you have in your portfolio.;Arriscando a Própria Pele;A;"Fase 119 (10/10/2026): confirmada — Skin in the Game (2018), aforismo do mundo da gestão de ativos (resenha da Spear’s; resumos do livro)"
f63rl990dh;Milton Friedman;Uma sociedade que coloca a igualdade de resultado à frente da liberdade terminará sem uma nem outra.;A society that puts equality before freedom will end up with neither.;Livre para Escolher;A;Fase 119 (10/10/2026): corrigida — orig era versão abreviada | evidência: Free to Choose (1980), cap. 5 (“Created Equal”): “A society that puts equality — in the sense of equality of outcome — ahead of freedom will end up with neither equality nor freedom.” (Econlib)
f63sybgpre;Milton Friedman;Existe uma e só uma responsabilidade social da empresa: usar seus recursos e engajar-se em atividades destinadas a aumentar seus lucros, dentro das regras do jogo.;There is one and only one social responsibility of business: to use its resources and engage in activities designed to increase its profits so long as it stays within the rules of the game.;Capitalismo e Liberdade;A;"Fase 119 (10/10/2026): corrigida — fonte sem ano e capítulo | evidência: Capitalism and Freedom (1962), cap. 8; repetida no artigo do New York Times Magazine (13/09/1970)"
f63v97wyv0;David Hume;O homem sábio ajusta sua crença à evidência.;A wise man proportions his belief to the evidence.;Investigação sobre o Entendimento Humano;A;"Fase 119 (10/10/2026): corrigida — Original completado com o texto da edição; localização acrescentada. | evidência: An Enquiry Concerning Human Understanding (Project Gutenberg #9662, espelho GITenberg)"
f63x4v6eed;Jim Collins;O bom é inimigo do ótimo.;Good is the enemy of great.;Empresas Feitas para Vencer;A;Fase 119 (10/10/2026): confirmada — Good to Great (2001), cap. 1, frase de abertura: “Good is the enemy of great.”
f63yecba88;Jim Collins;As pessoas não são o seu ativo mais importante. As pessoas certas são.;People are not your most important asset. The right people are.;Empresas Feitas para Vencer;A;"Fase 119 (10/10/2026): confirmada — Good to Great (2001), cap. 3 (“First Who… Then What”); destaques de leitores da edição publicada (Goodreads) e resumos do livro"
f63z7xte0p;Jim Collins;Construa o relógio, em vez de dar a hora.;Clock building, not time telling.;Feitas para Durar;A;Fase 119 (10/10/2026): confirmada — Built to Last (1994), cap. 2, “Clock Building, Not Time Telling”
f6310dknjbn;Max Weber;A política consiste em furar tábuas duras, devagar e com firmeza.;Die Politik ist ein starkes langsames Bohren harter Bretter.;Ciência e Política: Duas Vocações;A;"Fase 119 (10/10/2026): corrigida — orig incompleto (“ist” em vez de “bedeutet”; faltava “mit Leidenschaft und Augenmaß zugleich”) | evidência: Politik als Beruf (1919); Gesammelte politische Schriften, p. 560 (reproduzido pela Harper’s, 2008)"
f6311dbfmcs;Max Weber;"O puritano quis ser um profissional; nós somos obrigados a sê-lo.";Der Puritaner wollte Berufsmensch sein — wir müssen es sein.;A Ética Protestante e o Espírito do Capitalismo;A;Fase 119 (10/10/2026): confirmada — Die protestantische Ethik und der Geist des Kapitalismus (1904–05), frase do capítulo final (BBAW, Akademie Aktuell 2010)
f6312jgpllg;Martin Seligman;O desamparo aprendido é a desistência que se segue à crença de que nada que você faça importa.;Learned helplessness is the giving-up reaction that follows from the belief that whatever you do doesn’t matter.;Felicidade Autêntica;A;"Fase 119 (10/10/2026): corrigida — a frase é de Learned Optimism, não de Authentic Happiness | evidência: Learned Optimism (1990), cap. 1; reproduzida em material clínico da Universidade de Washington e em destaques de leitores"
f6313obvzzt;Martin Seligman;O bem-estar tem cinco elementos mensuráveis: emoção positiva, engajamento, sentido, realização e relacionamentos.;Well-being has five measurable elements: positive emotion, engagement, meaning, accomplishment and relationships.;Florescer;A;Fase 119 (10/10/2026): removida do catálogo ativo — A frase é resumo do modelo PERMA (Flourish, 2011), não sentença localizada do livro.
f6314nb0c4d;Norberto Bobbio;O problema grave de nosso tempo, quanto aos direitos do homem, não é mais o de fundamentá-los, e sim o de protegê-los.;Il problema grave del nostro tempo, riguardo ai diritti dell’uomo, non è più quello di fondarli, ma quello di proteggerli.;A Era dos Direitos;A;"Fase 119 (10/10/2026): corrigida — orig com redação não confirmada; substituído pela passagem localizada | evidência: L’età dei diritti (1990), ensaio “Sul fondamento dei diritti dell’uomo” (1964): “il problema di fondo relativo ai diritti dell’uomo è oggi non tanto quello di giustificarli, quanto quello di proteggerli” (Sistema Penale; Nuova Umanità, 1998)"
f6315vr9k2s;Pierre Bourdieu;O gosto une e separa.;Le goût unit et sépare.;A Distinção: Crítica Social do Julgamento;A;"Fase 119 (10/10/2026): removida do catálogo ativo — Redação não localizada em La Distinction; a fórmula conhecida é “le goût classe, et classe celui qui classe”."
f6316w9pe0i;Edward Bernays;Se compreendemos o mecanismo e os motivos da mente coletiva, é possível controlar e arregimentar as massas conforme nossa vontade, sem que elas o saibam.;If we understand the mechanism and motives of the group mind, it is now possible to control and regiment the masses according to our will without their knowing it.;Propaganda;A;Fase 119 (10/10/2026): corrigida — No livro a frase é uma pergunta (“is it not possible…?”), seguida da resposta de que é possível “até certo ponto e dentro de certos limites”. Original e tradução ajustados. | evidência: Propaganda (1928), cap. IV “The Psychology of Public Relations” (reproduções do capítulo)
f6319ai0jpb;J. R. R. Tolkien;É preciso ter coragem para sair pela porta de casa.;It’s a dangerous business, going out your door.;O Senhor dos Anéis;A;Fase 119 (10/10/2026): corrigida — orig incompleto (falta o vocativo “Frodo”) e tradução livre (“é preciso ter coragem”) | evidência: The Fellowship of the Ring, livro I, cap. 3 (“Three is Company”): Frodo recorda o dito de Bilbo
f631cl990dh;Erich Fromm;A tarefa mais importante da vida humana é dar à luz a si mesmo, tornar-se aquilo que se é potencialmente.;Man’s main task in life is to give birth to himself, to become what he potentially is.;A Arte de Amar;A;Fase 119 (10/10/2026): corrigida — A frase é de O Homem para Si Mesmo (1947), não de A Arte de Amar. Fonte corrigida. | evidência: Man for Himself (1947), segundo descrição da obra (Alibris) e citações (imhu.org)
f631dobvzzt;Dale Carnegie;Quando lidamos com pessoas, lembremos que não estamos lidando com criaturas de lógica, mas com criaturas de emoção.;When dealing with people, let us remember we are not dealing with creatures of logic. We are dealing with creatures of emotion.;Como Fazer Amigos e Influenciar Pessoas;A;Fase 119 (10/10/2026): confirmada — How to Win Friends and Influence People (1936), parte 1, cap. 1 (resumos e citações do capítulo)
f631ebiw7kr;Jean-Jacques Rousseau;Renunciar à liberdade é renunciar à condição de homem.;Renoncer à sa liberté, c’est renoncer à sa qualité d’homme.;O Contrato Social;A;Fase 119 (10/10/2026): corrigida — fonte sem ano, livro e capítulo | evidência: Du contrat social, livro I, cap. 4 (“De l’esclavage”)
f631fdtvgai;Benjamin Graham;O principal problema do investidor — e seu pior inimigo — é ele mesmo.;The investor’s chief problem — and his best enemy — is likely to be himself.;O Investidor Inteligente;A;"Fase 119 (10/10/2026): corrigida — O original registrado dizia “best enemy”; o texto é “and even his worst enemy”. Original e tradução corrigidos. | evidência: The Intelligent Investor, cap. 8 (Jason Zweig, Wall Street Journal; Evidence Investor; Novel Investor)"
f631gdknjbn;Carl Sagan;Em algum lugar, algo incrível está esperando para ser conhecido.;Somewhere, something incredible is waiting to be known.;Cosmos;A;"Fase 119 (10/10/2026): removida do catálogo ativo — Não é de Carl Sagan: a frase fecha o perfil “Seeking Other Worlds” da Newsweek (15/08/1977), em voz da reportagem, sem aspas; a jornalista Sharon Begley confirmou ser a autora. Sasha Sagan também a rejeitou."
f631hjz5fj6;Antoine de Saint-Exupéry;A terra nos ensina mais sobre nós mesmos do que todos os livros, porque nos oferece resistência.;La terre nous en apprend plus long sur nous que tous les livres. Parce qu’elle nous résiste.;Terra dos Homens;A;"Fase 119 (10/10/2026): confirmada — Terre des hommes (1939), primeiras frases do livro (critiqueslibres; material da Amnesty)"
f640rwytjv;Aldous Huxley;Um amor pela servidão não se estabelece a não ser como resultado de uma revolução profunda e pessoal nas mentes e nos corpos humanos.;A love of servitude cannot be established except as the result of a deep, personal revolution in human minds and bodies.;Admirável Mundo Novo;A;"Fase 119 (10/10/2026): removida do catálogo ativo — Redação exata não confirmada: atribuída ao prefácio de 1946 de Admirável Mundo Novo, mas nenhuma fonte consultável reproduz a frase; sem conferência, não pode permanecer."
f641oubtxj;Aldous Huxley;Cada um de nós é potencialmente Mente Ampla. Mas, na medida em que somos animais, nosso negócio é sobreviver a todo custo.;Each one of us is potentially Mind at Large. But in so far as we are animals, our business is to survive at all costs.;As Portas da Percepção;A;"Fase 119 (10/10/2026): corrigida — Ordem das palavras ajustada ao texto (“our business is at all costs to survive”). | evidência: The Doors of Perception (1954), excerto reproduzido por The Sun Magazine; Wikipedia “Mind at Large”"
f64254ebd8;Alexandre Dumas;Um por todos, todos por um.;Tous pour un, un pour tous.;Os Três Mosqueteiros;A;Fase 119 (10/10/2026): confirmada — Les Trois Mousquetaires (Project Gutenberg #13951, espelho GITenberg)
f644gwifwu;Alice Walker;Acho que incomoda Deus quando passamos pela cor púrpura num campo e não notamos.;I think it pisses God off if you walk by the color purple in a field somewhere and don’t notice it.;A Cor Púrpura;A;"Fase 119 (10/10/2026): confirmada — The Color Purple (1982), carta 73, fala de Shug Avery (Shmoop; Crossref-it)"
f64atyq5ar;Andrew Carnegie;O dever do homem rico é dar o exemplo de uma vida modesta e administrar seus excedentes como fundos confiados a ele em benefício da comunidade.;The duty of the man of wealth is to set an example of modest living and to consider himself a trustee for his poorer brethren.;O Evangelho da Riqueza;A;"Fase 119 (10/10/2026): corrigida — O original registrado era uma condensação do trecho; substituído pelo texto do ensaio (com omissão indicada) e tradução ajustada. | evidência: “Wealth”, North American Review 148 (jun. 1889), p. 653–665 (texto em carnegie.org, Bill of Rights Institute, Lumen Learning)"
f64bip1uov;Andy Grove;O sucesso gera complacência. A complacência gera fracasso. Só os paranoicos sobrevivem.;Success breeds complacency. Complacency breeds failure. Only the paranoid survive.;Só os Paranoicos Sobrevivem;A;Fase 119 (10/10/2026): confirmada — Only the Paranoid Survive (1996), prefácio
f64cligxcc;Andy Grove;A produção de um gerente é a produção das unidades organizacionais sob sua supervisão ou influência.;A manager’s output is the output of the organizational units under his supervision or influence.;Administração de Alta Performance;A;"Fase 119 (10/10/2026): corrigida — A redação registrada não foi localizada no livro; substituída pela fórmula do capítulo 3, reproduzida literalmente por várias fontes. | evidência: High Output Management (1983), cap. 3: fórmula reproduzida em a16z (2015) e resumos do livro"
f64fpv7hsz;Ayn Rand;Contradições não existem. Quando achar que encontrou uma, verifique suas premissas: descobrirá que uma delas está errada.;Contradictions do not exist. Whenever you think that you are facing a contradiction, check your premises. You will find that one of them is wrong.;A Revolta de Atlas;A;"Fase 119 (10/10/2026): confirmada — Atlas Shrugged (1957), fala de Francisco d’Anconia a Dagny Taggart (Bookroo; Liberty Unbound)"
f64gelj773;Brené Brown;A vulnerabilidade é o berço da inovação, da criatividade e da mudança.;Vulnerability is the birthplace of innovation, creativity and change.;A Coragem de Ser Imperfeito;A;"Fase 119 (10/10/2026): corrigida — A frase foi dita na palestra TED de 2012; não se confirmou a redação em A Coragem de Ser Imperfeito. Fonte corrigida. | evidência: Palestra TED “Listening to Shame” (2012), segundo AOL/HRZone"
f64hi6m0r5;Brené Brown;A vergonha é o medo da desconexão.;Shame is the fear of disconnection.;A Coragem de Ser Imperfeito;A;"Fase 119 (10/10/2026): removida do catálogo ativo — Redação não confirmada em A Coragem de Ser Imperfeito (Daring Greatly); as fontes encontradas a dão sem obra e divergem sobre a formulação de Brown."
f64ijpxikb;Emily Dickinson;A esperança é a coisa com penas que se aninha na alma e canta a melodia sem palavras, e nunca para.;Hope is the thing with feathers that perches in the soul, and sings the tune without the words, and never stops at all.;Poemas completos;A;Fase 119 (10/10/2026): confirmada — Poems by Emily Dickinson, Three Series (Project Gutenberg #12242, espelho GITenberg)
f64jelj773;Emily Dickinson;Porque eu não podia parar para a Morte, ela gentilmente parou para mim.;Because I could not stop for Death, he kindly stopped for me.;Poemas completos;A;Fase 119 (10/10/2026): confirmada — Poems by Emily Dickinson, Three Series (Project Gutenberg #12242, espelho GITenberg)
f64k9h4vtv;Ernest Hemingway;O homem pode ser destruído, mas não derrotado.;A man can be destroyed but not defeated.;O Velho e o Mar;A;"Fase 119 (10/10/2026): confirmada — The Old Man and the Sea (1952): “But man is not made for defeat,” he said. “A man can be destroyed but not defeated.” (Goodreads; Easton Press)"
f64m7fdk2z;Esopo;Devagar e sempre se vence a corrida.;Slow and steady wins the race.;Fábulas;A;Fase 119 (10/10/2026): confirmada — Aesop’s Fables, a new translation (V. S. Vernon Jones) (Project Gutenberg #11339, espelho GITenberg)
f64ncajyhc;Esopo;Nenhum ato de bondade, por pequeno que seja, é desperdiçado.;No act of kindness, no matter how small, is ever wasted.;Fábulas;A;"Fase 119 (10/10/2026): corrigida — O original registrado (“No act of kindness, no matter how small, is ever wasted”) é uma expansão moderna; a moral publicada é “A kindness is never wasted”. Original e tradução ajustados; fábula identificada. | evidência: The Aesop for Children (1919) (Project Gutenberg #19994, espelho GITenberg)"
f64ol013em;Eurípides;De todas as criaturas que respiram e se movem sobre a terra, nada nasce mais desamparado que a mulher.;Of all creatures that breathe and move upon the earth, nothing is born more wretched than woman.;Medeia;A;"Fase 119 (10/10/2026): corrigida — O original registrado não é de tradução publicada localizada (mistura a fala de Medeia com fórmula homérica); substituído pela tradução de Coleridge dos versos 230–231 e português ajustado. | evidência: Medeia, v. 230–231, tradução inglesa de E. P. Coleridge (Perseus, canonical-greekLit no GitHub)"
f64p7olh1u;Eurípides;Não é sabedoria ser sábio em excesso.;Not wisdom is it to be overwise.;As Bacantes;A;"Fase 119 (10/10/2026): corrigida — O original registrado (“Not wisdom is it to be overwise”) não é de tradução publicada localizada; substituído pela tradução de Buckley do verso 395 e português ajustado. | evidência: As Bacantes, v. 395, tradução inglesa de T. A. Buckley (Perseus, canonical-greekLit no GitHub)"
f64qytwjp4;Frederick Douglass;O que é, para o escravo americano, o Quatro de Julho? Um dia que lhe revela, mais do que todos os outros do ano, a injustiça e a crueldade grosseiras de que é vítima constante.;What, to the American slave, is your 4th of July? A day that reveals to him, more than all other days in the year, the gross injustice and cruelty to which he is the constant victim.;O que é o 4 de Julho para o escravo?;A;"Fase 119 (10/10/2026): corrigida — Original ajustado ao texto publicado; data e local do discurso acrescentados. | evidência: My Bondage and My Freedom (apêndice com o discurso) (Project Gutenberg #202, espelho GITenberg)"
f64sg4up09;Galileu Galilei;"Não se pode ensinar nada a um homem; só se pode ajudá-lo a descobrir por si mesmo.";Non si può insegnare nulla a un uomo, si può soltanto aiutarlo a scoprirlo dentro di sé.;Diálogo sobre os Dois Máximos Sistemas do Mundo;A;"Fase 119 (10/10/2026): removida do catálogo ativo — Atribuição duvidosa: não está nos escritos documentados de Galileu e nunca é citada com fonte primária; o registro mais antigo é uma menção sem fonte de 1882 (Today in Science History)."
f64they9uk;Galileu Galilei;Descobri quatro planetas nunca vistos desde o princípio do mundo até nossos dias.;Quattro pianeti non mai visti dal principio del mondo insino a’ nostri tempi.;O Mensageiro das Estrelas;A;"Fase 119 (10/10/2026): removida do catálogo ativo — O Mensageiro das Estrelas foi escrito em latim; a frase italiana registrada não foi localizada nem no texto latino nem nas traduções italianas consultadas."
f64ws66qiq;Gustave Flaubert;A linguagem humana é como um caldeirão rachado em que batemos melodias para ursos dançarem, quando aspirávamos comover as estrelas.;La parole humaine est comme un chaudron fêlé où nous battons des mélodies à faire danser les ours, quand on voudrait attendrir les étoiles.;Madame Bovary (1857), parte II, capítulo 12;A;Fase 119 (10/10/2026): confirmada — Madame Bovary (Project Gutenberg #14155, espelho GITenberg)
f64y659z8o;Hipócrates;Antes de tudo, não causar dano.;Primum non nocere.;Corpus Hippocraticum;A;"Fase 119 (10/10/2026): corrigida — “Primum non nocere” não está no corpus hipocrático (é fórmula latina posterior); a passagem de origem é Epidemias I, 11. Original, tradução e fonte corrigidos. | evidência: Hipócrates, Epidemias I, 11 (texto grego da edição Perseus/Littré, canonical-greekLit no GitHub)"
f6410elj773;Isaiah Berlin;Sou livre na medida em que nenhum homem interfere na minha atividade.;I am normally said to be free to the degree to which no man or body of men interferes with my activity.;Dois Conceitos de Liberdade;A;Fase 119 (10/10/2026): confirmada — “Two Concepts of Liberty” (1958), seção I (texto reproduzido em UMB e Open University)
f6414cajyhc;Jean Piaget;A inteligência organiza o mundo organizando-se a si mesma.;L’intelligence organise le monde en s’organisant elle-même.;O Nascimento da Inteligência na Criança;A;"Fase 119 (10/10/2026): removida do catálogo ativo — Redação francesa não localizada nas obras indicadas; circula sem página em coletâneas."
f6416nb0c4d;John Maynard Keynes;Não há meio mais sutil nem mais seguro de destruir a base existente de uma sociedade do que corromper sua moeda.;There is no subtler, no surer means of overturning the existing basis of society than to debauch the currency.;As Consequências Econômicas da Paz;A;Fase 119 (10/10/2026): confirmada — The Economic Consequences of the Peace (Project Gutenberg #15776, espelho GITenberg)
f6417i6m0r5;Lev Vygotsky;O pensamento não se expressa simplesmente em palavras: é nelas que ele passa a existir.;"Thought is not merely expressed in words; it comes into existence through them.";Pensamento e Linguagem;A;Fase 119 (10/10/2026): confirmada — Thought and Language (trad. Hanfmann e Vakar, 1962), cap. 7
f6418gnaixz;Lev Vygotsky;O que a criança consegue fazer hoje com ajuda, amanhã conseguirá fazer sozinha.;What a child can do with assistance today she will be able to do by herself tomorrow.;A Formação Social da Mente;A;Fase 119 (10/10/2026): confirmada — Mind in Society (1978), cap. 6, p. 87
f641acjrvg7;Charles de Gaulle;Toda a minha vida tive de mim mesmo uma certa ideia da França.;Toute ma vie, je me suis fait de la France une certaine idée.;Memórias de Guerra;A;"Fase 119 (10/10/2026): corrigida — A ordem das palavras do original estava alterada e o português (“tive de mim mesmo”) não correspondia a “je me suis fait”. Original e tradução corrigidos. | evidência: Mémoires de guerre, t. I, L’Appel (Plon, 1954), frase de abertura (La langue française; Hérodote)"
f641bjpxikb;Dwight D. Eisenhower;Vocês estão prestes a embarcar na grande cruzada rumo à qual nos empenhamos por tantos meses.;You are about to embark upon the Great Crusade, toward which we have striven these many months.;Cruzada na Europa;A;"Fase 119 (10/10/2026): confirmada — Ordem do Dia de 6/06/1944 (Eisenhower Foundation; National Archives/DocsTeach; Wikipedia)"
f641cp3jqwe;Douglas MacArthur;Dever, honra, pátria: essas três palavras sagradas ditam reverentemente o que vocês devem ser, o que podem ser, o que serão.;Duty, honor, country: those three hallowed words reverently dictate what you ought to be, what you can be, what you will be.;Discurso de Despedida em West Point;A;"Fase 119 (10/10/2026): confirmada — Discurso na Academia Militar de West Point, 12/05/1962 (DoD News; primeira edição de Duty, Honor, Country)"
f641g5mu5ay;David Ogilvy;Se não vende, não é criativo.;If it doesn’t sell, it isn’t creative.;Ogilvy on Advertising;A;"Fase 119 (10/10/2026): removida do catálogo ativo — Sem fonte localizada: circula em sites de citações sem livro ou página; não confirmada em Ogilvy on Advertising."
f641hdknjbn;Desmond Tutu;"Sem perdão não há futuro; mas sem confissão não pode haver perdão.";Without forgiveness there is no future, but without confession there can be no forgiveness.;Não Há Futuro sem Perdão;A;Fase 119 (10/10/2026): removida do catálogo ativo — Redação não confirmada em Não Há Futuro sem Perdão (1999) nem em outra fonte consultável.
f641jecba88;Alan Turing;Proponho considerar a seguinte pergunta: podem as máquinas pensar?;I propose to consider the question, can machines think?;Máquinas de Computação e Inteligência;A;"Fase 119 (10/10/2026): confirmada — “Computing Machinery and Intelligence”, Mind 59 (1950), frase de abertura; PDFs do artigo (cs.mcgill.ca, psy.miami.edu)"
f641k9h4vtv;Ernest Renan;Uma nação é uma alma, um princípio espiritual.;Une nation est une âme, un principe spirituel.;O Que é uma Nação?;A;"Fase 119 (10/10/2026): confirmada — Qu’est-ce qu’une nation ? (1882), excerto em francês (Universidade Nacional Central de Taiwan; Fordham Modern History Sourcebook)"
f641lv8tq52;Georg Simmel;O habitante da metrópole reage com a cabeça, e não com o coração.;Der Großstädter reagiert mit dem Kopf statt mit dem Herzen.;As Grandes Cidades e a Vida do Espírito;A;"Fase 119 (10/10/2026): removida do catálogo ativo — O original registrado é paráfrase: o ensaio diz que o habitante da metrópole reage “statt mit dem Gemüte” com o entendimento (“mit dem Verstande”), não “mit dem Kopf statt mit dem Herzen”; o texto alemão exato não estava acessível para substituição."
f641n10vnvg0;Herbert Simon;A capacidade da mente humana para formular e resolver problemas complexos é muito pequena diante do tamanho dos problemas cuja solução o comportamento racional exigiria.;The capacity of the human mind for formulating and solving complex problems is very small compared with the size of the problems whose solution is required.;Comportamento Administrativo;A;"Fase 119 (10/10/2026): corrigida — O original registrado cortava a frase; completado com o texto do livro. | evidência: Administrative Behavior, 4ª ed. (1997), p. 88 (Philopedia); citações com página"
f6518g97yf;Lord Byron;Amo não menos o homem, mas mais a Natureza.;I love not Man the less, but Nature more.;A Peregrinação de Childe Harold;A;Fase 119 (10/10/2026): confirmada — Childe Harold’s Pilgrimage (Project Gutenberg #5131, espelho GITenberg)
f653dbfmcs;Ludwig van Beethoven;Foi somente a minha arte que me impediu de dar cabo da minha vida.;Nur sie, die Kunst, sie hielt mich zurück.;Testamento de Heiligenstadt;A;"Fase 119 (10/10/2026): corrigida — orig era fragmento; texto português parafraseava | evidência: Heiligenstädter Testament (6/10/1802): “es fehlte wenig, und ich endigte selbst mein Leben – nur sie, die Kunst, sie hielt mich zurück” (Beethoven-Haus Bonn; Staats- und Universitätsbibliothek Hamburg)"
f654r5b2na;Ludwig van Beethoven;Ó vós, homens que me julgais hostil, teimoso ou misantropo, como me injuriais: não conheceis a causa secreta do que assim vos parece.;O ihr Menschen, die ihr mich für feindselig, störrisch oder misanthropisch haltet oder erkläret, wie unrecht tut ihr mir.;Testamento de Heiligenstadt;A;Fase 119 (10/10/2026): corrigida — orig sem a segunda parte, presente no texto português | evidência: Heiligenstädter Testament (1802), frase de abertura (grafia modernizada)
f65743inhs;Malcolm X;Será o voto ou a bala.;It’ll be the ballot or the bullet.;O Voto ou a Bala;A;"Fase 119 (10/10/2026): corrigida — orig com redação não confirmada; fonte sem data | evidência: “The Ballot or the Bullet”, Cleveland, 03/04/1964: “…it’s the ballot or the bullet”"
f659mjcl7s;Marguerite Yourcenar;Fundar bibliotecas é como construir celeiros públicos: amontoar reservas contra um inverno do espírito.;Fonder des bibliothèques, c’était encore construire des greniers publics, amasser des réserves contre un hiver de l’esprit.;Memórias de Adriano;A;"Fase 119 (10/10/2026): confirmada — Mémoires d’Hadrien (1951); passagem registrada pela Wikiquote (versão inglesa em quotewise.io)"
f65bi6m0r5;Michael Jordan;"Posso aceitar o fracasso; todo mundo fracassa em algo. Mas não posso aceitar não tentar.";I can accept failure, everyone fails at something. But I can’t accept not trying.;Eu Não Posso Aceitar Não Tentar;A;"Fase 119 (10/10/2026): confirmada — I Can’t Accept Not Trying (1994) (Wikiquote; Entrepreneur)"
f65fnk8938;Mihaly Csikszentmihalyi;A felicidade não é algo que simplesmente acontece: não é resultado de boa sorte nem de acaso, é algo que se prepara.;Happiness is not something that happens. It is not the result of good fortune or random chance.;Fluxo;A;Fase 119 (10/10/2026): corrigida — texto português acrescentava frase ausente do orig | evidência: Flow (1990), introdução: “Happiness is not something that happens. It is not the result of good fortune or random chance.”
f65kpv7hsz;Noam Chomsky;Os meios de comunicação servem para mobilizar apoio aos interesses especiais que dominam o Estado e a atividade privada.;The mass media serve to mobilize support for the special interests that dominate the state and private activity.;Manufaturando Consenso (com Edward Herman);A;"Fase 119 (10/10/2026): removida do catálogo ativo — Redação do orig não localizada em Manufacturing Consent; as versões que circulam têm outras palavras (“dominate the government and the private sector”) e não indicam página."
f65lgnaixz;Noam Chomsky;É responsabilidade dos intelectuais dizer a verdade e desmascarar mentiras.;It is the responsibility of intellectuals to speak the truth and to expose lies.;A Responsabilidade dos Intelectuais;A;Fase 119 (10/10/2026): corrigida — fonte sem data e veículo | evidência: “The Responsibility of Intellectuals”, New York Review of Books, 23/02/1967, primeira frase
f65ncszsf2;Peter Thiel;Que verdade importante muito pouca gente concorda com você?;What important truth do very few people agree with you on?;De Zero a Um;A;Fase 119 (10/10/2026): confirmada — Zero to One (2014), cap. 1 (pergunta de entrevista de Thiel)
f65on1sf5i;Peter Thiel;Cada momento nos negócios acontece apenas uma vez. O próximo Bill Gates não vai criar um sistema operacional.;Every moment in business happens only once. The next Bill Gates will not build an operating system.;De Zero a Um;A;Fase 119 (10/10/2026): confirmada — Zero to One (2014), prefácio, primeiras frases
f65s8yp1w5;Publílio Siro;Ninguém sabe do que é capaz até ter tentado.;Nemo scit quid possit nisi temptaverit.;Sentenças;A;Fase 119 (10/10/2026): removida do catálogo ativo — A sentença não está nas Sententiae de Publílio Siro.
f65weur45y;Reid Hoffman;Toda pessoa é uma empresa em estágio inicial, e sua carreira é o produto.;All humans are entrepreneurs. You are an entrepreneur of your own life.;O Startup de Você;A;"Fase 119 (10/10/2026): removida do catálogo ativo — O texto português não traduz o orig; e “All humans are entrepreneurs” é frase de Muhammad Yunus citada por Hoffman, não dele."
f65z8yp1w5;Robert Louis Stevenson;O homem não é verdadeiramente um, e sim dois.;Man is not truly one, but truly two.;O Médico e o Monstro;A;Fase 119 (10/10/2026): confirmada — The Strange Case of Dr Jekyll and Mr Hyde (Project Gutenberg #43, espelho GITenberg)
f6510lroub7;Rosa Luxemburgo;A liberdade apenas para os partidários do governo, apenas para os membros de um partido, não é liberdade.;Freiheit nur für die Anhänger der Regierung, nur für Mitglieder einer Partei ist keine Freiheit.;Obra e cartas de Rosa Luxemburgo;A;Fase 119 (10/10/2026): corrigida — fonte genérica | evidência: Die russische Revolution (1918), mesma nota manuscrita: “Freiheit nur für die Anhänger der Regierung, nur für Mitglieder einer Partei – mögen sie noch so zahlreich sein – ist keine Freiheit.”
f6512uzlt67;Stanley Milgram;Pessoas comuns, apenas fazendo seu trabalho e sem nenhuma hostilidade particular, podem tornar-se agentes de um processo terrível de destruição.;Ordinary people, simply doing their jobs, and without any particular hostility on their part, can become agents in a terrible destructive process.;Obediência à Autoridade;A;Fase 119 (10/10/2026): confirmada — Obedience to Authority (1974), cap. 1
f651454ebd8;Stephen Covey;Comece com o fim em mente.;Begin with the end in mind.;Os 7 Hábitos das Pessoas Altamente Eficazes;A;Fase 119 (10/10/2026): confirmada — The 7 Habits of Highly Effective People (1989), hábito 2
f6518fvms1e;Thomas Sowell;A economia é o estudo do uso de recursos escassos que têm usos alternativos.;Economics is the study of the use of scarce resources that have alternative uses.;Economia Básica;A;Fase 119 (10/10/2026): confirmada — Basic Economics (2000), cap. 1
f6519ge2lz4;Tom Peters;Uma inclinação para a ação: fazer, corrigir, tentar.;A bias for action: do it, fix it, try it.;Em Busca da Excelência;A;Fase 119 (10/10/2026): confirmada — In Search of Excellence (1982), cap. 5, “A Bias for Action”
f651aecba88;Will Durant;A educação é a descoberta progressiva de nossa própria ignorância.;Education is a progressive discovery of our own ignorance.;A História da Filosofia;A;Fase 119 (10/10/2026): corrigida — obra errada | evidência: Citada na resenha “The Great Gadfly”, Time (08/10/1965), de The Age of Voltaire (Wikiquote)
f651bi6m0r5;Will Durant;Uma grande civilização não é conquistada de fora antes de ter se destruído por dentro.;A great civilization is not conquered from without until it has destroyed itself within.;A História da Civilização;A;Fase 119 (10/10/2026): confirmada — Caesar and Christ (1944), epílogo
f651ctgabd1;Yuval Noah Harari;Não há deuses no universo, nem nações, nem dinheiro, nem direitos humanos, nem leis, nem justiça, fora da imaginação coletiva dos seres humanos.;There are no gods in the universe, no nations, no money, no human rights, no laws and no justice outside the common imagination of human beings.;Sapiens;A;Fase 119 (10/10/2026): confirmada — Sapiens (2011), cap. 2
f651dn1sf5i;Yuval Noah Harari;A história começou quando os humanos inventaram os deuses, e terminará quando os humanos se tornarem deuses.;History began when humans invented gods, and will end when humans become gods.;Homo Deus;A;"Fase 119 (10/10/2026): confirmada — Homo Deus (2016); redação varia levemente entre edições (resumos e páginas da editora)"
f651e10404jf;Woodrow Wilson;Deve ser formada uma associação geral de nações, com o propósito de garantir independência política e integridade territorial a Estados grandes e pequenos igualmente.;A general association of nations must be formed under specific covenants for the purpose of affording mutual guarantees of political independence and territorial integrity to great and small states alike.;Os Quatorze Pontos;A;Fase 119 (10/10/2026): confirmada — President Wilson’s Addresses (Project Gutenberg #17427, espelho GITenberg)
f651gh5qcvp;Oliver Wendell Holmes;A grande coisa neste mundo não é tanto onde estamos, mas em que direção nos movemos.;The great thing in this world is not so much where we stand, as in what direction we are moving.;O Autocrata da Mesa do Café da Manhã;A;Fase 119 (10/10/2026): confirmada — The Autocrat of the Breakfast-Table (Project Gutenberg #751, espelho GITenberg)
f651hcjrvg7;Melinda French Gates;Quando você levanta as mulheres, você levanta a humanidade.;When you lift up women, you lift up humanity.;O Momento de Voar;A;Fase 119 (10/10/2026): confirmada — The Moment of Lift (2019), introdução: “Because when you lift up women, you lift up humanity.” (descrições da editora e de bibliotecas)
f651i7fdk2z;Sheryl Sandberg;O que você faria se não tivesse medo?;What would you do if you weren’t afraid?;Faça Acontecer;A;Fase 119 (10/10/2026): confirmada — Lean In (2013): pergunta do cartaz do Facebook que Sandberg discute no livro
f651jcszsf2;Sheryl Sandberg;A resiliência não é um traço fixo: é um músculo que se constrói.;Resilience is not a fixed personality trait. It’s a lifelong project.;Plano B;A;Fase 119 (10/10/2026): corrigida — texto português não traduzia o orig | evidência: Option B (2017), resenha da Publishers Weekly cita “Resilience is not a fixed personality trait. It’s a lifelong project.”
f651peur45y;Wangari Maathai;Quando plantamos árvores, plantamos as sementes da paz e da esperança.;When we plant trees, we plant the seeds of peace and the seeds of hope.;Unbowed;A;"Fase 119 (10/10/2026): removida do catálogo ativo — Não localizada no texto da palestra do Nobel (2004), cujo trecho mais próximo diz “they plant seeds of peace”; circula só em coletâneas."
f651qvr9k2s;Sophie Scholl;Nada é tão indigno de um povo civilizado quanto deixar-se governar, sem resistência, por uma camarilha irresponsável e movida por instintos obscuros.;Nichts ist eines Kulturvolkes unwürdiger, als sich ohne Widerstand von einer verantwortungslosen und dunklen Trieben ergebenen Herrscherclique regieren zu lassen.;Panfletos da Rosa Branca;A;Fase 119 (10/10/2026): removida do catálogo ativo — Atribuição incorreta: o primeiro panfleto da Rosa Branca foi escrito por Hans Scholl e Alexander Schmorell, antes da participação de Sophie Scholl.
f661elj773;Albert Schweitzer;A ética é a reverência infinitamente ampliada por toda forma de vida.;Ethik ist ins Unbegrenzte erweiterte Verantwortung gegen alles, was lebt.;Filosofia da Civilização;A;"Fase 119 (10/10/2026): corrigida — O original registrado trazia “ins Unbegrenzte” (o texto diz “ins Grenzenlose”), e o português traduzia “Verantwortung” (responsabilidade) por “reverência”. Original e tradução corrigidos. | evidência: Kultur und Ethik (1923); Spektrum Lexikon der Philosophen; reproduções em alemão"
f662ws57y8;Amos Tversky;As pessoas recorrem a um número limitado de heurísticas que reduzem a tarefa complexa de avaliar probabilidades a operações de julgamento mais simples.;People rely on a limited number of heuristic principles which reduce the complex tasks of assessing probabilities to simpler judgmental operations.;Julgamento sob Incerteza: Heurísticas e Vieses;A;"Fase 119 (10/10/2026): corrigida — O original registrado omitia “and predicting values”; completado, e tradução ajustada. | evidência: “Judgment under Uncertainty: Heuristics and Biases”, Science 185 (1974), com Daniel Kahneman (excertos em equitablegrowth.org e reimpressões)"
f663bs44jm;Amos Tversky;As perdas pesam mais do que os ganhos de mesma magnitude.;Losses loom larger than gains.;Teoria do Prospecto;A;Fase 119 (10/10/2026): confirmada — “Prospect Theory: An Analysis of Decision under Risk”, Econometrica 47 (1979), com Daniel Kahneman
f66410mfyh5;Angela Davis;A prisão funciona ideologicamente como um espaço abstrato onde se depositam os indesejáveis, aliviando-nos da responsabilidade de pensar sobre as verdadeiras questões.;The prison functions ideologically as an abstract site into which undesirables are deposited, relieving us of the responsibility of thinking about the real issues.;Estarão as Prisões Obsoletas?;A;"Fase 119 (10/10/2026): confirmada — Are Prisons Obsolete? (2003), cap. 1; passagem reproduzida em coletâneas de citações da obra (Goodreads) com redação idêntica"
f666vr9k2s;Augusto;Com dezenove anos de idade, por iniciativa própria e com meus próprios recursos, reuni um exército com o qual devolvi a liberdade à república oprimida.;Annos undeviginti natus exercitum privato consilio et privata impensa comparavi, per quem rem publicam a dominatione factionis oppressam in libertatem vindicavi.;Res Gestae Divi Augusti;A;Fase 119 (10/10/2026): confirmada — Res Gestae Divi Augusti (texto latino, The Latin Library, espelho cltk no GitHub)
f668pcrnv9;B. R. Ambedkar;A religião que estabelece preceitos diferentes para classes diferentes não é religião: é apenas uma ordem de punições.;The religion which discriminates between one follower and another is partial and the religion which treats crores of its adherents worse than dogs is no religion at all.;A Aniquilação das Castas;A;Fase 119 (10/10/2026): removida do catálogo ativo — O português registrado não traduz o original registrado (são frases diferentes), e nenhum dos dois foi localizado em A Aniquilação das Castas.
f669ws57y8;Benjamin Constant;"A liberdade dos antigos consistia na participação ativa e constante no poder coletivo; a dos modernos consiste na garantia tranquila dos gozos privados.";"La liberté des anciens consistait dans la participation active et constante au pouvoir collectif; celle des modernes, dans la jouissance paisible de l’indépendance privée.";Da Liberdade dos Antigos Comparada à dos Modernos;A;"Fase 119 (10/10/2026): removida do catálogo ativo — O original registrado funde duas frases do discurso de 1819, e só o fragmento “la jouissance paisible de l’indépendance privée” foi confirmado; o texto francês completo não estava acessível para conferência."
f66bf3z14t;Cleantes;Nada acontece na terra sem ti, ó Deus, nem na esfera divina do céu, nem no mar.;Οὐδέ τι γίγνεται ἔργον ἐπὶ χθονὶ σοῦ δίχα, δαῖμον.;Hino a Zeus;A;Fase 119 (10/10/2026): confirmada — The Golden Sayings of Epictetus, with the Hymn of Cleanthes (trad. de Hastings Crossley) (Project Gutenberg #871, espelho GITenberg)
f66cl990dh;Elbert Hubbard;O mundo concede seus grandes prêmios, tanto em dinheiro quanto em honras, por uma só coisa: iniciativa.;The world bestows its big prizes, both in money and honors, for but one thing. And that is Initiative.;Uma Mensagem a Garcia;A;"Fase 119 (10/10/2026): removida do catálogo ativo — Não está em Uma Mensagem a Garcia (texto integral conferido, Project Gutenberg #17195) nem em The Philosophy of Elbert Hubbard (#70579); sem fonte localizada."
f66ep3jqwe;Francisco de Assis;Louvado sejas, meu Senhor, com todas as tuas criaturas, especialmente o senhor irmão sol, que é o dia e por quem nos dás a luz.;Laudato sie, mi Signore, cum tucte le Tue creature, spetialmente messor lo frate Sole.;Cântico das Criaturas;A;"Fase 119 (10/10/2026): corrigida — O português traduz também “lo quale jorna, et illumini per lui”; original completado com o texto conferido. | evidência: Life of St. Francis of Assisi (texto úmbrio do Cântico) (Project Gutenberg #18787, espelho GITenberg)"
f66felj773;Francisco de Assis;Os frades não se apropriem de nada: nem casa, nem lugar, nem coisa alguma.;Fratres nihil sibi approprient, nec domum nec locum nec aliquam rem.;Regra dos Frades Menores;A;"Fase 119 (10/10/2026): confirmada — Regula bullata (1223), cap. VI “Quod fratres nihil sibi approprient” (edição digitalizada, Universidade de Utrecht; IntraText)"
f66gnk8938;George Lakoff;A metáfora não é apenas questão de linguagem: nosso sistema conceitual cotidiano é em grande parte metafórico.;Metaphor is not just a matter of language. Our ordinary conceptual system is fundamentally metaphorical in nature.;Metáforas da Vida Cotidiana;A;"Fase 119 (10/10/2026): corrigida — O original registrado fundia duas passagens; substituído pela frase literal da p. 3 e tradução ajustada. | evidência: Metaphors We Live By (1980), cap. 1 “Concepts We Live By”, p. 3 (cópia do capítulo, UMSL; resenha NYU Medical Humanities)"
f66hiftxq0;George Lakoff;Enquadrar é escolher a linguagem que se ajusta à sua visão de mundo, e não à do adversário.;Framing is about getting language that fits your worldview.;Não Pense em um Elefante;A;Fase 119 (10/10/2026): removida do catálogo ativo — Redação não localizada em Não Pense em um Elefante (2004) — parece paráfrase de resumos —, e o português acrescentava “e não à do adversário”.
f66ip3jqwe;Guy Kawasaki;Faça sentido, não faça dinheiro. As melhores empresas nascem porque os fundadores querem mudar o mundo, não ficar ricos.;Make meaning, not money. The best companies are started because the founders want to change the world, not get rich.;A Arte do Começo;A;"Fase 119 (10/10/2026): removida do catálogo ativo — Só o tema (“make meaning”) foi confirmado em A Arte do Começo; a redação registrada (“Make meaning, not money…”) não foi localizada."
f66jjpxikb;Guy Kawasaki;Não se preocupe em ser péssimo: lançar um produto imperfeito é melhor do que não lançar nenhum.;Don’t worry, be crappy. Revolutionary means you ship and then test.;A Arte do Começo;A;"Fase 119 (10/10/2026): corrigida — Só “Don’t worry, be crappy” foi confirmado; a segunda frase não foi localizada, e o português não traduzia o original. Mantido apenas o lema conferido. | evidência: The Art of the Start (2004), seção “Don’t worry, be crappy” (Knowledge at Wharton; programa do curso de Kawasaki)"
f66kar8go6;Haemin Sunim;Quando sua mente descansa, o mundo também descansa.;When your mind rests, the world also rests.;As Coisas Que Você Só Vê Quando Desacelera;A;"Fase 119 (10/10/2026): corrigida — O original registrado não foi localizado; o texto do livro sobre a mesma ideia é “When our mind is noisy, the world is as well. And when our mind is peaceful, the world is, too.” Original e tradução substituídos. | evidência: The Things You Can See Only When You Slow Down, cap. 1 (passagem reproduzida por Goodreads, Shortform e outros)"
f66lz34gnz;Harry Markowitz;A diversificação é ao mesmo tempo observada na prática e sensata: uma regra de comportamento que não implique a superioridade da diversificação deve ser rejeitada.;"Diversification is both observed and sensible; a rule of behavior which does not imply the superiority of diversification must be rejected.";Seleção de Carteiras;A;Fase 119 (10/10/2026): confirmada — “Portfolio Selection”, Journal of Finance 7 (1952) (cópia do artigo, HKUST)
f66mreizm5;Henry Chesbrough;As empresas devem usar tanto ideias externas quanto internas, e tanto caminhos internos quanto externos para chegar ao mercado.;Firms should use external as well as internal ideas, and internal as well as external paths to market.;Open Innovation;A;"Fase 119 (10/10/2026): corrigida — O original registrado era reescrita da definição; substituído pela redação do livro. | evidência: Open Innovation (2003), p. xxiv (definição reproduzida por openinnovation.eu, P2P Foundation e acawiki)"
f66pqw35of;Jacques Maritain;A pessoa humana transcende a sociedade por aquilo que nela há de mais profundo, e lhe pertence por aquilo que nela há de material.;La personne humaine transcende la société par ce qu’il y a en elle de plus profond.;Humanismo Integral;A;"Fase 119 (10/10/2026): removida do catálogo ativo — Formulação não localizada em Humanisme intégral (1936) nem em outra obra de Maritain; circula só em coletâneas sem página."
f66qdtvgai;Jaron Lanier;Você não é o cliente das empresas de redes sociais: você é o produto.;You are not the customer of the social media companies. You are their product.;Dez Argumentos para Você Deletar Agora Suas Redes Sociais;A;"Fase 119 (10/10/2026): removida do catálogo ativo — A ideia “você é o produto” é anterior e de outros autores; a redação não foi localizada em Ten Arguments (2018), onde Lanier critica justamente essa formulação simplificada."
f66r5dm8c3;Jean de La Fontaine;Ajuda-te, e o céu te ajudará.;Aide-toi, le Ciel t’aidera.;Fábulas;A;Fase 119 (10/10/2026): corrigida — fonte sem livro e fábula | evidência: Fables, livro VI, fábula 18, “Le Chartier embourbé”, verso final: “Aide-toi, le Ciel t’aidera.”
f66t9zkprl;John Galbraith;A riqueza é implacável inimiga da compreensão.;Wealth is the relentless enemy of understanding.;A Sociedade Afluente;A;"Fase 119 (10/10/2026): corrigida — orig sem o início da frase; fonte sem ano e capítulo | evidência: The Affluent Society (1958), cap. 1, segunda frase do livro: “But, beyond doubt, wealth is the relentless enemy of understanding.”"
f66uf3z14t;John Galbraith;Nas coisas do dinheiro, nada é mais notável do que a brevidade da memória.;In matters of money, nothing is more remarkable than the shortness of memory.;A Crise Econômica de 1929;A;"Fase 119 (10/10/2026): removida do catálogo ativo — Redação não localizada em The Great Crash, 1929 (1955); a ideia aparece em outros textos (A Short History of Financial Euphoria, 1990) com outras palavras."
f66ye33d9d;José Martí;As trincheiras de ideias valem mais do que as trincheiras de pedra.;Trincheras de ideas valen más que trincheras de piedra.;Nossa América;A;"Fase 119 (10/10/2026): corrigida — fonte sem ano | evidência: “Nuestra América” (La Revista Ilustrada de Nueva York, 01/01/1891; El Partido Liberal, México, 30/01/1891)"
f6610l013em;Karl Jaspers;Existe uma culpa política que consiste em que todo cidadão responde pela maneira como é governado.;Es gibt eine politische Schuld: Jeder Bürger haftet dafür, wie er regiert wird.;A Questão da Culpa Alemã;A;"Fase 119 (10/10/2026): removida do catálogo ativo — A redação do orig não foi localizada em Die Schuldfrage (1946); a tese da “culpa política” é de Jaspers, mas a frase parece paráfrase."
f66115w229t;Karl Jaspers;Compreender não é explicar.;Verstehen ist nicht Erklären.;Psicopatologia Geral;A;Fase 119 (10/10/2026): removida do catálogo ativo — A distinção Verstehen/Erklären é central na Allgemeine Psychopathologie, mas a frase “Verstehen ist nicht Erklären” não foi localizada como sentença da obra.
f6612d27pdx;Lee Iacocca;Aplique-se. Busque toda a educação que puder e depois, por Deus, faça alguma coisa. Nada de grande foi conquistado sem entusiasmo.;Apply yourself. Get all the education you can, but then, by God, do something. Nothing great was ever achieved without enthusiasm.;Iacocca: Uma Autobiografia;A;"Fase 119 (10/10/2026): corrigida — orig misturava frase de Emerson | evidência: Iacocca: An Autobiography (1984): “Apply yourself. Get all the education you can, but then, by God, do something.”; a última frase do orig (“Nothing great was ever achieved without enthusiasm”) é de Emerson"
f6614n1sf5i;Martinho Lutero;Nosso Senhor e Mestre Jesus Cristo, ao dizer arrepende-te, quis que toda a vida dos fiéis fosse arrependimento.;Dominus et magister noster Iesus Christus dicendo poenitentiam agite, omnem vitam fidelium poenitentiam esse voluit.;95 Teses;A;Fase 119 (10/10/2026): corrigida — fonte sem ano e número da tese | evidência: 95 Teses (1517), tese 1: “Dominus et magister noster Iesus Christus dicendo ‘Penitentiam agite &c.’ omnem vitam fidelium penitentiam esse voluit.” (texto latino, The Latin Library, espelho cltk no GitHub)
f66168ph4xa;Al Ries e Jack Trout;É melhor ser o primeiro do que ser o melhor.;It’s better to be first than it is to be better.;As 22 Consagradas Leis do Marketing;A;Fase 119 (10/10/2026): confirmada — Título da Lei 1 (Lei da Liderança) de The 22 Immutable Laws of Marketing (1993), conforme reproduções dos títulos dos capítulos (Branding Strategy Insider, 2008)
f6619fmev2j;Estée Lauder;Não cheguei até aqui sonhando nem pensando: cheguei até aqui trabalhando.;I never dreamed about success. I worked for it.;Estée: Uma História de Sucesso;A;"Fase 119 (10/10/2026): corrigida — A forma registrada (“I never dreamed about success…”) vem de uma entrevista à Fortune citada em 1992; a declaração documentada de 1985, ligada ao livro, é outra. Original, tradução e fonte ajustados à de 1985. | evidência: Associated Press, dezembro de 1985, e Daily Record, 05/12/1985, sobre o lançamento de Estée: A Success Story (Barry Popik)"
f661afmev2j;Georg Simmel;O dinheiro é o exemplo mais puro de um meio que se converteu em fim absoluto.;Das Geld ist das reinste Beispiel eines Mittels, das zum absoluten Zweck geworden ist.;Filosofia do Dinheiro;A;"Fase 119 (10/10/2026): removida do catálogo ativo — O original registrado funde um título de seção da Filosofia do Dinheiro (“das Geld als das reinste Beispiel des Werkzeugs”) com uma paráfrase; a frase não foi localizada no texto."
f7417xte0p;Abraham Maslow;O que um homem pode ser, ele precisa ser.;What a man can be, he must be.;Motivação e Personalidade;A;"Fase 119 (10/10/2026): confirmada — Texto de “A Theory of Human Motivation” (1943), reproduzido em Motivation and Personality (1954); Wikiversity cita a passagem (Maslow, 1943)"
f742biw7kr;Abraham Maslow;É bem verdade que o homem vive só de pão — quando não há pão.;It is quite true that man lives by bread alone — when there is no bread.;Motivação e Personalidade;A;"Fase 119 (10/10/2026): confirmada — “A Theory of Human Motivation” (Psychological Review, 1943), texto em psychclassics.yorku.ca; reproduzido em Motivation and Personality (1954)"
f746i6m0r5;Sojourner Truth;Eu arei, plantei e enchi celeiros, e nenhum homem podia me superar. E não sou eu uma mulher?;I have ploughed, and planted, and gathered into barns, and no man could head me. And ain’t I a woman?;Não Sou Eu uma Mulher?;A;Fase 119 (10/10/2026): corrigida — fonte | evidência: Versão de Frances Gage (1863): “I have ploughed and planted, and gathered into barns, and no man could head me! And ain’t I a woman?”
f747ykomq9;Sojourner Truth;Se a primeira mulher que Deus fez foi forte o bastante para virar o mundo de cabeça para baixo sozinha, estas mulheres juntas deveriam ser capazes de virá-lo de volta.;If the first woman God ever made was strong enough to turn the world upside down all alone, these women together ought to be able to turn it back.;Não Sou Eu uma Mulher?;A;Fase 119 (10/10/2026): corrigida — fonte | evidência: Versão de Frances Gage (1863)
f749qmv8pk;Max Planck;A ciência não consegue resolver o mistério último da natureza, porque nós mesmos somos parte do enigma que tentamos resolver.;Science cannot solve the ultimate mystery of nature, because we ourselves are part of the mystery we are trying to solve.;Autobiografia Científica;A;"Fase 119 (10/10/2026): corrigida — a frase não é da Autobiografia Científica; orig com redação inexata | evidência: Where Is Science Going? (1932, trad. James Murphy), epílogo; redação registrada por todayinsci.com"
f74age2lz4;Meister Eckhart;Se a única oração que você fizer em toda a vida for obrigado, já será suficiente.;Wäre das einzige Gebet, das du je sprichst, danke, so würde das genügen.;Sermões Alemães;A;"Fase 119 (10/10/2026): removida do catálogo ativo — Atribuição contestada (Wikiquote “Disputed”): a frase não está nos sermões; o trecho genuíno mais próximo (Pr. 34 Quint / Walshe XXVII) diz outra coisa, e o alemão do orig é retradução."
f74bb9oalw;Meister Eckhart;Deus está mais perto de mim do que eu estou de mim mesmo.;Got ist mir næher denne ich mir selber sî.;Sermões Alemães;A;Fase 119 (10/10/2026): removida do catálogo ativo — Redação médio-alto-alemã do orig não localizada em sermão identificado.
f74ekqt6fr;John Bowlby;A criança precisa de uma base segura a partir da qual possa explorar o mundo e à qual possa retornar.;The child needs a secure base from which to explore the world and to which he can return.;Apego;A;"Fase 119 (10/10/2026): removida do catálogo ativo — A expressão “base segura” é de Ainsworth/Bowlby, mas a redação não foi localizada em Attachment (1969); a formulação mais próxima está em A Secure Base (1988), com outras palavras."
f74fj7homl;John Bowlby;O que para o psicanalista é a perda da mãe, para o etólogo é a perda da proteção contra o perigo.;Attachment behaviour has the function of protection from predators.;Apego;A;Fase 119 (10/10/2026): removida do catálogo ativo — O texto português não traduz o orig, e nenhum dos dois foi localizado como frase de Attachment (1969).
f74hge2lz4;Oprah Winfrey;A gratidão é o caminho mais rápido para transformar o que você tem no bastante.;"Be thankful for what you have; you’ll end up having more.";O Que Eu Sei com Certeza;A;Fase 119 (10/10/2026): removida do catálogo ativo — O texto português não traduz o orig, e nenhum dos dois foi localizado em What I Know for Sure.
f74lqmv8pk;Norman Schwarzkopf;A liderança é uma combinação poderosa de estratégia e caráter. Mas, se você tiver de ficar sem um dos dois, fique sem a estratégia.;Leadership is a potent combination of strategy and character. But if you must be without one, be without the strategy.;It Doesn’t Take a Hero;A;"Fase 119 (10/10/2026): removida do catálogo ativo — Sem fonte primária; circula só em coletâneas e boletins, sem localização em It Doesn’t Take a Hero."
f74mrwytjv;Nora Ephron;Se eu contar a história, controlo a versão. Se eu contar a história, posso fazer você rir — e prefiro que você ria de mim a sentir pena de mim.;Because if I tell the story, I control the version. Because if I tell the story, I can make you laugh, and I would rather have you laugh at me than feel sorry for me.;Heartburn;A;"Fase 119 (10/10/2026): confirmada — Heartburn (1983), fala da narradora, Rachel Samstat (Paris Review; RogerEbert.com)"
f74ol013em;Reinhold Niebuhr;Os grupos sociais são menos capazes de autocrítica e de justiça do que os indivíduos que os compõem.;The group is more arrogant, hypocritical, self-centered and more ruthless in the pursuit of its ends than the individual.;Moral Man and Immoral Society;A;"Fase 119 (10/10/2026): removida do catálogo ativo — O texto português não traduz o orig, e a redação do orig não foi localizada no livro; a passagem confirmada fala em “less capacity for self-transcendence”."
f74tuqdw7c;Walt Disney;A todos que vêm a este lugar feliz: bem-vindos. Aqui a idade revive boas lembranças do passado, e a juventude saboreia o desafio e a promessa do futuro.;To all who come to this happy place: welcome. Here age relives fond memories of the past, and here youth may savor the challenge and promise of the future.;Disneylândia;A;Fase 119 (10/10/2026): corrigida — orig omitia trecho sem indicar | evidência: Discurso de inauguração da Disneylândia, 17/07/1955 (texto da placa de dedicação)
f74uma4o8x;Plutarco;"Não escrevo histórias, e sim vidas; e nem sempre é nas ações mais gloriosas que se revela a virtude ou o vício.";Οὔτε γὰρ ἱστορίας γράφομεν, ἀλλὰ βίους.;Vidas Paralelas;A;Fase 119 (10/10/2026): corrigida — orig continha só a primeira oração do trecho traduzido | evidência: Plutarco, Vida de Alexandre 1.2 (texto grego Perseus, canonical-greekLit tlg0007.tlg047)
f74vk8dci1;Robert Kiyosaki;Os pobres e a classe média trabalham por dinheiro. Os ricos fazem o dinheiro trabalhar para eles.;The poor and the middle class work for money. The rich have money work for them.;Pai Rico, Pai Pobre;A;Fase 119 (10/10/2026): confirmada — Rich Dad Poor Dad (1997), lição 1
f74wc1c1ih;Oliver Wendell Holmes;O jovem conhece as regras, mas o velho conhece as exceções.;Young man knows the rules, but the old man knows the exceptions.;O Autocrata da Mesa do Café da Manhã;A;"Fase 119 (10/10/2026): corrigida — obra errada (não é O Autocrata da Mesa do Café da Manhã); orig sem artigo | evidência: Medical Essays, “The Young Practitioner” (1871): “The young man knows the rules, but the old man knows the exceptions.” (Project Gutenberg #2700, espelho GITenberg)"
f74xdbfmcs;Neil Postman;A infância é uma invenção social, e não uma categoria biológica.;Childhood is a social artifact, not a biological category.;O Desaparecimento da Infância;A;Fase 119 (10/10/2026): confirmada — The Disappearance of Childhood (1982), introdução, p. xi (citado em artigo acadêmico)
f74yp3jqwe;Nikola Tesla;Nossas virtudes e nossos defeitos são inseparáveis, como a força e a matéria: quando se separam, o homem deixa de existir.;Our virtues and our failings are inseparable, like force and matter. When they separate, man is no more.;Minhas Invenções;A;Fase 119 (10/10/2026): confirmada — My Inventions (1919), parte I
f74zlroub7;Mihaly Csikszentmihalyi;Chamo de fluxo o estado em que a pessoa está tão envolvida numa atividade que nada mais parece importar.;I call it flow: the state in which people are so involved in an activity that nothing else seems to matter.;Fluxo;A;"Fase 119 (10/10/2026): corrigida — orig com “I call it flow”, que não está no texto | evidência: Flow (1990), p. 4 (citado na literatura acadêmica; Wikiquote)"
f74104v6eed;Miguel de Cervantes;A pena é a língua da alma.;La pluma es la lengua del alma.;Dom Quixote;A;"Fase 119 (10/10/2026): corrigida — orig com artigo a mais; fonte sem parte e capítulo | evidência: Don Quijote, parte II, cap. 16: “la pluma es lengua del alma”, fala de Dom Quixote (Project Gutenberg #2000, espelho GITenberg)"
f7411o2o30y;Stephen Covey;Ser proativo é mais do que tomar iniciativa: é reconhecer que somos responsáveis pelas nossas próprias escolhas.;Being proactive means more than taking initiative. It means that as human beings we are responsible for our own lives.;Os 7 Hábitos das Pessoas Altamente Eficazes;A;Fase 119 (10/10/2026): corrigida — texto português não traduzia o orig | evidência: The 7 Habits (1989), hábito 1: “It means that as human beings, we are responsible for our own lives.”
f74127fdk2z;T. S. Eliot;Medi minha vida em colheres de café.;I have measured out my life with coffee spoons.;A Canção de Amor de J. Alfred Prufrock;A;Fase 119 (10/10/2026): confirmada — Prufrock and Other Observations (Project Gutenberg #1459, espelho GITenberg)
f7413cajyhc;Paul Tillich;A coragem é a autoafirmação do ser apesar do fato do não-ser.;Courage is the self-affirmation of being in spite of the fact of non-being.;A Coragem de Ser;A;Fase 119 (10/10/2026): confirmada — The Courage to Be (1952), definição central da obra
f7414hxe3sa;Rosa Parks;Aprendi ao longo dos anos que, quando a pessoa já tomou sua decisão, isso diminui o medo.;I have learned over the years that when one’s mind is made up, this diminishes fear.;Rosa Parks: Minha História;A;"Fase 119 (10/10/2026): removida do catálogo ativo — Sem obra localizada; circula só em coletâneas, sem confirmação em Rosa Parks: My Story."
f7415khl9gw;Sophie Scholl;Cada indivíduo consciente da responsabilidade que carrega deve defender-se nesta última hora.;Jeder einzelne Mensch, der sich seiner Verantwortung bewußt ist, muß sich in dieser letzten Stunde wehren.;Panfletos da Rosa Branca;A;Fase 119 (10/10/2026): removida do catálogo ativo — Atribuição incorreta: trecho do primeiro panfleto da Rosa Branca, escrito por Hans Scholl e Alexander Schmorell.
f7416hxe3sa;Stanley Milgram;A obediência é o elemento psicológico que liga o indivíduo ao sistema de autoridade.;Obedience is the psychological mechanism that links individual action to political purpose.;Obediência à Autoridade;A;Fase 119 (10/10/2026): corrigida — texto português não traduzia o orig | evidência: Obedience to Authority (1974), cap. 1
f7417dknjbn;Reid Hoffman;Nenhuma carreira é garantida: todos estamos em beta permanente.;You are always a work in progress. You are in permanent beta.;O Startup de Você;A;"Fase 119 (10/10/2026): removida do catálogo ativo — Redação do orig não localizada no livro; “permanent beta” é o conceito do livro, mas a frase vem de resumos."
f7418q4feru;Robert K. Greenleaf;O teste é este: aqueles a quem se serve crescem como pessoas? Tornam-se mais saudáveis, mais sábios, mais livres, mais autônomos?;The best test is: do those served grow as persons? Do they, while being served, become healthier, wiser, freer, more autonomous?;O Servidor como Líder;A;Fase 119 (10/10/2026): confirmada — “The Servant as Leader” (1970), o “melhor teste” da liderança servidora
f7419oubtxj;Pelé;O sucesso não é acidente: é trabalho duro, perseverança, estudo, sacrifício e, acima de tudo, amor pelo que se está fazendo.;Success is no accident. It is hard work, perseverance, learning, studying, sacrifice and most of all, love of what you are doing.;Pelé: A Autobiografia;A;"Fase 119 (10/10/2026): removida do catálogo ativo — Sem fonte primária; a atribuição à autobiografia não foi confirmada (TV Azteca registra que não há fonte documentada)."
f771k8dci1;Angela Duckworth;Talento vezes esforço resulta em habilidade. Habilidade vezes esforço resulta em realização.;Talent times effort equals skill. Skill times effort equals achievement.;Garra;A;"Fase 119 (10/10/2026): confirmada — Grit (2016), cap. 3 “Effort Counts Twice”: equações reproduzidas em resumos do capítulo (IIT Delhi; Shortform)"
f772l990dh;Ayn Rand;A realização do próprio bem-estar e da própria felicidade é o mais alto propósito moral do ser humano.;The achievement of his own happiness is man’s highest moral purpose.;A Virtude do Egoísmo;A;"Fase 119 (10/10/2026): corrigida — texto português acrescentava “bem-estar” | evidência: The Virtue of Selfishness (1964), ensaio “The Objectivist Ethics”; destaques de leitores"
f7739qcssq;Ernest Hemingway;O mundo é um bom lugar e vale a pena lutar por ele.;The world is a fine place and worth the fighting for.;Por Quem os Sinos Dobram;A;Fase 119 (10/10/2026): confirmada — For Whom the Bell Tolls (1940), último capítulo, pensamento de Robert Jordan (coletâneas e Easton Press)
f774fvms1e;Ernest Hemingway;Como você foi à falência? De duas maneiras: gradualmente, e depois de repente.;How did you go bankrupt? Two ways. Gradually, then suddenly.;O Sol Também Se Levanta;A;"Fase 119 (10/10/2026): corrigida — Original ajustado ao diálogo do romance; localização acrescentada. | evidência: The Sun Also Rises, cap. 13 (Project Gutenberg #67138, espelho GITenberg)"
f7769zkprl;J.K. Rowling;Não adianta viver de sonhos e esquecer de viver.;It does not do to dwell on dreams and forget to live.;Harry Potter e a Pedra Filosofal;A;"Fase 119 (10/10/2026): corrigida — fonte sem ano e capítulo; falta indicar o personagem | evidência: Philosopher’s Stone, cap. 12 (“The Mirror of Erised”), fala de Dumbledore"
f777cszsf2;Harriet Tubman;Fui condutora da Ferrovia Subterrânea por oito anos, e posso dizer o que a maioria dos condutores não pode: nunca descarrilei meu trem e nunca perdi um passageiro.;I was conductor of the Underground Railroad for eight years, and I can say what most conductors can’t say — I never ran my train off the track and I never lost a passenger.;Rotas da Ferrovia Subterrânea;A;"Fase 119 (10/10/2026): corrigida — A fonte registrada (“Rotas da Ferrovia Subterrânea”) não é obra; a fala é atribuída a Tubman numa reunião sufragista de 1896 e registrada em coletânea. | evidência: Massachusetts Commonwealth Museum (exposição sobre o sufrágio); The Columbia Book of Quotations by Women (1996), p. 2 (via Wikiquote)"
f778gwifwu;Hans Kelsen;A ciência jurídica deve descrever o direito tal como ele é, e não como deveria ser.;Die Rechtswissenschaft hat das Recht zu beschreiben, wie es ist, nicht wie es sein soll.;Teoria Pura do Direito;A;"Fase 119 (10/10/2026): removida do catálogo ativo — Redação alemã não localizada na Teoria Pura do Direito nem em citações dela; parece paráfrase da tese de Kelsen."
f77ai6m0r5;Howard Schultz;É na adversidade e na mudança que descobrimos quem realmente somos e o que defendemos.;In times of adversity and change, we really discover who we are and what we’re made of.;Dedique-se de Coração;A;Fase 119 (10/10/2026): removida do catálogo ativo — Não localizada em Dedique-se de Coração nem em outra fonte consultável.
f77bar8go6;Jean Piaget;Conhecer um objeto é agir sobre ele e transformá-lo.;Connaître un objet, c’est agir sur lui et le transformer.;A Epistemologia Genética;A;"Fase 119 (10/10/2026): removida do catálogo ativo — Redação francesa não localizada nas obras indicadas; circula sem página em coletâneas."
f77ciy9rnq;Jane Goodall;Você não atravessa um único dia sem causar algum efeito no mundo à sua volta. O que você faz importa, e cabe a você decidir que tipo de diferença quer fazer.;You cannot get through a single day without having an impact on the world around you. What you do makes a difference, and you have to decide what kind of difference you want to make.;Razão para Esperança;A;"Fase 119 (10/10/2026): removida do catálogo ativo — Redação não localizada em Reason for Hope (1999); circula em coletâneas com variações e sem página."
f77deur45y;Jaron Lanier;As pessoas se rebaixam para tornar as máquinas mais impressionantes.;People degrade themselves in order to make machines seem smart all the time.;Você Não É Um Aplicativo;A;"Fase 119 (10/10/2026): removida do catálogo ativo — Redação não localizada em You Are Not a Gadget (2010); a frase do livro sobre pessoas que se rebaixam é diferente."
f77esfenhl;Ada Lovelace;A Máquina Analítica não tem nenhuma pretensão de originar coisa alguma: ela pode fazer o que quer que saibamos ordenar-lhe que execute.;The Analytical Engine has no pretensions whatever to originate anything. It can do whatever we know how to order it to perform.;Notas sobre a Máquina Analítica;A;"Fase 119 (10/10/2026): confirmada — Notas de Ada Lovelace à tradução do artigo de Menabrea (1843), nota G; texto em psychclassics.yorku.ca e Bodleian Library"
f77freizm5;Angela Davis;As mulheres negras eram iguais a seus companheiros na opressão que sofriam e resistiam à escravidão com uma paixão igual à deles.;"Black women were equal to their men in the oppression they suffered; and they resisted slavery with a passion equal to their men’s.";Mulheres, Raça e Classe;A;"Fase 119 (10/10/2026): corrigida — O original registrado omitia, sem indicação, a oração do meio; completado com o texto do livro e tradução ajustada. | evidência: Women, Race & Class (1981), cap. 1; passagem reproduzida pela Penguin Modern Classics (2019) e outras edições"
f77gv8tq52;Arthur Ashe;O verdadeiro heroísmo é notavelmente sóbrio e nada dramático: não é o impulso de superar os outros a qualquer custo, mas de servi-los a qualquer custo.;True heroism is remarkably sober, very undramatic. It is not the urge to surpass all others at whatever cost, but the urge to serve others at whatever cost.;Days of Grace;A;"Fase 119 (10/10/2026): corrigida — A frase não está em Days of Grace; o registro documentado é o discurso de formatura de 1991 na Ohio Wesleyan University. Fonte corrigida. | evidência: Quote Investigator (2023, “heroism serve”): discurso de formatura de Arthur Ashe na Ohio Wesleyan University, 12/05/1991, citado em jornal de Delaware (Ohio) em 1993 e no Reader’s Digest (1994)"
f77hl990dh;Brian Tracy;Seu sapo é a maior e mais importante tarefa do dia — justamente aquela que você tem mais chance de adiar.;Your frog is your biggest, most important task, the one you are most likely to procrastinate on.;Engula Aquele Sapo;A;"Fase 119 (10/10/2026): confirmada — Eat That Frog! (2001), introdução: “Your frog is your biggest, most important task, the one you are most likely to procrastinate on, if you don’t do something about it” (resenha de 2007; resumos)"
f77khey9uk;Donald Winnicott;É no brincar, e somente no brincar, que a criança ou o adulto é inteiramente ele mesmo.;It is in playing and only in playing that the individual child or adult is able to be creative and to use the whole personality.;O Brincar e a Realidade;A;"Fase 119 (10/10/2026): corrigida — O português (“é inteiramente ele mesmo”) não traduzia o original; ajustado. | evidência: Playing and Reality (1971), cap. 4; citação reproduzida em fontes de ensino sobre Winnicott"
f77lj7homl;Elisabeth Kübler-Ross;Se você proteger os cânions das tempestades, nunca verá a beleza de suas formas esculpidas.;Should you shield the canyons from the windstorms, you would never see the true beauty of their carvings.;Sobre a Morte e o Morrer;A;"Fase 119 (10/10/2026): removida do catálogo ativo — Atribuição sem fonte primária: sites de citações e a própria fundação Kübler-Ross a reproduzem sem livro, palestra ou página; não está confirmada em Sobre a Morte e o Morrer."
f77mfvms1e;Elisabeth Kübler-Ross;Os que morrem podem nos ensinar muito, se tivermos a paciência de escutá-los.;The dying patient can teach us a great deal, if we have the patience to listen.;Sobre a Morte e o Morrer;A;Fase 119 (10/10/2026): removida do catálogo ativo — Redação não localizada em Sobre a Morte e o Morrer (1969) nem em citações com página.
f790a8smqg;Esopo;Não conte os pintinhos antes de chocarem os ovos.;Do not count your chickens before they are hatched.;Fábulas;A;"Fase 119 (10/10/2026): removida do catálogo ativo — A fábula da leiteira e o balde não pertence ao corpus esópico antigo (é de tradição posterior, conhecida pela versão de La Fontaine, “La Laitière et le Pot au lait”); aparece apenas em coletâneas modernas reunidas sob o nome de Esopo. Atribuição a Esopo não sustentável."
f7914cqkgn;Esopo;Aparências enganam.;Appearances are deceptive.;Fábulas;A;Fase 119 (10/10/2026): confirmada — Aesop’s Fables (Project Gutenberg #28, espelho GITenberg)
f792cjrvg7;Elbert Hubbard;A civilização é uma longa e ansiosa busca por pessoas assim.;Civilization is one long anxious search for just such individuals.;Uma Mensagem a Garcia;A;Fase 119 (10/10/2026): confirmada — A Message to Garcia (Project Gutenberg #17195, espelho GITenberg)
f793fmev2j;Joseph Joubert;É melhor debater uma questão sem resolvê-la do que resolvê-la sem debatê-la.;Il vaut mieux débattre une question sans la régler que de la régler sans la débattre.;Pensamentos;A;"Fase 119 (10/10/2026): corrigida — orig era variante moderna | evidência: Pensées, cap. 8, § 71 (ed. 1850): “Il vaut mieux remuer une question sans la décider, que la décider sans la remuer.” (wist.info, com edição e parágrafo); a redação com “débattre” é variante moderna"
f794bs44jm;Joseph Joubert;As crianças precisam mais de modelos do que de críticos.;Les enfants ont plus besoin de modèles que de critiques.;Pensamentos;A;Fase 119 (10/10/2026): confirmada — Pensées, título “De l’éducation” (ed. 1850, t. 1, p. 442)
f795ip1uov;Gottfried Wilhelm Leibniz;Nada há no intelecto que não tenha estado antes nos sentidos — exceto o próprio intelecto.;Nihil est in intellectu quod non prius fuerit in sensu, excipe: nisi ipse intellectus.;Novos Ensaios sobre o Entendimento Humano;A;"Fase 119 (10/10/2026): confirmada — Nouveaux Essais, livro II, cap. 1, § 2 (Wikipedia, com remissão a Remnant & Bennett, p. 74, e à Akademie-Ausgabe VI; Academia de Ciências Tcheca)"
f796hxe3sa;Dag Hammarskjöld;Não busques a morte: ela te encontrará. Busca o caminho que faz da morte uma realização.;Do not seek death. Death will find you. But seek the road which makes death a fulfilment.;Marcos no Caminho;A;Fase 119 (10/10/2026): removida do catálogo ativo — Passagem não localizada em fonte consultável de Vägmärken / Markings (1963).
f797m0wra2;Desmond Tutu;A alegria é muito maior que a felicidade: a felicidade depende de circunstâncias externas, a alegria não.;Joy is much bigger than happiness. While happiness is often seen as being dependent on external circumstances, joy is not.;O Livro da Alegria (com o Dalai Lama);A;Fase 119 (10/10/2026): confirmada — The Book of Joy (2016, com o Dalai Lama e Douglas Abrams), fala de Tutu (resenhas e excertos)
f798ecba88;Al Ries e Jack Trout;Marketing não é uma batalha de produtos: é uma batalha de percepções.;Marketing is not a battle of products, it’s a battle of perceptions.;As 22 Consagradas Leis do Marketing;A;Fase 119 (10/10/2026): confirmada — Título da Lei 4 (Lei da Percepção) de The 22 Immutable Laws of Marketing (1993), conforme reproduções dos títulos dos capítulos
f79997wyv0;Andy Grove;Deixe o caos reinar e, depois, contenha o caos.;Let chaos reign, then rein in chaos.;Administração de Alta Performance;A;"Fase 119 (10/10/2026): corrigida — A frase é de Só os Paranoicos Sobrevivem (1996), não de Administração de Alta Performance. Fonte corrigida. | evidência: Only the Paranoid Survive (1996), seções “Let Chaos Reign” / “Rein in Chaos” (Wikiquote; catálogo da obra)"
f79akqt6fr;Rosa Luxemburgo;Ser humano é o principal de tudo, e isso significa ser firme, claro e alegre — sim, alegre apesar de tudo.;Menschsein ist die Hauptsache. Und das heißt: fest und klar und heiter sein, ja heiter trotz alledem.;Cartas da Prisão;A;"Fase 119 (10/10/2026): corrigida — orig sem a repetição final; fonte genérica | evidência: Carta a Mathilde Wurm, Wronke, 28/12/1916 (Der Freitag; tradução da Dissent, 1954)"
f79bmski6n;Wangari Maathai;Não se protege o meio ambiente sem fortalecer as pessoas e ajudá-las a entender que esses recursos são delas.;You cannot protect the environment unless you empower people, you inform them, and you help them understand that these resources are their own.;Movimento Cinturão Verde;A;"Fase 119 (10/10/2026): removida do catálogo ativo — Sem discurso ou texto datado; circula em coletâneas e no material do Green Belt Movement, sem fonte."
f79car8go6;Coco Chanel;A elegância não consiste em vestir um vestido novo.;L’élégance ne consiste pas à mettre une robe neuve.;Vestido preto simples;A;"Fase 119 (10/10/2026): removida do catálogo ativo — Atribuição não documentada: nenhuma fonte primária localizada; a “fonte” registrada (“Vestido preto simples”) não é obra."
f79dobvzzt;Jacques Maritain;A finalidade da educação não é adaptar o jovem às condições da vida social, mas despertar nele a liberdade interior.;Le but de l’éducation n’est pas d’adapter le jeune aux conditions de la vie sociale, mais d’éveiller en lui la liberté intérieure.;Humanismo Integral;A;"Fase 119 (10/10/2026): removida do catálogo ativo — Formulação não localizada em Humanisme intégral (1936) nem em outra obra de Maritain; circula só em coletâneas sem página."
f79ecjrvg7;Haemin Sunim;Quando você se aceita como é, o mundo também passa a aceitá-lo.;When you accept yourself as you are, the world accepts you too.;As Coisas Que Você Só Vê Quando Desacelera;A;Fase 119 (10/10/2026): removida do catálogo ativo — Não localizada em As Coisas Que Você Só Vê Quando Desacelera.
f79fk8dci1;Cleantes;Conduz-me, ó Zeus, e tu, Destino, para onde quer que tenhais decretado que eu vá: seguirei sem hesitar.;Ἄγου δέ μ᾽, ὦ Ζεῦ, καὶ σύ γ᾽ ἡ Πεπρωμένη, ὅποι ποθ᾽ ὑμῖν εἰμι διατεταγμένος.;Hino a Zeus;A;"Fase 119 (10/10/2026): corrigida — Os versos não são do Hino a Zeus: são outro fragmento de Cleantes, conservado por Epicteto no fim do Manual (cap. 53). Fonte corrigida; original completado com o verso que o português traduz (“seguirei sem hesitar”). | evidência: Epicteto, Encheirídion 53, texto grego da edição Perseus (canonical-greekLit, GitHub)"
f79ghxe3sa;Harry Markowitz;A carteira com o maior retorno esperado não é necessariamente a que tem o menor risco.;The portfolio with maximum expected return is not necessarily the one with minimum variance.;Seleção de Carteiras;A;Fase 119 (10/10/2026): removida do catálogo ativo — Não está no artigo de 1952: a redação é de um livro didático (McConnell, Economics) que parafraseia Markowitz.
f79hfd6y3o;Estée Lauder;Telefone, telégrafo, conte a uma mulher.;Telephone, telegraph, tell a woman.;Estée: Uma História de Sucesso;A;Fase 119 (10/10/2026): corrigida — Lema documentado pela empresa, não passagem localizada no livro de 1985. Fonte corrigida. | evidência: Estée Lauder Companies, página “Our Founder” (heritage)
f79jiy9rnq;Anaïs Nin;Cada amigo representa um mundo dentro de nós, um mundo que talvez só nasça quando ele chega.;Each friend represents a world in us, a world possibly not born until they arrive.;Diário de Anaïs Nin;A;"Fase 119 (10/10/2026): confirmada — The Diary of Anaïs Nin (Wikiquote; Britannica Quotes; Goodreads), entrada de 1937"
f79khey9uk;Alexandre Dumas;Só quem já esteve na miséria mais profunda é capaz de sentir a felicidade mais alta.;Il n’y a ni bonheur ni malheur en ce monde, il y a la comparaison d’un état à un autre.;O Conde de Monte Cristo;A;"Fase 119 (10/10/2026): corrigida — O original registrado era a frase anterior da mesma carta; o português traduz “Celui-là seul qui a éprouvé l’extrême infortune est apte à ressentir l’extrême félicité”. Original corrigido; localização acrescentada. | evidência: Le Comte de Monte-Cristo, t. IV (Project Gutenberg #17992, espelho GITenberg)"
f79liy9rnq;Ayn Rand;Toda obra criadora nasce de um indivíduo que pensa sozinho, e não de um coletivo que aprova.;No work is ever done collectively, by a majority decision. Every creative job is achieved under the guidance of a single individual thought.;A Nascente;A;"Fase 119 (10/10/2026): corrigida — Só a segunda frase foi confirmada; a primeira e a paráfrase portuguesa (“…e não de um coletivo que aprova”) não. Mantida apenas a frase conferida, com tradução fiel. | evidência: The Fountainhead (1943), discurso de Roark no tribunal (LitCharts cita “Every creative job is achieved under the guidance of a single individual thought”)"
f79mge2lz4;Angela Davis;Numa sociedade racista, não basta não ser racista: é preciso ser antirracista.;In a racist society it is not enough to be non-racist, we must be anti-racist.;A Liberdade é uma Luta Constante;A;"Fase 119 (10/10/2026): removida do catálogo ativo — Sem fonte primária: a frase circula com o nome de Angela Davis em sites de citações, sem livro, discurso ou entrevista identificados; a fonte registrada (A Liberdade é uma Luta Constante) não foi confirmada."
f79pho66tf;Pierre-Joseph Proudhon;Se me perguntassem o que é a escravidão, eu responderia num instante: é o assassinato.;Si j’avais à répondre à la question suivante: qu’est-ce que l’esclavage? je répondrais en un mot: c’est l’assassinat.;O Que é a Propriedade?;A;Fase 119 (10/10/2026): corrigida — orig abreviado | evidência: Qu’est-ce que la propriété? (1840), cap. 1, primeiras linhas: “Si j’avais à répondre à la question suivante: Qu’est-ce que l’esclavage? et que d’un seul mot je répondisse: C’est l’assassinat, ma pensée serait d’abord comprise.”
f79qfmev2j;Quintiliano;Ensina mais quem faz aprender.;Plus docet, qui discere facit.;Institutio Oratoria;A;Fase 119 (10/10/2026): removida do catálogo ativo — Sentença não localizada na Institutio Oratoria.
f801obvzzt;Salvador Dalí;Aos seis anos eu queria ser cozinheiro. Aos sete, queria ser Napoleão. Minha ambição não parou de crescer desde então.;A los seis años quería ser cocinero. A los siete quería ser Napoleón. Mi ambición no ha hecho más que crecer desde entonces.;A Vida Secreta de Salvador Dalí;A;"Fase 119 (10/10/2026): corrigida — o orig espanhol é tradução, não o texto original | evidência: The Secret Life of Salvador Dalí (1942), prólogo, primeiras frases; o livro saiu primeiro em inglês (trad. Haakon Chevalier)"
f803iy9rnq;Michelangelo;O melhor artista não tem conceito algum que um só mármore não encerre em si, com seu excesso.;Non ha l’ottimo artista alcun concetto ch’un marmo solo in sé non circoscriva col suo superchio.;Rime;A;Fase 119 (10/10/2026): confirmada — Rime, soneto 151 (“Non ha l’ottimo artista alcun concetto”)
f804i6m0r5;Alice Walker;A maneira mais comum de as pessoas abrirem mão do seu poder é achando que não têm nenhum.;The most common way people give up their power is by thinking they don’t have any.;Em Busca dos Jardins de Nossas Mães;A;"Fase 119 (10/10/2026): removida do catálogo ativo — Atribuição não verificada: o Quote Investigator não encontrou a frase em livro, ensaio, entrevista ou discurso de Alice Walker; o registro mais antigo é uma coluna de 1999 de Rhona Raskins, sem fonte."
f805ar8go6;Louisa May Alcott;Ela gosta demais de livros, e isso lhe virou a cabeça.;She is too fond of books, and it has turned her brain.;Mulherzinhas;A;"Fase 119 (10/10/2026): corrigida — a frase não é de Mulherzinhas, e sim de Work | evidência: Work: A Story of Experience (1873), cap. II (“Servant”), fala da Sra. Stuart (Project Gutenberg #4770, espelho GITenberg); Quote Investigator (2015)"
f8068ph4xa;Madame de Staël;A glória é o luto brilhante da felicidade.;La gloire est le deuil éclatant du bonheur.;Corinne;A;Fase 119 (10/10/2026): corrigida — A frase não está em Corinne: está em Da Alemanha, parte III, cap. XIX (“De l’amour dans le mariage”), e diz respeito à glória para uma mulher. Fonte, original e tradução corrigidos. | evidência: De l’Allemagne, t. 2, parte III, cap. XIX (Project Gutenberg #67933, espelho GITenberg)
f809qmv8pk;Benjamin Constant;A liberdade dos modernos exige que as instituições garantam ao indivíduo o direito de não ser perturbado em sua vida privada.;La liberté des modernes exige des institutions qui garantissent à l’individu le droit de n’être pas troublé dans sa vie privée.;Da Liberdade dos Antigos Comparada à dos Modernos;A;"Fase 119 (10/10/2026): removida do catálogo ativo — Redação não localizada no discurso “De la liberté des Anciens comparée à celle des Modernes” (1819) nem em citações dele; parece paráfrase."
f80ajz5fj6;Hans Kelsen;A validade de uma norma jurídica não depende de seu conteúdo, mas do modo como ela foi produzida.;Die Geltung einer Rechtsnorm hängt nicht von ihrem Inhalt ab, sondern von der Art ihrer Erzeugung.;Teoria Pura do Direito;A;"Fase 119 (10/10/2026): removida do catálogo ativo — Redação alemã não localizada na Teoria Pura do Direito nem em citações dela; parece paráfrase."
f80bc1c1ih;Henry Chesbrough;Nem toda ideia precisa nascer aqui para gerar valor aqui.;Not all of the smart ideas need to originate inside to create value inside.;Open Innovation;A;Fase 119 (10/10/2026): removida do catálogo ativo — Redação não localizada em Open Innovation (2003) nem em citações do livro.
f80cjpxikb;Howard Schultz;Quando você se preocupa com as pessoas que trabalham com você, elas se preocupam com o cliente.;When you care about the people who work with you, they care about the customer.;Dedique-se de Coração;A;Fase 119 (10/10/2026): removida do catálogo ativo — Não localizada em Dedique-se de Coração nem em outra fonte consultável.
f80dfd6y3o;John Ruskin;A qualidade nunca é acidente: é sempre resultado de esforço inteligente.;Quality is never an accident. It is always the result of intelligent effort.;As Pedras de Veneza;A;"Fase 119 (10/10/2026): removida do catálogo ativo — Atribuição sem fonte: a frase não está em The Stones of Venice nem em outra obra de Ruskin; circula como lema publicitário do século XX."
f80fj7homl;David Aaker;Construir marca é construir memória: o que as pessoas lembram vale mais do que o que você diz.;Building a brand is building memory structures in the mind of the customer.;Managing Brand Equity;A;"Fase 119 (10/10/2026): removida do catálogo ativo — Não localizada em Managing Brand Equity (1991); a noção de “memory structures” é associada a outros autores (Ehrenberg-Bass), e o português não traduz o original registrado."
f80ghxe3sa;Brian Tracy;A clareza é o fator mais importante do sucesso pessoal: saber exatamente o que se quer.;Clarity is the most important single quality of goal setting: knowing exactly what you want.;Metas;A;Fase 119 (10/10/2026): removida do catálogo ativo — Redação não localizada em Goals! (Metas) nem em citações do livro, e o português (“fator mais importante do sucesso pessoal”) não traduz o original registrado.
f80hc1c1ih;Charles Kuralt;A estrada secundária mostra o país que a rodovia esconde.;You can see more of America from a back road in an hour than from an interstate in a day.;On the Road with Charles Kuralt;A;"Fase 119 (10/10/2026): removida do catálogo ativo — Redação não localizada em On the Road with Charles Kuralt (1985) nem em citações do livro; e o português (“A estrada secundária mostra o país que a rodovia esconde”) não traduz o original registrado."
f80iiy9rnq;Ernest Renan;O esquecimento, e eu diria até o erro histórico, é um fator essencial na criação de uma nação.;L’oubli, et je dirai même l’erreur historique, sont un facteur essentiel de la création d’une nation.;O Que é uma Nação?;A;"Fase 119 (10/10/2026): confirmada — Qu’est-ce qu’une nation ? (1882), cap. I; texto reproduzido em prova oral da ENS (2018)"
f80jiftxq0;Arthur Ashe;O sucesso é uma viagem, não um destino: fazer é muitas vezes mais importante do que chegar.;Success is a journey, not a destination. The doing is often more important than the outcome.;Days of Grace;A;"Fase 119 (10/10/2026): removida do catálogo ativo — Não localizada em Days of Grace (fonte registrada); circula com o nome de Arthur Ashe em listas de citações sem fonte, e “Success is a journey, not a destination” é fórmula anterior a ele."
f80lfvms1e;Gertrude Stein;Não há resposta. Não haverá resposta. Nunca houve resposta. Essa é a resposta.;There ain’t no answer. There ain’t going to be any answer. There never has been an answer. That’s the answer.;A Autobiografia de Alice B. Toklas;A;"Fase 119 (10/10/2026): removida do catálogo ativo — Não está em A Autobiografia de Alice B. Toklas (fonte registrada); circula sem livro, ensaio ou entrevista identificados."
f80nk8dci1;Harriet Beecher Stowe;As lágrimas mais amargas derramadas sobre túmulos são por palavras não ditas e atos não feitos.;The bitterest tears shed over graves are for words left unsaid and deeds left undone.;Little Foxes (1866);A;Fase 119 (10/10/2026): confirmada — Little Foxes (Project Gutenberg #67383, espelho GITenberg)
f80o7xte0p;Benjamin Disraeli;A vida é curta demais para ser pequena.;Life is too short to be little.;Coningsby, or The New Generation (1844);A;Fase 119 (10/10/2026): confirmada — Coningsby (Project Gutenberg #7412, espelho GITenberg)
f814fd6y3o;Samuel Butler;"Qualquer tolo pode dizer a verdade; é preciso algum juízo para mentir bem.";Any fool can tell the truth, but it requires a man of some sense to know how to lie well.;Cadernos de Notas;A;Fase 119 (10/10/2026): confirmada — The Note-Books of Samuel Butler (Project Gutenberg #6173, espelho GITenberg)
f8165mu5ay;Pablo Picasso;Eu não procuro: eu encontro.;Je ne cherche pas, je trouve.;Declarações e conversas registradas;A;"Fase 119 (10/10/2026): corrigida — fonte genérica | evidência: Declaração ligada a Florent Fels; recorte nos papéis de Fels (1919–1927) no Musée Picasso"
f817khl9gw;Pablo Picasso;Um quadro não é pensado e fixado de antemão: enquanto é feito, ele muda com o pensamento de quem o faz.;"Un tableau n’est pas pensé et fixé d’avance; pendant qu’on le fait, il suit la mobilité de la pensée.";Declarações e conversas registradas;A;Fase 119 (10/10/2026): corrigida — fonte genérica | evidência: Christian Zervos, “Conversation avec Picasso”, Cahiers d’Art (1935)
f81a97wyv0;Barbara McClintock;É preciso ter um sentimento pelo organismo.;You have to have a feeling for the organism.;Declarações sobre método científico;A;"Fase 119 (10/10/2026): removida do catálogo ativo — Só a expressão “a feeling for the organism” é de McClintock (citada por Evelyn Fox Keller na biografia de 1983, que leva esse título); a frase completa registrada não foi localizada, e a fonte (“declarações sobre método científico”) é genérica."
f81bqmv8pk;Ada Lovelace;A ciência das operações, derivada da matemática, é uma ciência em si mesma, com sua própria verdade abstrata e seu próprio valor.;The science of operations, as derived from mathematics, is a science of itself, and has its own abstract truth and value.;Notas sobre a Máquina Analítica;A;"Fase 119 (10/10/2026): corrigida — O original registrado omitia “more especially”; completado com o texto da nota A. | evidência: Notas de Ada Lovelace (1843), nota A, texto em psychclassics.yorku.ca"
f81cqw35of;Alain de Botton;Nossa posição na vida não é determinada pelo que temos, mas por como nos comparamos com aqueles que consideramos nossos iguais.;Our sense of our own worth is determined by comparison with those we consider our equals.;Desejo de Status;A;Fase 119 (10/10/2026): removida do catálogo ativo — A frase não foi localizada em Status Anxiety (busca pela redação exata sem resultado), e o português registrado não traduz o original registrado. Sem correspondência verificável.
f81dho66tf;David Aaker;Uma marca forte é um ativo, e precisa ser gerida como qualquer outro ativo da empresa.;A strong brand is an asset and must be managed as one.;Building Strong Brands;A;Fase 119 (10/10/2026): removida do catálogo ativo — Redação não localizada em Building Strong Brands (1996) nem em citações do livro.
f81ffmev2j;Henri Matisse;Quem quiser dedicar-se à pintura deve começar por cortar a própria língua.;Celui qui veut se consacrer à la peinture doit commencer par se faire couper la langue.;Jazz;A;"Fase 119 (10/10/2026): removida do catálogo ativo — Redação não confirmada em Jazz (1947); nenhuma fonte consultável reproduz o texto de Matisse."
f81gmski6n;Herbert Spencer;A sociedade é um organismo: cresce, diferencia-se e torna-se mais interdependente à medida que se desenvolve.;Society is an organism: it grows, differentiates, and becomes more interdependent as it develops.;Princípios de Sociologia;A;Fase 119 (10/10/2026): removida do catálogo ativo — Paráfrase: a analogia orgânica está nos Princípios de Sociologia, mas a frase registrada não foi localizada no texto.
f81hhey9uk;Madame de Staël;O entusiasmo é o que há de melhor no ser humano: é a alma da poesia, do amor e da religião.;L’enthousiasme est ce qu’il y a de meilleur dans l’homme.;Da Alemanha;A;"Fase 119 (10/10/2026): removida do catálogo ativo — Redação não localizada em De l’Allemagne (os volumes consultados não têm a frase; o capítulo “De l’enthousiasme” não foi confirmado com essas palavras)."
f81jh5qcvp;Max De Pree;Não podemos tornar-nos aquilo que precisamos ser permanecendo aquilo que somos.;We cannot become what we need to be by remaining what we are.;Liderança é uma Arte;A;"Fase 119 (10/10/2026): corrigida — fonte sem ano | evidência: Leadership Is an Art, capítulo “Who Owns This Place?”: “In the end, it is important to remember that we cannot become what we need to be by remaining what we are.” (excerto O’Reilly; wist.info)"
f81kar8go6;Melody Beattie;Cuidar de si mesmo não é egoísmo: é autopreservação.;Taking care of myself is not selfish. It is self-preservation.;Codependência Nunca Mais;A;"Fase 119 (10/10/2026): removida do catálogo ativo — Redação não localizada em Codependent No More; circula sem obra."
f81ljgpllg;Michael J. Fox;Aceitar não é resignar-se: é entender que algo é o que é e que há de haver um jeito de atravessá-lo.;Acceptance doesn’t mean resignation. It means understanding that something is what it is and that there’s got to be a way through it.;Lucky Man;A;"Fase 119 (10/10/2026): removida do catálogo ativo — Redação não localizada em Lucky Man; Fox disse coisa parecida em entrevista (ABC, 2009) com outras palavras."
f81oo2o30y;P. T. Barnum;O engano consiste em cobrir com aparências falsas aquilo que se quer mostrar, para despertar a atenção do público.;The essence of humbug is putting on glittering appearances by which to suddenly arrest public attention.;As Fraudes do Mundo;A;Fase 119 (10/10/2026): corrigida — orig e tradução não correspondiam ao texto | evidência: The Humbugs of the World (1865): ““humbug” consists in putting on glittering appearances — outside show — novel expedients, by which to suddenly arrest public attention” (Project Gutenberg #26640, espelho GITenberg)
f81qobvzzt;Robert M. Hutchins;"A educação implica ensino; o ensino implica conhecimento; conhecimento é verdade — e a verdade é a mesma em toda parte.";Education implies teaching. Teaching implies knowledge. Knowledge is truth. The truth is everywhere the same.;The Higher Learning in America;A;Fase 119 (10/10/2026): confirmada — The Higher Learning in America (1936)
f81rfd6y3o;Stendhal;A política numa obra literária é um tiro de pistola no meio de um concerto.;La politique dans une œuvre littéraire, c’est un coup de pistolet au milieu d’un concert.;O Vermelho e o Negro;A;Fase 119 (10/10/2026): corrigida — orig não correspondia ao texto | evidência: Le Rouge et le Noir, livro II, cap. 22: “La politique au milieu des intérêts d’imagination, c’est un coup de pistolet au milieu d’un concert.” (Project Gutenberg #798, espelho GITenberg)
f81s97wyv0;Théophile Gautier;Tudo passa. Só a arte robusta tem eternidade.;Tout passe. L’art robuste seul a l’éternité.;Esmaltes e Camafeus;A;Fase 119 (10/10/2026): corrigida — quebra de verso | evidência: “L’Art”, poema final de Émaux et Camées (ed. 1858): “Tout passe. — L’art robuste / Seul a l’éternité.”
f81ts66qiq;Woodrow Wilson;Acordos de paz abertos, abertamente alcançados, após os quais não haverá entendimentos internacionais privados de espécie alguma.;Open covenants of peace, openly arrived at, after which there shall be no private international understandings of any kind.;Os Quatorze Pontos;A;Fase 119 (10/10/2026): confirmada — President Wilson’s Addresses (Project Gutenberg #17427, espelho GITenberg)
f81u8yp1w5;Émile-Auguste Chartier;É preciso querer ser feliz e fazer por isso.;Il faut vouloir être heureux et y mettre du sien.;Sobre Felicidade;A;Fase 119 (10/10/2026): confirmada — Propos sur le bonheur (1925) (material editorial e áudio)
f822tgabd1;Leon C. Megginson;Não é a espécie mais intelectual que sobrevive, nem a mais forte: é a que melhor consegue ajustar-se e adaptar-se ao ambiente em que se encontra.;"It is not the most intellectual of the species that survives; it is not the strongest that survives; but the species that survives is the one that is able best to adapt.";Lições da História para a Administração;A;"Fase 119 (10/10/2026): corrigida — obra indicada inexistente; orig incompleto | evidência: Quote Investigator: discurso de 1962 publicado em “Lessons from Europe for American Business”, Southwestern Social Science Quarterly 44(1), 1963, p. 4, parafraseando Darwin"
f8258ph4xa;São Jerônimo;Ignorar as Escrituras é ignorar a Cristo.;Ignoratio scripturarum, ignoratio Christi est.;Comentário ao Livro de Isaías;A;Fase 119 (10/10/2026): confirmada — Commentarii in Isaiam, prólogo (PL 24, 17), citado em Dei Verbum 25 e no Catecismo, n. 133
f828g4up09;Leo Buscaglia;Ninguém dá o que não tem: por isso é preciso primeiro aprender a amar a si mesmo.;It is impossible to give what you do not have. You must first learn to love yourself.;Amor;A;"Fase 119 (10/10/2026): removida do catálogo ativo — Redação não localizada em Love (1972); circula sem página."
f8297fdk2z;Norman Schwarzkopf;Quando estiver no comando, comande.;When placed in command, take charge.;It Doesn’t Take a Hero;A;"Fase 119 (10/10/2026): corrigida — fonte errada | evidência: Entrevista à Academy of Achievement, onde Schwarzkopf apresenta a “regra 13” da liderança; não localizada no livro"
f82afmev2j;Phil Jackson;Liderar não é impor a própria vontade aos outros: é dominar a arte de soltar.;Leadership is not about forcing your will on others. It’s about mastering the art of letting go.;Onze Anéis;A;"Fase 119 (10/10/2026): removida do catálogo ativo — Redação não localizada em Eleven Rings; resumos falam da ideia com outras palavras."
f82bs66qiq;Shoshana Zuboff;A era digital começou com a promessa de democratizar o conhecimento e terminou numa concentração de conhecimento sem precedentes.;The digital age began with the promise to democratize knowledge and ended in an unprecedented concentration of knowledge.;A Era do Capitalismo de Vigilância;A;"Fase 119 (10/10/2026): removida do catálogo ativo — Redação não localizada em The Age of Surveillance Capitalism; resenhas descrevem a ideia com outras palavras."
f82cho66tf;Serena Williams;Um campeão não se define pelas vitórias, e sim pela forma como se recupera quando cai.;A champion is defined not by their wins but by how they can recover when they fall.;Rainha da Quadra;A;"Fase 119 (10/10/2026): corrigida — orig sem “I really think”; obra errada | evidência: Entrevista coletiva após a final do US Open de 2013 (Times of India); TIME credita a The National"
f82dfd6y3o;Thomas J. Stanley;Ninguém enriquece em uma geração vivendo ao lado de quem gasta sem parar.;Most people will never become wealthy in one generation if they are married to people who are wasteful.;O Milionário Mora ao Lado;A;"Fase 119 (10/10/2026): corrigida — texto português não traduzia o orig | evidência: The Millionaire Next Door (1996); redação idêntica em resumos (Bookroo; Edelweiss)"
f82eeur45y;Robert Collier;Comece de onde está, com o que tem: você descobrirá que já era suficiente.;"Begin where you are; work where you are; the hour which you are now wasting may be crowded with grand possibilities.";The Robert Collier Letter Book;A;Fase 119 (10/10/2026): removida do catálogo ativo — O texto português não traduz o orig, e o orig não foi localizado em Collier (variações de ditos atribuídos a outros autores).
f82fbs44jm;Santo Isidoro de Sevilha;A gramática é a origem e o fundamento das artes liberais.;Grammatica est origo et fundamentum liberalium litterarum.;Etimologias;A;Fase 119 (10/10/2026): corrigida — orig sem a primeira parte da definição | evidência: Isidoro, Etymologiae I.5.1: “Grammatica est scientia recte loquendi, et origo et fundamentum liberalium litterarum.” (texto latino, The Latin Library, espelho cltk no GitHub)
f82gmski6n;Rosalind Franklin;A ciência, para mim, dá uma explicação parcial da vida: até onde vai, apoia-se em fato, experiência e experimento.;Science, for me, gives a partial explanation of life. In so far as it goes, it is based on fact, experience and experiment.;Cartas a John Franklin;A;"Fase 119 (10/10/2026): corrigida — destinatário errado (não é John Franklin) | evidência: Mesma carta ao pai, Ellis Franklin (c. 1940), reproduzida por Maddox; Quote Investigator"
f840ho66tf;Maria Callas;Uma ópera começa muito antes de a cortina subir e termina muito depois de ela descer.;An opera begins long before the curtain goes up and ends long after it has come down.;Aulas na Juilliard;A;Fase 119 (10/10/2026): removida do catálogo ativo — Redação não localizada na transcrição de John Ardoin (Callas at Juilliard) nem em outra fonte datada.
f841f3z14t;Maria Callas;Nasce-se com uma voz, mas é preciso aprender o que se está dizendo e por quê.;You are born with a voice, but you must learn what you are saying and why.;Aulas na Juilliard;A;"Fase 119 (10/10/2026): removida do catálogo ativo — Redação não localizada; o relato mais próximo (diário de Ned Rorem) é paráfrase de terceiro."
f842ip1uov;Jesse Owens;Hitler não me esnobou: foi o meu próprio presidente que não me mandou sequer um telegrama.;Hitler didn’t snub me — it was our president who snubbed me. The president didn’t even send me a telegram.;Jesse: O Homem que Correu Mais que Hitler;A;"Fase 119 (10/10/2026): removida do catálogo ativo — A fala é relatada em versões diferentes (com “our president” ou “FDR”) e não foi localizada na obra indicada; sem transcrição datada confirmada."
f843somkgg;Jesse Owens;Todos temos sonhos. Mas, para transformar sonhos em realidade, é preciso muitíssima determinação, dedicação, autodisciplina e esforço.;We all have dreams. But in order to make dreams come into reality, it takes an awful lot of determination, dedication, self-discipline and effort.;Jesse: O Homem que Correu Mais que Hitler;A;"Fase 119 (10/10/2026): removida do catálogo ativo — Redação não localizada na obra indicada; circula apenas em coletâneas."
f845hxe3sa;Wolfgang Amadeus Mozart;Não presto atenção aos elogios nem às censuras: sigo apenas o meu próprio sentimento.;Ich kümmere mich weder um Lob noch um Tadel: ich folge nur meinem eigenen Gefühl.;Cartas;A;"Fase 119 (10/10/2026): removida do catálogo ativo — Sem carta identificada (sem data nem destinatário); não localizada nas cartas traduzidas."
f8468g97yf;Henry Stanley Haskins;As palavras são o trocado do pensamento.;Words are the small change of thought.;Meditações em Wall Street;A;"Fase 119 (10/10/2026): removida do catálogo ativo — Não confirmada em Meditations in Wall Street (1940); a frase não aparece nas fontes consultadas sobre o livro."
f847e33d9d;Laurel Thatcher Ulrich;A história não é o passado: é a história que contamos sobre o passado.;History is not the past but the story we tell about the past.;Mulheres Bem-Comportadas Raramente Fazem História;A;"Fase 119 (10/10/2026): removida do catálogo ativo — Redação não localizada no livro de 2007 nem em outra fonte; a ideia mais próxima no livro tem outras palavras."
f848h5qcvp;Ring Lardner;Não sou o tipo de sujeito que se queixa — mas você devia ver o que eles fizeram comigo.;I ain’t the kind of guy that squawks, but you ought to see what they done to me.;You Know Me Al;A;Fase 119 (10/10/2026): removida do catálogo ativo — Frase não localizada em You Know Me Al nem em outro texto de Lardner.
f849659z8o;São Jerônimo;O que não se conhece não se ama.;Quod nescitur non amatur.;Comentário ao Livro de Isaías;A;"Fase 119 (10/10/2026): removida do catálogo ativo — Não localizada em Jerônimo; ideia próxima aparece em Agostinho (De Trinitate VIII), com outras palavras."
f84aecba88;Louis Armstrong;Nunca quis ser uma grande estrela. Só queria tocar o meu instrumento.;I never did want to be no big star. I just wanted to blow my horn.;Satchmo: Minha Vida em Nova Orleans;A;Fase 119 (10/10/2026): removida do catálogo ativo — Redação não localizada em Satchmo: My Life in New Orleans (1954) nem em entrevista datada.
f861iy9rnq;John Ruskin;Não é, a rigor, o trabalho que se divide, mas os homens: divididos em meros segmentos de homens.;"It is not, truly speaking, the labour that is divided; but the men:—Divided into mere segments of men";"As Pedras de Veneza (1853), vol. II, ""A Natureza do Gótico"", § 16";A;Fase 119 (10/10/2026): confirmada — The Stones of Venice, vol. II, cap. VI, § XVI (Project Gutenberg #30755, espelho GITenberg)
f990vr9k2s;Andrew Carnegie;O problema da nossa era é a administração adequada da riqueza, para que os laços de fraternidade continuem a unir ricos e pobres em harmoniosa relação.;The problem of our age is the proper administration of wealth, so that the ties of brotherhood may still bind together the rich and poor in harmonious relationship.;"O Evangelho da Riqueza (1889; publicado originalmente como “Wealth”, North American Review, jun. 1889), frase de abertura";A;"Fase 119 (10/10/2026): confirmada — “Wealth”, North American Review 148 (jun. 1889), frase de abertura (carnegie.org; Macmillan, Reading the American Past)"
f992fmev2j;Nikola Tesla;O desenvolvimento progressivo do homem depende vitalmente da invenção.;The progressive development of man is vitally dependent on invention.;"Minhas Invenções (1919; série na Electrical Experimenter), parte I, “My Early Life”, parágrafo de abertura";A;Fase 119 (10/10/2026): confirmada — My Inventions (1919), parte I, primeira frase
f993zlkalp;Santos Dumont;Sem pretender ser gênio, teimei em ser um grande paciente. As invenções são, sobretudo, o resultado de um trabalho teimoso, em que não deve haver lugar para o esmorecimento.;sem pretender ser genio, teimei em ser um grande paciente. As invenções são, sobretudo, o resultado de um trabalho teimoso, em que não deve haver logar para o esmorecimento.;O Que Eu Vi, o Que Nós Veremos (1918), parte I (“O que eu vi”);A;"Fase 119 (10/10/2026): confirmada — O que eu vi, o que nós veremos (1918); passagem reproduzida em JCOM América Latina (2020) com a mesma redação"
f995ho66tf;Martinho Lutero;O verdadeiro tesouro da Igreja é o santíssimo Evangelho da glória e da graça de Deus.;Verus thesaurus ecclesiae est sacrosanctum evangelium gloriae et gratiae Dei.;95 Teses (1517), tese 62;A;Fase 119 (10/10/2026): confirmada — 95 Teses, tese 62: “Verus thesaurus ecclesie est sacrosanctum euangelium glorie et gratie dei.” (orig em grafia normalizada) (texto latino, The Latin Library, espelho cltk no GitHub)
f104256fk;P. T. Barnum;O dinheiro é, em certos aspectos, como o fogo: é um excelente servo, mas um terrível senhor.;"Money is in some respects like fire; it is a very excellent servant but a terrible master.";The Art of Money Getting (1880), seção “Avoid Debt”;A;Fase 119 (10/10/2026): confirmada — The Art of Money Getting (Project Gutenberg #8581, espelho GITenberg)
f112012yj;John D. Rockefeller;"O homem que começa apenas com a ideia de enriquecer não terá sucesso; é preciso ter uma ambição maior.";"The man who starts out simply with the idea of getting rich won't succeed; you must have a larger ambition.";Random Reminiscences of Men and Events (1909), capítulo “Follow the Laws of Trade”;A;Fase 119 (10/10/2026): confirmada — Random Reminiscences of Men and Events (Project Gutenberg #17090, espelho GITenberg)
f11218l55;John D. Rockefeller;Não desperdice seu esforço numa coisa que termina num triunfo mesquinho, a menos que você se contente com uma vida de pequenos sucessos.;Don't waste your effort on a thing which ends in a petty triumph unless you are satisfied with a life of petty success.;Random Reminiscences of Men and Events (1909), capítulo “Follow the Laws of Trade”;A;Fase 119 (10/10/2026): confirmada — Random Reminiscences of Men and Events (Project Gutenberg #17090, espelho GITenberg)
f112251p7;John D. Rockefeller;Não há mistério no sucesso nos negócios.;There is no mystery in business success.;Random Reminiscences of Men and Events (1909), capítulo “Follow the Laws of Trade”;A;Fase 119 (10/10/2026): confirmada — Random Reminiscences of Men and Events (Project Gutenberg #17090, espelho GITenberg)
f1130fo11;Marie Curie;A humanidade, sem dúvida, precisa de homens práticos, que tirem o melhor proveito de seu trabalho em benefício próprio, sem esquecer o interesse geral. Mas precisa também de sonhadores, para quem a busca desinteressada de um propósito é tão imperativa que se torna impossível dedicar muita atenção ao próprio benefício material.;Humanity, surely, needs practical men who make the best of their work for the sake of their own interests, without forgetting the general interest. But it also needs dreamers, for whom the unselfish following of a purpose is so imperative that it becomes impossible for them to devote much attention to their own material benefit.;Pierre Curie (1923), notas autobiográficas de Marie Curie;A;Fase 119 (10/10/2026): confirmada — Pierre Curie (Project Gutenberg #69617, espelho GITenberg)
f11319jdb;Marie Curie;"Perguntam-me com frequência, sobretudo as mulheres, como consegui conciliar a vida familiar com uma carreira científica. Pois bem: não foi fácil; exigiu muita decisão e muito sacrifício.";"I have been frequently questioned, especially by women, how I could reconcile family life with a scientific career. Well, it has not been easy; it required a great deal of decision and of self-sacrifice.";Pierre Curie (1923), notas autobiográficas de Marie Curie;A;Fase 119 (10/10/2026): confirmada — Pierre Curie (Project Gutenberg #69617, espelho GITenberg)
f113272vw;Marie Curie;Pode haver numa vida alguma direção geral, algum fio contínuo, devido a algumas ideias dominantes e a alguns sentimentos fortes, que explicam essa vida e caracterizam uma personalidade humana.;But there may be in a life some general direction, some continuous thread, due to a few dominant ideas and a few strong feelings, that explain the life and are characteristic of a human personality.;Pierre Curie (1923), notas autobiográficas de Marie Curie;A;Fase 119 (10/10/2026): confirmada — Pierre Curie (Project Gutenberg #69617, espelho GITenberg)
