autor;frase;fonte;procedencia;status;categoria
Jeff Bezos;Seja teimoso na visão, mas flexível nos detalhes.;Entrevista registrada;;A;negocios
Jeff Bezos;Coloque o cliente em primeiro lugar. Invente. E seja paciente.;Entrevista registrada;;A;negocios
Bill Gates;É bom comemorar o sucesso, mas é mais importante prestar atenção às lições do fracasso.;Entrevista registrada;;A;negocios
Bill Gates;O sucesso é um péssimo professor: ele seduz pessoas inteligentes fazendo-as pensar que nunca vão perder.;Entrevista registrada;;A;autorreconhecimento
Bill Gates;Seus clientes mais insatisfeitos são sua maior fonte de aprendizado.;Entrevista registrada;;A;empreendedorismo
Bill Gates;Se você nasceu pobre, isso não é culpa sua. Mas se você morrer pobre, a culpa é sua.;Entrevista registrada;;A;financas
Cora Coralina;Feliz aquele que transfere o que sabe e aprende o que ensina.;Poemas dos Becos de Goiás;;A;educacao
Paulo Freire;Ninguém educa ninguém, ninguém educa a si mesmo: os homens se educam entre si, mediatizados pelo mundo.;Pedagogia do Oprimido;;A;educacao
Paulo Freire;A leitura do mundo precede a leitura da palavra.;A Importância do Ato de Ler;;A;educacao
Malala Yousafzai;Uma criança, um professor, um livro e uma caneta podem mudar o mundo.;Discurso na ONU, 12/07/2013;;A;empoderamento
Ayrton Senna;No que diz respeito ao empenho, ao compromisso, à dedicação, não existe meio-termo: ou você faz uma coisa bem-feita, ou não faz.;Entrevista registrada;;A;motivacao
Ayrton Senna;Eu posso aceitar a derrota — todo mundo erra — mas nunca aceitarei não ter tentado.;Entrevista registrada;;A;motivacao
Ayrton Senna;Se você quer ser bem-sucedido, precisa ter dedicação total, buscar seu último limite e dar o melhor de si.;Entrevista registrada;;A;motivacao
Madre Teresa de Calcutá;Nem todos podemos fazer grandes coisas, mas podemos fazer pequenas coisas com grande amor.;A Simple Path;;A;fe
Madre Teresa de Calcutá;A paz começa com um sorriso.;Dito amplamente documentado em declarações e entrevistas ao longo de décadas de vida pública;;A-;fe
Nelson Mandela;A educação é a arma mais poderosa que você pode usar para mudar o mundo.;Discurso na Universidade de Witwatersrand, 2003;;A;educacao
Rubem Alves;Há escolas que são gaiolas e há escolas que são asas.;A Escola com que Sempre Sonhei;;A;educacao
Michelle Obama;Quando eles vão baixo, nós vamos alto.;Discurso na Convenção Nacional Democrata, 25 de julho de 2016;;A-;empoderamento
Chimamanda Ngozi Adichie;A pessoa mais qualificada para liderar não é a fisicamente mais forte. É a mais inteligente, a mais culta, a mais criativa, a mais inovadora.;Sejamos Todos Feministas;;A;empoderamento
Chimamanda Ngozi Adichie;Perdemos muito tempo ensinando as meninas a se preocupar com o que os meninos pensam delas. O oposto não acontece.;Sejamos Todos Feministas;;A;empoderamento
Viktor Frankl;Quando não podemos mais mudar uma situação, somos desafiados a mudar a nós mesmos.;Em Busca de Sentido;;A-;dificeis
Viktor Frankl;Encontrei o sentido da minha vida ajudando outras pessoas a encontrar um sentido nas suas.;Em Busca de Sentido;;A-;vida
Warren Buffett;Alguém está sentado na sombra hoje porque alguém plantou uma árvore há muito tempo.;Cartas aos acionistas da Berkshire Hathaway;;A-;financas
Warren Buffett;Nunca invista em um negócio que você não consegue entender.;Cartas aos acionistas da Berkshire Hathaway;;A-;financas
Luiza Trajano;A vida profissional é como uma escada. Você pode subir rápido, mas não pode pular degraus.;Entrevista registrada;;A;negocios
Luiza Trajano;Desafios são oportunidades disfarçadas.;Entrevista registrada;;A;negocios
Luiza Trajano;Errar, todo mundo erra. O importante é redirecionar o erro rapidamente.;Entrevista registrada;;A;negocios
Leonardo da Vinci;As mais lindas palavras de amor são ditas no silêncio de um olhar.;Cadernos de Leonardo;;A-;amor
William Shakespeare;É um amor pobre aquele que se pode medir.;Antônio e Cleópatra, I, 1;;A;amor
Sócrates;Para conseguir a amizade de uma pessoa digna é preciso desenvolvermos em nós mesmos as qualidades que naquela admiramos.;Declaração pública registrada;;A;amizade
Ralph Waldo Emerson;A glória da amizade é a inspiração espiritual que vem quando você descobre que alguém acredita e confia em você.;"Ensaios: Primeira Série, ""Amizade""";;A;amizade
Helen Keller;O otimismo é a fé em ação. Nada se pode levar a efeito sem otimismo.;Otimismo;;A;reflexao
Sócrates;A sabedoria começa na reflexão.;Declaração pública registrada;;A;filosofos
Confúcio;"Há três métodos para ganhar sabedoria: por reflexão, que é o mais nobre; por imitação, que é o mais fácil; e por experiência, que é o mais amargo.";Analectos, XVI, 9;;A;reflexao
Martin Luther King Jr.;Se um homem não descobriu nada pelo qual morreria, não está pronto para viver.;Discurso registrado;;A;vida
Mahatma Gandhi;A minha fé, nas densas trevas, resplandece mais viva.;Autobiografia e Collected Works of Mahatma Gandhi;;A-;vida
Chico Xavier;Gostaria de dizer para você que viva como quem sabe que vai morrer um dia, e ame como quem nunca se decepcionou.;Obra psicografada;;A-;vida
Aristóteles;A educação tem raízes amargas, mas os seus frutos são doces.;Diógenes Laércio, Vidas dos Filósofos, V — dito relatado;;A-;educacao
Confúcio;"Por natureza, os homens são próximos; a educação é que os afasta.";Analectos, XVII, 2;;A;educacao
Jean-Jacques Rousseau;A educação do homem começa no momento do seu nascimento.;Emílio, ou Da Educação;;A;educacao
Bíblia Sagrada;"Toda a educação, no momento, não parece motivo de alegria, mas de tristeza; depois, porém, produz um fruto de justiça e paz.";Bíblia Sagrada · Bíblia — Almeida Revista e Atualizada;;B;fe
Bill Gates;A primeira regra de qualquer tecnologia usada em um negócio é que a automação aplicada a uma operação eficiente aumentará a eficiência.;Entrevista registrada;;A;negocios
Provérbio Chinês;Se quiser derrubar uma árvore na metade do tempo, passe o dobro do tempo amolando o machado.;;;X;negocios
Bill Gates;O tamanho trabalha contra a excelência.;Entrevista registrada;;A;negocios
Epicuro;As pessoas felizes lembram o passado com gratidão, alegram-se com o presente e encaram o futuro sem medo.;Sentenças Vaticanas;;A-;gratidao
Chico Xavier;Não cobres tributos de gratidão.;Obra psicografada;;A-;gratidao
Sêneca;Quem acolhe um benefício com gratidão, paga a primeira prestação da sua dívida.;Sobre os Benefícios, II;;A;gratidao
Nicolau Maquiavel;Os homens têm menos escrúpulos em ofender quem se faz amar do que quem se faz temer, pois o amor se rompe quando deixa de ser necessário, mas o temor é mantido pelo medo do castigo, que nunca falha.;O Príncipe;;A-;manipulacao
Epicuro;A amizade e a lealdade residem numa identidade de almas raramente encontrada.;Sentenças Vaticanas;;A-;autorreconhecimento
Fernando Pessoa;Agir, eis a inteligência verdadeira. Serei o que quiser. Mas tenho que querer o que for.;Livro do Desassossego (Bernardo Soares);;A;conforto
Carl Rogers;Aceitar-se a si mesmo é um pré-requisito para uma aceitação mais fácil e genuína dos outros.;Tornar-se Pessoa;;A-;autorreconhecimento
Marco Aurélio;Não perca tempo discutindo sobre o que um bom homem deve ser. Seja um.;Meditações, X, 16;;A;filosofos
Epicteto;A riqueza não consiste em ter grandes posses, mas em ter poucas necessidades.;Fragmentos (recolhidos por Estobeu);;A-;filosofos
Audre Lorde;Não sou livre enquanto qualquer mulher não for livre, mesmo quando as algemas dela forem muito diferentes das minhas.;"Ensaio ""Age, Race, Class, and Sex: Women Redefining Difference"" (1980), reunido em Sister Outsider (1984)";;A-;empoderamento
Simone de Beauvoir;"Nada, portanto, nos limitava, nada nos definia, nada nos sujeitava: nossa ligação com o mundo, nós é que a criávamos; a liberdade era nossa própria substância.";A Força da Idade (1960);;A-;empoderamento
Confúcio;Exige muito de ti e espera pouco dos outros. Assim, evitarás muitos aborrecimentos.;Analectos, XV, 15;;A;reflexao
Friedrich Nietzsche;As convicções são inimigas mais perigosas da verdade do que as mentiras.;Humano, Demasiado Humano, 483;;A;reflexao
Albert Einstein;Ele percebeu com muita clareza que o mundo corre maior perigo da parte dos que toleram ou encorajam o mal do que da parte daqueles que o cometem.;Nota sobre Pablo Casals, 30 de março de 1953, publicada em Conversations avec Pablo Casals, de J. M. Corredor (1955);;A;manipulacao
Sócrates;Sábio é aquele que conhece os limites da própria ignorância.;Declaração pública registrada;;A;filosofos
Antoine de Saint-Exupéry;Só se vê bem com o coração, o essencial é invisível aos olhos.;O Pequeno Príncipe, XXI;;A;conforto
William Shakespeare;Chorar sobre as desgraças passadas é a maneira mais segura de atrair outras.;Otelo, I, 3;;A;dificeis
Fernando Pessoa;O próprio viver é morrer, porque não temos um dia a mais na nossa vida que não tenhamos, nisso, um dia a menos nela.;Livro do Desassossego (Bernardo Soares);;A;vida
Mahatma Gandhi;A alegria está na luta, na tentativa, no sofrimento envolvido e não na vitória propriamente dita.;Autobiografia e Collected Works of Mahatma Gandhi;;A-;motivacao
Martin Luther King Jr.;Se não puder voar, corra. Se não puder correr, ande. Se não puder andar, rasteje, mas continue em frente de qualquer jeito.;Discurso registrado;;A;motivacao
William Shakespeare;Nossas dúvidas são traidoras e nos fazem perder o que, com frequência, poderíamos ganhar, por simples medo de arriscar.;Medida por Medida, I, 4;;A;motivacao
Friedrich Nietzsche;Fiquei magoado, não por me teres mentido, mas por não poder voltar a acreditar-te.;Além do Bem e do Mal, 183;;A;dificeis
William Shakespeare;Sabemos o que somos, mas não sabemos o que poderemos ser.;Hamlet, IV, 5;;A;autorreconhecimento
Fernando Pessoa;Querer não é poder. Quem pôde, quis antes de poder só depois de poder.;Livro do Desassossego (Bernardo Soares);;A;filosofos
Confúcio;Quem não sabe o que é a vida, como poderá saber o que é a morte?;Analectos, XI, 12;;A;filosofos
Sêneca;Nunca ninguém enriqueceu com dinheiro.;Cartas a Lucílio, VII e VIII;;A;financas
Sócrates;O amigo deve ser como o dinheiro, cujo valor já conhecemos antes de termos necessidade dele.;Declaração pública registrada;;A;financas
Ayrton Senna;"Dinheiro é um negócio curioso. Quem não tem está louco para ter; quem tem está cheio de problemas por causa dele.";Entrevista registrada;;A;financas
Benjamin Franklin;Aquele que acreditar que o dinheiro fará tudo pode bem ser suspeito de fazer tudo por dinheiro.;Poor Richard’s Almanack e Autobiografia;;A-;financas
Warren Buffett;Quero dar a meus filhos bastante dinheiro para que possam fazer o que quiserem, mas não dinheiro o bastante para que não façam nada.;Cartas aos acionistas da Berkshire Hathaway;;A-;financas
Fernando Pessoa;O dinheiro é belo, porque é a libertação.;Livro do Desassossego (Bernardo Soares);;A;financas
Winston Churchill;A política é quase tão excitante como a guerra e não menos perigosa. Na guerra a pessoa só pode ser morta uma vez, mas na política diversas vezes.;Discurso registrado;;A;politica
Aristóteles;O objeto principal da política é criar a amizade entre os membros da cidade.;Política, VII–VIII;;A;politica
Thomas Jefferson;A política é uma praga tal que eu aconselho todos a não se meterem nela.;Correspondência registrada;;A;politica
Jean-Jacques Rousseau;Em política, tal como na moral, é um grande mal não fazer bem, e todo o cidadão inútil deve ser considerado um homem pernicioso.;Emílio, ou Da Educação;;A;politica
Ronald Reagan;Eu achava que a política era a segunda profissão mais antiga. Hoje vejo que ela se parece muito com a primeira.;Discurso registrado;;A;politica
Ditado Popular;Água mole em pedra dura, tanto bate até que fura.;;;X;ditados
Ditado Popular;A pressa é a inimiga da perfeição.;;;X;ditados
Ditado Popular;As aparências enganam.;;;X;ditados
Ditado Popular;Nem tudo que reluz é ouro.;;;X;ditados
Ditado Popular;Deus ajuda quem cedo madruga.;;;X;ditados
Ditado Popular;É dando que se recebe.;;;X;ditados
Ditado Popular;Mais vale um pássaro na mão do que dois voando.;;;X;ditados
Ditado Popular;Quem espera sempre alcança.;;;X;ditados
Ditado Popular;De grão em grão, a galinha enche o papo.;;;X;ditados
Ditado Popular;Uma andorinha sozinha não faz verão.;;;X;ditados
Ditado Popular;Quem canta seus males espanta.;;;X;ditados
Ditado Popular;Não adianta chorar pelo leite derramado.;;;X;ditados
Ditado Popular;Não há mal que sempre dure, nem bem que nunca se acabe.;;;X;ditados
Ditado Popular;O diabo não é tão feio quanto se pinta.;;;X;ditados
Ditado Popular;Águas passadas não movem moinho.;;;X;ditados
Ditado Popular;Antes só do que mal acompanhado.;;;X;ditados
Ditado Popular;Diz-me com quem andas e eu te direi quem és.;;;X;ditados
Ditado Popular;Cada macaco no seu galho.;;;X;ditados
Ditado Popular;Filho de peixe, peixinho é.;;;X;ditados
Ditado Popular;Gato escaldado tem medo de água fria.;;;X;ditados
Ditado Popular;A voz do povo é a voz de Deus.;;;X;ditados
Ditado Popular;Quem semeia vento, colhe tempestade.;;;X;ditados
Ditado Popular;De pequenino é que se torce o pepino.;;;X;ditados
Ditado Popular;Faça o que eu digo, mas não faça o que eu faço.;;;X;ditados
Liev Tolstói;"Todas as famílias felizes se parecem; cada família infeliz é infeliz à sua maneira.";Anna Kariênina, abertura;;A;familia
Thomas Jefferson;A felicidade do lar é a primeira dádiva do céu.;Correspondência registrada;;A;familia
Martin Luther King Jr.;A função da educação é ensinar a pensar intensamente e a pensar criticamente. Inteligência mais caráter — esse é o objetivo da verdadeira educação.;Discurso registrado;;A;educacao
Rubem Alves;Educar é mostrar a vida a quem ainda não a viu.;A Alegria de Ensinar;;A;educacao
Carl Rogers;A única pessoa verdadeiramente educada é aquela que aprendeu a aprender e a mudar.;Tornar-se Pessoa;;A-;educacao
John Dewey;A educação é o método fundamental do progresso e da reforma social.;My Pedagogic Creed (1897), parte V;;A-;educacao
Erich Fromm;Amar significa comprometer-se sem garantia.;A Arte de Amar;;A;amor
François de La Rochefoucauld;A ausência diminui as pequenas paixões e aumenta as grandes, assim como o vento apaga a vela e atiça o fogo.;Máximas;;A-;amor
Jane Austen;Meu coração é, e sempre será, teu.;Romance de Jane Austen;;A-;amor
Steve Jobs;"Seu tempo é limitado; não o desperdice vivendo a vida de outra pessoa.";Entrevista registrada;;A;negocios
Steve Jobs;A inovação distingue um líder de um seguidor.;Entrevista à revista Fortune;;A;lideranca
Peter Drucker;O propósito de um negócio é criar e manter um cliente.;The Practice of Management;;A;negocios
Philip Kotler;As empresas dão atenção demais ao custo de fazer alguma coisa. Deveriam se preocupar mais com o custo de não fazê-la.;Administração de Marketing;;A-;negocios
Jean-Paul Sartre;O homem está condenado a ser livre.;O Ser e o Nada;;A;vida
Franklin D. Roosevelt;A única coisa que devemos temer é o próprio medo.;Discurso registrado;;A;vida
Gerda Lerner;A história das mulheres precisa ser escrita novamente, porque foi escrita pelos homens e a partir da perspectiva masculina.;A Criação do Patriarcado;;A-;empoderamento
Betty Friedan;As mulheres devem ser vistas como indivíduos completos, não como partes de um homem.;A Mística Feminina;;A-;empoderamento
Nísia Floresta;A educação é a chave para a emancipação da mulher.;Direitos das Mulheres e Injustiça dos Homens;;A-;empoderamento
Susan B. Anthony;A independência é a felicidade.;Discurso registrado;;A;empoderamento
Ruth Bader Ginsburg;As mulheres pertencem a todos os lugares onde decisões são tomadas.;Entrevista registrada;;A;empoderamento
Montesquieu;A amizade é um contrato segundo o qual prometemos pequenos favores para obter grandes serviços.;O Espírito das Leis (1748);;A-;amizade
René Descartes;Penso, logo existo.;Discurso do Método (1637), parte IV;;A;filosofos
Blaise Pascal;O coração tem razões que a própria razão desconhece.;Pensamentos, 277;;A;filosofos
Blaise Pascal;O homem não passa de um caniço, o mais fraco da natureza, mas é um caniço pensante.;Pensamentos;;A;filosofos
Heráclito;Ninguém se banha duas vezes no mesmo rio.;Fragmentos (Diels-Kranz);;A;filosofos
David Hume;O hábito é o grande guia da vida humana.;Investigação sobre o Entendimento Humano;;A;filosofos
Francis Bacon;O conhecimento é poder.;Meditationes Sacrae;;A;filosofos
José Ortega y Gasset;Eu sou eu e minha circunstância.;Meditações do Quixote;;A;filosofos
Theodore Roosevelt;Acredite que você pode, e você já está no meio do caminho.;Discurso registrado;;A;motivacao
Theodore Roosevelt;O crédito pertence ao homem que está realmente na arena.;Discurso registrado;;A;motivacao
Napoleon Hill;A oportunidade geralmente se apresenta disfarçada de infortúnio ou derrota temporária.;Pense e Enriqueça;;A-;motivacao
Napoleon Hill;O que a mente do homem pode conceber e acreditar, ela pode alcançar.;Pense e Enriqueça;;A-;motivacao
Jim Rohn;A disciplina é a ponte entre objetivos e realizações.;Palestra registrada;;A;motivacao
Jim Rohn;A motivação é o que faz você começar. O hábito é o que faz você continuar.;Palestra registrada;;A;motivacao
Helen Keller;"Sozinhos podemos fazer tão pouco; juntos podemos fazer tanto.";The Open Door;;A;motivacao
Abraham Lincoln;O caráter é mais importante que o intelecto.;Correspondência registrada;;A;motivacao
J. R. R. Tolkien;Mesmo a menor pessoa pode mudar o curso do futuro.;O Senhor dos Anéis;;A;dificeis
Edith Eger;A vida não precisa ser fácil para ser boa.;A Bailarina de Auschwitz;;A-;dificeis
Edith Eger;Você não se torna aquilo que conquista, mas aquilo que supera.;A Bailarina de Auschwitz;;A-;dificeis
Antoine de Saint-Exupéry;Tu te tornas eternamente responsável por aquilo que cativas.;O Pequeno Príncipe;;A;conforto
Cícero;A amizade torna a prosperidade mais brilhante e alivia a adversidade compartilhando seus pesos.;Sobre a Amizade (Laelius), VI;;A;conforto
John Wooden;Não permita que aquilo que você não pode fazer interfira naquilo que você pode fazer.;Wooden on Leadership;;A-;conforto
Carl Gustav Jung;"Quem olha para fora sonha; quem olha para dentro desperta.";Cartas, vol. I;;A;dificeis
Carl Rogers;A curiosa contradição é que, quando me aceito como sou, então posso mudar.;Tornar-se Pessoa;;A;autorreconhecimento
Carl Rogers;Ser empático é ver o mundo com os olhos do outro e não ver o nosso mundo refletido nos olhos dele.;Tornar-se Pessoa;;A-;autorreconhecimento
Rainer Maria Rilke;O futuro entra em nós para se transformar em nós muito antes de acontecer.;Correspondência registrada;;A;dificeis
Jesus Cristo;Amarás o teu próximo como a ti mesmo.;Mateus 22:39 · Almeida Revista e Atualizada;;A;fe
Jesus Cristo;Bem-aventurados os pacificadores, porque serão chamados filhos de Deus.;Mateus 5 (Sermão da Montanha) · Almeida Revista e Atualizada;;A;fe
Jesus Cristo;Vinde a mim, todos os que estais cansados e oprimidos, e eu vos aliviarei.;Mateus 11:28 · Almeida Revista e Atualizada;;A;fe
Livro dos Salmos;"O Senhor é meu pastor; nada me faltará.";Livro dos Salmos · Bíblia — Almeida Revista e Atualizada;;B;fe
Livro de Provérbios;Sobre tudo o que se deve guardar, guarda o teu coração, porque dele procedem as fontes da vida.;Livro de Provérbios · Bíblia — Almeida Revista e Atualizada;;B;fe
Livro de Eclesiastes;Tudo tem o seu tempo determinado, e há tempo para todo propósito debaixo do céu.;Livro de Eclesiastes · Bíblia — Almeida Revista e Atualizada;;B;fe
Carta aos Hebreus;A fé é o firme fundamento das coisas que se esperam, e a prova das coisas que se não veem.;Carta aos Hebreus · Novo Testamento — Almeida Revista e Atualizada;;B;fe
Alcorão;Com a dificuldade vem a facilidade.;Alcorão · Alcorão — tradução de Samir El Hayek (edição brasileira de referência);;B;fe
Alcorão;Deus não impõe a nenhuma alma uma carga além de sua capacidade.;Alcorão · Alcorão — tradução de Samir El Hayek (edição brasileira de referência);;B;fe
Alcorão;Aquele que salva uma vida é como se tivesse salvo toda a humanidade.;Alcorão · Alcorão — tradução de Samir El Hayek (edição brasileira de referência);;B;fe
Profeta Muhammad;O melhor entre vocês é aquele que possui o melhor caráter.;Hadith;;A-;fe
Hillel;Se eu não for por mim, quem será? Se eu for apenas por mim, o que sou eu? E se não agora, quando?;Hillel · Tradição rabínica — Pirkei Avot e Talmude, tradução a partir do hebraico;;B;fe
Ben Zoma;Não é tua obrigação terminar o trabalho, mas também não és livre para abandoná-lo.;Pirkei Avot · Tradição rabínica — Pirkei Avot e Talmude, tradução a partir do hebraico;;B;fe
Buda;"A vigilância é o caminho para a imortalidade; a negligência é o caminho para a morte.";Dhammapada, 21;;A;fe
Krishna;Você tem direito ao trabalho, mas nunca aos frutos do trabalho.;Bhagavad Gita, 2.47;;A;fe
Krishna;"Eleva-te por meio de ti mesmo, e não te deixes rebaixar; pois somente tu és teu amigo e teu inimigo.";Bhagavad Gita, 6.5–6;;A;fe
Lao Tsé;"Conhecer os outros é inteligência; conhecer a si mesmo é verdadeira sabedoria.";Tao Te Ching, 33;;A;fe
Jim Collins;Líderes de nível 5 combinam humildade pessoal com determinação profissional.;Empresas Feitas para Vencer;;A;lideranca
John F. Kennedy;Esforços e coragem não são suficientes sem propósito e direção.;Discurso registrado;;A;lideranca
Mary Parker Follett;O poder com alguém é mais forte que o poder sobre alguém.;Dynamic Administration;;A-;lideranca
Ronald Reagan;"O maior líder não é necessariamente aquele que faz as maiores coisas; é aquele que faz as pessoas fazerem grandes coisas.";Discurso registrado;;A;lideranca
John Kotter;A liderança define como o futuro deve ser, alinha as pessoas com essa visão e as inspira a realizá-la apesar dos obstáculos.;Leading Change (1996), p. 25;;A;lideranca
Winston Churchill;O preço da grandeza é a responsabilidade.;Discurso registrado;;A;lideranca
Steve Jobs;As pessoas que são loucas o suficiente para achar que podem mudar o mundo são as que realmente mudam.;Entrevista registrada;;A;empreendedorismo
Steve Jobs;Inovação é dizer não a mil coisas.;Entrevista registrada;;A;empreendedorismo
Jim Collins;A grandeza é mais uma questão de escolhas consistentes do que de circunstâncias.;Empresas Feitas para Vencer;;A;empreendedorismo
Jeff Bezos;Sua margem é minha oportunidade.;Entrevista registrada;;A;empreendedorismo
Jeff Bezos;Nós vemos nossos clientes como convidados para uma festa, e nós somos os anfitriões.;Entrevista registrada;;A;empreendedorismo
Michael Porter;A essência da estratégia é escolher o que não fazer.;What Is Strategy?, HBR 1996;;A;empreendedorismo
Elon Musk;A persistência é muito importante. Você não deve desistir a menos que seja obrigado a desistir.;Entrevista registrada;;A;empreendedorismo
Sam Walton;Existe apenas um chefe: o cliente.;Sam Walton: Made in America;;A-;empreendedorismo
Larry Page;Tenha uma saudável desconsideração pelo impossível.;Entrevista registrada;;A;empreendedorismo
Eric Ries;A velocidade de aprendizado é uma vantagem competitiva.;A Startup Enxuta;;A-;empreendedorismo
Benjamin Graham;O investidor inteligente é um realista que vende para otimistas e compra de pessimistas.;O Investidor Inteligente;;A;financas
Charlie Munger;O grande dinheiro não está na compra e venda, mas na espera.;Poor Charlie’s Almanack e reuniões da Berkshire;;A-;financas
Charlie Munger;Reconheça o que você não sabe e permaneça dentro do seu círculo de competência.;Poor Charlie’s Almanack e reuniões da Berkshire;;A-;financas
Charlie Munger;Passe cada dia tentando ser um pouco mais sábio do que você era quando acordou.;Poor Charlie’s Almanack e reuniões da Berkshire;;A-;financas
Philip Fisher;O mercado de ações está cheio de pessoas que sabem o preço de tudo e o valor de nada.;Ações Comuns, Lucros Extraordinários;;A-;financas
John Bogle;Os custos importam. Pequenas diferenças de custos podem consumir grande parte dos retornos.;O Pequeno Livro do Investimento de Bom Senso;;A-;financas
Morgan Housel;O maior inimigo do investidor é o próprio comportamento.;A Psicologia Financeira;;A-;financas
Morgan Housel;A sorte e o risco são lados diferentes da mesma moeda.;A Psicologia Financeira;;A-;financas
Morgan Housel;O maior dividendo que o dinheiro pode pagar é a liberdade.;A Psicologia Financeira;;A-;financas
Peter Lynch;A paciência é uma das maiores virtudes do investidor.;O Jeito Peter Lynch de Investir;;A-;financas
Peter Lynch;Invista no que você conhece.;O Jeito Peter Lynch de Investir;;A;financas
Milton Friedman;A liberdade econômica é um requisito essencial para a liberdade política.;Capitalismo e Liberdade;;A;financas
George S. Clason;Controle seus gastos ou eles controlarão você.;O Homem Mais Rico da Babilônia;;A-;financas
Ray Dalio;Não confunda o que você deseja que seja verdade com o que é realmente verdade.;Princípios;;A-;financas
Nassim Nicholas Taleb;O oposto da fragilidade não é a robustez, é a antifragilidade.;Antifrágil;;A;financas
Howard Marks;O risco mais perigoso é aquele que não parece risco.;O Mais Importante para o Investidor e memorandos da Oaktree;;A-;financas
Aristóteles;O homem é, por natureza, um animal político.;Política, I;;A;manipulacao
Aristóteles;O objetivo da política é o bem comum.;Política, VII–VIII;;A;politica
Thomas Hobbes;Os pactos sem a espada são apenas palavras.;Leviatã;;A;politica
Montesquieu;Para que não se possa abusar do poder, é preciso que o poder freie o poder.;O Espírito das Leis (1748), livro XI — formulação central da separação dos poderes;;A-;politica
Montesquieu;A liberdade é o direito de fazer tudo aquilo que as leis permitem.;O Espírito das Leis (1748), livro XI;;A-;politica
Jean-Jacques Rousseau;A vontade geral deve dirigir as forças do Estado.;O Contrato Social;;A;politica
Cícero;Somos servos das leis para podermos ser livres.;Pro Cluentio, 53;;A;politica
Confúcio;O governante deve corrigir a si mesmo antes de corrigir os outros.;Analectos, XII, 17;;A;politica
Max Weber;A política significa a tentativa de participar no poder ou de influenciar sua distribuição.;Ciência e Política: Duas Vocações;;A;politica
Alexis de Tocqueville;A liberdade não pode ser estabelecida sem moralidade, nem a moralidade sem fé.;A Democracia na América;;A-;politica
Abraham Lincoln;Aqueles que negam liberdade aos outros não a merecem para si mesmos.;Correspondência registrada;;A;politica
Rui Barbosa;A justiça atrasada não é justiça, senão injustiça qualificada e manifesta.;Oração aos Moços (1920/1921) — a linha mais citada do próprio discurso;;A-;politica
Rui Barbosa;A pátria não é ninguém: são todos.;Oração aos Moços (1920/1921);;A-;politica
Amartya Sen;A liberdade é tanto o principal fim do desenvolvimento como seu principal meio.;Desenvolvimento como Liberdade;;A;politica
Norberto Bobbio;Sem direitos reconhecidos e protegidos não há democracia.;A Era dos Direitos;;A;politica
Edmund Burke;A sociedade é uma parceria entre os vivos, os mortos e os que estão por nascer.;Reflexões sobre a Revolução em França;;A-;politica
Kofi Annan;Não existe desenvolvimento sem segurança, nem segurança sem desenvolvimento.;Discurso registrado;;A;politica
Robert Cialdini;As pessoas tendem a seguir a ação dos outros quando precisam decidir o que fazer.;As Armas da Persuasão;;A-;manipulacao
Robert Cialdini;A reciprocidade é uma das mais poderosas armas de influência humana.;As Armas da Persuasão;;A-;manipulacao
Robert Cialdini;A escassez aumenta o valor percebido de algo.;As Armas da Persuasão;;A-;manipulacao
Gustave Le Bon;Quem conhece a arte de impressionar a imaginação das multidões conhece também a arte de governá-las.;Psicologia das Multidões;;A-;manipulacao
Sun Tzu;Toda guerra é baseada em engano.;A Arte da Guerra;;A-;manipulacao
Sun Tzu;A suprema arte da guerra é derrotar o inimigo sem lutar.;A Arte da Guerra;;A-;manipulacao
Baltasar Gracián;Não se exponha completamente: deixe algo para ser desejado.;A Arte da Prudência (Oráculo Manual);;A-;manipulacao
Solomon Asch;A maioria pode exercer uma pressão extraordinária sobre o julgamento individual.;Estudos sobre conformidade (1951–1956);;A-;manipulacao
Walter Lippmann;As pessoas vivem em um mundo construído pelas imagens que possuem da realidade.;Opinião Pública;;A-;manipulacao
Marshall McLuhan;Formamos nossas ferramentas e depois nossas ferramentas nos formam.;Os Meios de Comunicação como Extensões do Homem;;A-;manipulacao
Daniel Goleman;A capacidade de administrar emoções influencia profundamente nossas relações.;Inteligência Emocional;;A-;manipulacao
Roger Fisher e William Ury;Concentre-se nos interesses, não nas posições.;Como Chegar ao Sim;;A-;manipulacao
Marshall Rosenberg;Por trás de todo comportamento existe uma necessidade humana.;Comunicação Não-Violenta;;A-;manipulacao
Dale Carnegie;"Mostre respeito pelas opiniões dos outros; nunca diga diretamente que estão errados.";Como Fazer Amigos e Influenciar Pessoas;;A;manipulacao
Ditado Popular;Quem com ferro fere, com ferro será ferido.;;;X;ditados
Ditado Popular;Vivendo e aprendendo.;;;X;ditados
Ditado Popular;É errando que se aprende.;;;X;ditados
Ditado Popular;A união faz a força.;;;X;ditados
Ditado Popular;Roma não foi construída em um dia.;;;X;ditados
Ditado Popular;A mentira tem perna curta.;;;X;ditados
Ditado Popular;A esperança é a última que morre.;;;X;ditados
Ditado Popular;Depois da tempestade vem a bonança.;;;X;ditados
Ditado Popular;A palavra é prata, o silêncio é ouro.;;;X;ditados
Ditado Popular;Cautela e caldo de galinha não fazem mal a ninguém.;;;X;ditados
Ditado Popular;O orgulho vem antes da queda.;;;X;ditados
Ditado Popular;Quando uma porta fecha, outra se abre.;;;X;ditados
Ditado Popular;A felicidade está nas pequenas coisas.;;;X;ditados
Ditado Popular;"Se quer ir rápido, vá sozinho; se quer ir longe, vá acompanhado.";;;X;ditados
Ditado Popular;Quem ri por último, ri melhor.;;;X;ditados
Ditado Popular;Amor com amor se paga.;;;X;ditados
Ditado Popular;O dinheiro é um bom servo, mas um péssimo senhor.;;;X;ditados
Ditado Popular;A coragem não é ausência de medo, é agir apesar dele.;;;X;ditados
Ditado Popular;O caráter aparece quando ninguém está olhando.;;;X;ditados
Ditado Popular;A família é a base de tudo.;;;X;ditados
Ditado Popular;O exemplo vale mais que mil palavras.;;;X;ditados
Ditado Popular;Errar é humano, levantar é necessário.;;;X;ditados
Ditado Popular;Um coração agradecido nunca envelhece.;;;X;ditados
Ditado Popular;A riqueza sem sabedoria é pobreza.;;;X;ditados
Ditado Popular;O diamante nasce sob pressão.;;;X;ditados
Paulo Freire;Quando a educação não é libertadora, o sonho do oprimido é ser o opressor.;Pedagogia do Oprimido;;A;educacao
Kahlil Gibran;O amor nada dá senão de si próprio e nada recebe senão de si próprio.;"O Profeta, ""Do Amor""";;A;amor
Aristóteles;O amor é composto de uma única alma habitando dois corpos.;Diógenes Laércio, Vidas dos Filósofos, V — dito relatado;;A-;amor
Mahatma Gandhi;Onde há amor, há vida.;Autobiografia e Collected Works of Mahatma Gandhi;;A-;amor
Erich Fromm;O amor é a preocupação ativa pela vida e pelo crescimento daquele que amamos.;A Arte de Amar;;A;amor
Erich Fromm;O amor é uma arte, assim como viver é uma arte.;A Arte de Amar;;A;amor
Fernando Pessoa;O amor é uma companhia. Já não sei andar só pelos caminhos, porque já não posso andar só.;O Pastor Amoroso (Alberto Caeiro);;A;amor
Friedrich Nietzsche;Aquilo que se faz por amor está sempre além do bem e do mal.;Além do Bem e do Mal, 153;;A;amor
Platão;O amor é desejo de possuir o bem para sempre.;O Banquete, 206a;;A;amor
William Shakespeare;O amor é uma fumaça feita com o vapor dos suspiros.;Romeu e Julieta, I, 1;;A;amor
William Shakespeare;O amor não vê com os olhos, mas com a mente.;Sonho de uma Noite de Verão;;A;amor
William Shakespeare;O caminho do verdadeiro amor nunca foi tranquilo.;Sonho de uma Noite de Verão, I, 1;;A;amor
William Shakespeare;Se a música é o alimento do amor, continuai tocando.;Noite de Reis, I, 1;;A;amor
François de La Rochefoucauld;Não há disfarce que possa ocultar por muito tempo o amor onde ele existe, nem simulá-lo onde ele não existe.;Máximas;;A-;amor
Henry Ford;Quer você pense que consegue, quer pense que não consegue, você está certo.;My Life and Work (1922);;A-;negocios
W. Edwards Deming;Um sistema ruim vencerá uma boa pessoa todas as vezes.;Out of the Crisis e seminários;;A-;negocios
Philip Kotler;Não existe empresa bem-sucedida em uma sociedade que fracassa.;Administração de Marketing;;A-;negocios
Warren Bennis;A confiança é o lubrificante que faz as organizações funcionarem.;On Becoming a Leader;;A-;negocios
Sêneca;A vida é uma peça de teatro: não importa quanto tenha durado, mas sim como foi representada.;Cartas a Lucílio, LXXVII;;A;vida
Fernando Pessoa;"Viver não é necessário; necessário é criar.";Navegar é Preciso;;A;vida
Zenão de Cítio;O objetivo da vida é viver de acordo com a natureza.;Fragmentos recolhidos por Diógenes Laércio;;A-;vida
Epicuro;A vida feliz é impossível sem a sabedoria, a honestidade e a justiça.;Máximas Principais, V;;A;vida
Marco Aurélio;A nossa vida é aquilo que os nossos pensamentos fazem dela.;Meditações, IV, 3;;A;vida
Marco Aurélio;Não aja como se você tivesse dez mil anos para viver.;Meditações, IV, 17;;A;vida
Sêneca;Apressa-te a viver bem e pensa que cada dia é, por si só, uma vida.;Sobre a Brevidade da Vida, I–III;;A;vida
Henry David Thoreau;Vá confiante na direção dos seus sonhos. Viva a vida que imaginou.;Walden;;A;vida
Helen Keller;A vida é uma aventura ousada ou não é nada.;A Porta Aberta;;A;vida
Cícero;Enquanto houver vida, haverá esperança.;Cartas a Ático, IX;;A;vida
Cícero;A história é a mestra da vida.;Sobre o Orador (De Oratore), II;;A;filosofos
Kofi Annan;Não existe ferramenta para o desenvolvimento mais eficaz do que a educação de meninas.;Discurso registrado;;A;empoderamento
Chimamanda Ngozi Adichie;Ensine a ela que ideias e conhecimento são importantes. Ensine a ela que ela pode fazer qualquer coisa.;Para Educar Crianças Feministas;;A;empoderamento
Betty Friedan;Nenhuma mulher consegue ser livre até que todas as mulheres sejam livres.;A Mística Feminina;;A-;empoderamento
Susan B. Anthony;A bicicleta fez mais pela emancipação das mulheres do que qualquer outra coisa no mundo.;Discurso registrado;;A;empoderamento
Nísia Floresta;Não se pode pensar em uma sociedade democrática sem pensar na igualdade das mulheres.;Direitos das Mulheres e Injustiça dos Homens;;A-;empoderamento
Gerda Lerner;A história das mulheres é a história de uma luta por reconhecimento, direitos e participação.;A Criação do Patriarcado;;A-;empoderamento
Kahlil Gibran;A amizade é sempre uma doce responsabilidade, nunca uma oportunidade.;"O Profeta, ""Da Amizade""";;A;amizade
Cícero;A amizade melhora a felicidade e reduz a miséria, duplicando nossa alegria e dividindo nossa dor.;Sobre a Amizade (Laelius), VI;;A;amizade
Confúcio;Nenhuma estrada é longa quando se tem um amigo que acompanha a caminhada.;Analectos;;A-;amizade
Baltasar Gracián;"A amizade é um sentimento tão grande que não pode ser comprado; só pode ser conquistado.";A Arte da Prudência (Oráculo Manual);;A-;amizade
Confúcio;"A amizade é uma coisa sagrada; não se deve permitir que seja quebrada por pequenas diferenças.";Analectos;;A-;amizade
Aristóteles;A felicidade depende de nós mesmos.;Ética a Nicômaco, I;;A;felicidade
Marco Aurélio;"Muito pouco é necessário para uma vida feliz; está tudo dentro de você, na sua maneira de pensar.";Meditações, VII, 67;;A;felicidade
Sêneca;Não é pobre aquele que tem pouco, mas aquele que deseja muito.;Cartas a Lucílio, II;;A;felicidade
Benjamin Franklin;A felicidade humana geralmente não é alcançada por grandes golpes de sorte, mas por pequenas coisas que acontecem todos os dias.;Poor Richard’s Almanack e Autobiografia;;A-;felicidade
Viktor Frankl;A felicidade não é alcançada por meio da busca do prazer, mas pela descoberta de um propósito.;Em Busca de Sentido;;A-;felicidade
Baruch Spinoza;A felicidade não é a recompensa da virtude, mas a própria virtude.;Ética;;A;filosofos
Sócrates;Só sei que nada sei.;Síntese tradicional da Apologia de Sócrates, 21d;;A;filosofos
Sócrates;"O sábio procura a sabedoria; o tolo pensa já tê-la encontrado.";Declaração pública registrada;;A;filosofos
Platão;A coragem é saber o que não devemos temer.;Laques, 198b;;A;filosofos
Aristóteles;O todo é maior que a soma das partes.;Metafísica, VIII;;A;filosofos
Aristóteles;A virtude está no meio.;Ética a Nicômaco, II;;A;filosofos
Zenão de Cítio;Todos nós podemos errar, mas a perseverança no erro é a verdadeira loucura.;Fragmentos recolhidos por Diógenes Laércio;;A-;filosofos
Sêneca;A vida é muito curta, mas fazemos com que seja ainda menor desperdiçando tempo.;Sobre a Brevidade da Vida, I–III;;A;filosofos
Sêneca;A dificuldade fortalece a mente, assim como o trabalho fortalece o corpo.;Sobre a Providência;;A;dificeis
Marco Aurélio;A melhor vingança é não ser como aquele que causou o dano.;Meditações, VI, 6;;A;filosofos
Friedrich Nietzsche;O que não me mata me fortalece.;Crepúsculo dos Ídolos, Máximas e Flechas, 8;;A;filosofos
Friedrich Nietzsche;Torna-te aquilo que és.;A Gaia Ciência, 270;;A;autorreconhecimento
Friedrich Nietzsche;A vida sem música seria um erro.;Crepúsculo dos Ídolos, Máximas e Flechas, 33;;A;filosofos
Lao Tsé;Uma jornada de mil quilômetros começa com um único passo.;Tao Te Ching, 64;;A;fe
Confúcio;"Aprender sem pensar é inútil; pensar sem aprender é perigoso.";Analectos, II, 15;;A;filosofos
David Hume;A beleza das coisas existe no espírito de quem as contempla.;Ensaios Morais, Políticos e Literários;;A;filosofos
Sêneca;A ingratidão é sempre uma forma de fraqueza.;Sobre os Benefícios, II;;A;gratidao
François de La Rochefoucauld;A ingratidão é o mais vergonhoso dos defeitos humanos.;Máximas;;A-;gratidao
Baltasar Gracián;A gratidão é a menor das virtudes quando comparada ao benefício recebido, mas a maior quando comparada ao coração que a oferece.;A Arte da Prudência (Oráculo Manual);;A-;gratidao
Theodore Roosevelt;Faça o que você pode, com o que você tem, onde você estiver.;Discurso registrado;;A;motivacao
Theodore Roosevelt;É duro falhar, mas é pior nunca ter tentado ter sucesso.;Discurso registrado;;A;motivacao
Carl Sagan;Você deve manter uma mente aberta, mas não tão aberta que seu cérebro caia.;O Mundo Assombrado pelos Demônios;;A;motivacao
Napoleon Hill;Um objetivo é um sonho com prazo definido.;Pense e Enriqueça;;A-;motivacao
Jim Rohn;"Não deseje que fosse mais fácil; deseje que você fosse melhor.";Palestra registrada;;A;motivacao
Jim Rohn;O sucesso não é nada mais do que algumas disciplinas simples praticadas todos os dias.;Palestra registrada;;A;motivacao
Elon Musk;"O primeiro passo é estabelecer que algo é possível; então a probabilidade acontecerá.";Entrevista registrada;;A;empreendedorismo
Benjamin Franklin;A energia e a persistência conquistam todas as coisas.;Poor Richard’s Almanack e Autobiografia;;A-;motivacao
Will Durant;Somos aquilo que fazemos repetidamente. A excelência, portanto, não é um ato, mas um hábito.;A História da Filosofia (1926) — síntese de Durant sobre a Ética a Nicômaco, II;;A;motivacao
Ray Kroc;Nenhum de nós é tão bom quanto todos nós juntos.;Grinding It Out;;A-;empreendedorismo
Larry Page;Sempre entregue mais do que o esperado.;Entrevista registrada;;A;empreendedorismo
Viktor Frankl;"O homem não é destruído pelo sofrimento; ele é destruído pelo sofrimento sem sentido.";Em Busca de Sentido;;A-;dificeis
Nelson Mandela;Aprendi que a coragem não é a ausência do medo, mas o triunfo sobre ele.;Longo Caminho para a Liberdade;;A;dificeis
Rainer Maria Rilke;Talvez tudo que nos assusta seja, em sua essência, algo indefeso que deseja nosso amor.;Correspondência registrada;;A;dificeis
Kahlil Gibran;Sua dor é o rompimento da concha que encerra sua compreensão.;"O Profeta, ""Da Dor""";;A;dificeis
Martin Luther King Jr.;A medida definitiva de um homem não é onde ele está em momentos de conforto, mas onde ele está em momentos de desafio.;Discurso registrado;;A;lideranca
Antoine de Saint-Exupéry;Foi o tempo que dedicaste à tua rosa que a fez tão importante.;O Pequeno Príncipe, XXI;;A;conforto
Marco Aurélio;A tranquilidade perfeita consiste na boa ordem da mente, no próprio reino.;Meditações, IV, 3;;A;conforto
Sêneca;A vida é longa o suficiente, e uma quantidade suficientemente generosa nos foi dada para realizar as maiores coisas.;Sobre a Brevidade da Vida, I;;A;conforto
Cícero;Um amigo verdadeiro é como um segundo eu.;Sobre a Amizade (Laelius), XXI;;A;conforto
Epicuro;Quem menos necessita do amanhã é quem mais alegremente o aguarda.;Sentenças Vaticanas;;A-;conforto
Tomás de Aquino;As coisas que amamos nos dizem quem somos.;Suma Teológica;;A-;fe
Albert Einstein;A maior coisa que podemos experimentar é o mistério.;Entrevista registrada;;A;autorreconhecimento
Albert Einstein;O verdadeiro sinal de inteligência não é o conhecimento, mas a imaginação.;Entrevista registrada;;A;autorreconhecimento
Albert Einstein;A pessoa que nunca cometeu um erro nunca tentou algo novo.;Entrevista registrada;;A;autorreconhecimento
Carl Rogers;A vida plena é um processo, não um estado de ser. É uma direção, não um destino.;Tornar-se Pessoa;;A-;autorreconhecimento
Carl Rogers;O indivíduo possui dentro de si enormes recursos para compreender a si mesmo e mudar seus conceitos.;Tornar-se Pessoa;;A-;autorreconhecimento
Ralph Waldo Emerson;Nada é finalmente sagrado senão a integridade de sua própria mente.;"Ensaios: Primeira Série, ""Autoconfiança""";;A;autorreconhecimento
Carl Rogers;A pessoa criativa é capaz de viver plenamente cada momento.;Tornar-se Pessoa;;A-;autorreconhecimento
Jesus Cristo;Não julgueis, para que não sejais julgados.;Mateus 7:1–7 · Almeida Revista e Atualizada;;A;fe
Jesus Cristo;Conhecereis a verdade, e a verdade vos libertará.;João 8:32 · Almeida Revista e Atualizada;;A;fe
Jesus Cristo;Perdoai, e sereis perdoados.;Lucas 6:37–38 · Almeida Revista e Atualizada;;A;fe
Jesus Cristo;Amai os vossos inimigos e orai pelos que vos perseguem.;Mateus 5 (Sermão da Montanha) · Almeida Revista e Atualizada;;A;fe
Jesus Cristo;Aquele que é fiel no pouco também é fiel no muito.;Lucas 16:10 · Almeida Revista e Atualizada;;A;fe
Apóstolo Paulo;Tudo posso naquele que me fortalece.;Cartas paulinas · Almeida Revista e Atualizada;;A-;fe
Apóstolo Paulo;Alegrai-vos sempre, orai sem cessar, em tudo dai graças.;Cartas paulinas · Almeida Revista e Atualizada;;A-;fe
Apóstolo Paulo;O fruto do Espírito é amor, alegria, paz, paciência, benignidade, bondade, fidelidade, mansidão e domínio próprio.;Cartas paulinas · Almeida Revista e Atualizada;;A-;fe
Livro de Provérbios;Confia no Senhor de todo o teu coração e não te estribes no teu próprio entendimento.;Livro de Provérbios · Bíblia — Almeida Revista e Atualizada;;B;fe
Livro de Provérbios;"A sabedoria é a coisa principal; adquire, pois, a sabedoria.";Livro de Provérbios · Bíblia — Almeida Revista e Atualizada;;B;fe
Livro dos Salmos;"Entrega o teu caminho ao Senhor; confia nele, e ele tudo fará.";Livro dos Salmos · Bíblia — Almeida Revista e Atualizada;;B;fe
Livro dos Salmos;Aquietai-vos e sabei que eu sou Deus.;Livro dos Salmos · Bíblia — Almeida Revista e Atualizada;;B;fe
Provérbios 24:16;O justo cai sete vezes e se levanta.;Provérbios 24:16 · Bíblia — Almeida Revista e Atualizada;;B;fe
Miqueias 6:8;Pratica a justiça, ama a misericórdia e anda humildemente com teu Deus.;Miqueias 6:8 · Bíblia — Almeida Revista e Atualizada;;B;fe
Alcorão;Deus ama aqueles que fazem o bem.;Alcorão · Alcorão — tradução de Samir El Hayek (edição brasileira de referência);;B;fe
Alcorão;Não caminhe pela terra com arrogância.;Alcorão · Alcorão — tradução de Samir El Hayek (edição brasileira de referência);;B;fe
Alcorão;A bondade e a maldade não são iguais. Repele o mal com aquilo que é melhor.;Alcorão · Alcorão — tradução de Samir El Hayek (edição brasileira de referência);;B;fe
Profeta Muhammad;"Facilitem e não dificultem; anunciem boas notícias e não afastem as pessoas.";Hadith;;A-;fe
Profeta Muhammad;A força verdadeira não está em vencer os outros, mas em controlar a própria ira.;Hadith;;A-;fe
Ben Zoma;Quem é sábio? Aquele que aprende com todas as pessoas.;Ben Zoma (Pirkei Avot) · Tradição rabínica — Pirkei Avot e Talmude, tradução a partir do hebraico;;B;fe
Ben Zoma;Quem é rico? Aquele que se alegra com sua parte.;Ben Zoma (Pirkei Avot) · Tradição rabínica — Pirkei Avot e Talmude, tradução a partir do hebraico;;B;fe
Mishná, Sanhedrin;Aquele que salva uma vida é como se tivesse salvo o mundo inteiro.;Mishná, Sanhedrin · Tradição rabínica — Pirkei Avot e Talmude, tradução a partir do hebraico;;B;fe
Buda;Assim como uma rocha sólida não é movida pelo vento, os sábios não são abalados pela censura ou pelo elogio.;Dhammapada, 81;;A;fe
Buda;A paciência é a mais elevada das práticas.;Dhammapada, 184;;A;fe
Buda;"Não busque refúgio em ninguém além de si mesmo; seja uma luz para si próprio.";Digha Nikaya 16 (Mahaparinibbana Sutta);;A;fe
Buda;Assim como uma mãe protege seu único filho com sua própria vida, cultive um amor ilimitado por todos os seres.;Sutta Nipata 1.8 (Metta Sutta);;A;fe
Lao Tsé;O sábio não se coloca acima dos outros, e por isso as pessoas o elevam.;Tao Te Ching, 22 e 66;;A;fe
Lao Tsé;"A suavidade supera a dureza; a fraqueza supera a força.";Tao Te Ching, 78;;A;fe
Upanishads;"Do irreal conduz-me ao real; da escuridão conduz-me à luz; da morte conduz-me à imortalidade.";"Upanishads · Tradução a partir do sânscrito; versão em português consolidada";;B;fe
Ray Kroc;A qualidade de um líder é refletida nos padrões que ele estabelece para si mesmo.;Grinding It Out;;A-;lideranca
John Wooden;O talento é dado, mas o caráter é construído.;Wooden on Leadership;;A-;lideranca
Stephen R. Covey;Procure primeiro compreender, depois ser compreendido.;Os 7 Hábitos das Pessoas Altamente Eficazes;;A-;lideranca
Sun Tzu;A melhor vitória é aquela que não exige batalha.;A Arte da Guerra;;A-;lideranca
Mary Parker Follett;A administração é a arte de fazer as coisas através das pessoas.;Dynamic Administration;;A-;lideranca
Napoleão Bonaparte;Um líder é um negociante de esperança.;Correspondência e ditos registrados por contemporâneos;;A-;lideranca
John Kotter;A gestão faz um sistema funcionar: ela ajuda você a fazer o que já sabe fazer. A liderança constrói sistemas novos ou transforma os antigos.;Leading Change (1996);;A;lideranca
Henry Kissinger;A tarefa do líder é levar as pessoas de onde elas estão para onde nunca estiveram.;Discurso nos Marshall Foundation Awards (2017);;A-;lideranca
Scott Belsky;A criatividade sem execução é apenas uma ideia.;Fazendo Ideias Acontecer;;A-;empreendedorismo
Sam Walton;A maneira de superar a concorrência é oferecer mais valor aos clientes.;Sam Walton: Made in America;;A-;empreendedorismo
Jack Ma;As oportunidades estão sempre onde as pessoas reclamam.;Entrevista registrada;;A;empreendedorismo
Clayton Christensen;"As pessoas não compram produtos; elas os contratam para realizar um trabalho em suas vidas.";Competing Against Luck (2016);;A-;empreendedorismo
Warren Buffett;O melhor investimento que você pode fazer é em você mesmo.;Cartas aos acionistas da Berkshire Hathaway;;A-;empreendedorismo
Warren Buffett;Não importa o quão talentoso ou esforçado você seja, algumas coisas levam tempo.;Cartas aos acionistas da Berkshire Hathaway;;A-;empreendedorismo
Benjamin Graham;A margem de segurança é o conceito central do investimento inteligente.;O Investidor Inteligente;;A;financas
Philip Fisher;Grandes empresas são encontradas por meio de pesquisa cuidadosa e pensamento independente.;Ações Comuns, Lucros Extraordinários;;A-;financas
John Bogle;A maior parte dos investidores fará melhor se simplesmente comprar um fundo de índice e mantê-lo por muitos anos.;O Pequeno Livro do Investimento de Bom Senso;;A-;financas
Morgan Housel;"Investir bem não é sobre ganhar dinheiro rapidamente; é sobre evitar decisões ruins.";A Psicologia Financeira;;A-;financas
Peter Lynch;Conheça o que você possui e saiba por que você possui.;O Jeito Peter Lynch de Investir;;A-;financas
George S. Clason;Uma parte de tudo que ganho pertence a mim.;O Homem Mais Rico da Babilônia;;A-;financas
George S. Clason;A riqueza, como uma árvore, cresce a partir de uma pequena semente.;O Homem Mais Rico da Babilônia;;A-;financas
André Kostolany;Quem possui paciência nas bolsas possui uma vantagem.;A Arte de Pensar o Dinheiro;;A-;financas
Howard Marks;O investimento de sucesso exige compreender a diferença entre preço e valor.;O Mais Importante para o Investidor e memorandos da Oaktree;;A-;financas
Aristóteles;A lei é a razão livre de paixão.;Política, III;;A;politica
Montesquieu;Uma coisa não é justa porque é lei, mas deve ser lei porque é justa.;O Espírito das Leis (1748);;A-;politica
Confúcio;Se suas palavras não têm valor, suas ações não terão sucesso.;Analectos, XIII, 3;;A;politica
Alexis de Tocqueville;A igualdade de condições é o fato fundamental de onde todos os outros parecem derivar.;A Democracia na América;;A-;politica
Abraham Lincoln;A melhor maneira de destruir um inimigo é fazer dele um amigo.;Correspondência registrada;;A;politica
Franklin D. Roosevelt;O teste do nosso progresso não é se acrescentamos mais à abundância daqueles que têm muito, mas se proporcionamos o suficiente àqueles que têm pouco.;Discurso registrado;;A;politica
John F. Kennedy;Aqueles que tornam uma revolução pacífica impossível tornam uma revolução violenta inevitável.;Discurso registrado;;A;politica
John F. Kennedy;A mudança é a lei da vida.;Discurso registrado;;A;politica
Simón Bolívar;A liberdade é a única finalidade digna do sacrifício da vida dos homens.;Correspondência registrada;;A;politica
Thomas Jefferson;O governo deriva seus poderes legítimos do consentimento dos governados.;Correspondência registrada;;A;politica
Martin Luther King Jr.;O arco do universo moral é longo, mas se inclina em direção à justiça.;Discurso registrado;;A;politica
Nicolau Maquiavel;Aquele que engana encontrará sempre quem se deixe enganar.;O Príncipe;;A-;manipulacao
Aristóteles;A credibilidade do orador é um dos elementos fundamentais da persuasão.;Retórica, I;;A;manipulacao
Cícero;A finalidade do discurso é convencer pela razão e mover pelos sentimentos.;Sobre o Orador (De Oratore), II;;A;manipulacao
Solomon Asch;A independência de julgamento é uma condição necessária para a autonomia humana.;Estudos sobre conformidade (1951–1956);;A-;manipulacao
Philip Zimbardo;Heróis são pessoas comuns que agem de maneira extraordinária em situações difíceis.;O Efeito Lúcifer e estudos publicados;;A-;manipulacao
Pierre Bourdieu;O gosto classifica aquele que classifica.;A Distinção: Crítica Social do Julgamento;;A;manipulacao
Marshall McLuhan;O meio é a mensagem.;Os Meios de Comunicação como Extensões do Homem;;A-;manipulacao
Guy Debord;O espetáculo não é um conjunto de imagens, mas uma relação social mediada por imagens.;A Sociedade do Espetáculo;;A-;manipulacao
Chris Voss;Escutar é uma das ferramentas mais poderosas de negociação.;Negocie Como Se Sua Vida Dependesse Disso;;A-;manipulacao
Daniel Goleman;A inteligência emocional inclui autoconsciência, autocontrole, motivação, empatia e habilidades sociais.;Inteligência Emocional;;A-;manipulacao
Dan Ariely;As pessoas nem sempre sabem explicar por que fazem aquilo que fazem.;Previsivelmente Irracional;;A-;manipulacao
Ditado Popular;Não deixe para amanhã o que pode fazer hoje.;;;X;ditados
Ditado Popular;Mais vale prevenir do que remediar.;;;X;ditados
Ditado Popular;Errar é humano, persistir no erro é falta de sabedoria.;;;X;ditados
Ditado Popular;Ninguém nasce sabendo.;;;X;ditados
Ditado Popular;A prática leva à perfeição.;;;X;ditados
Ditado Popular;Quem não arrisca, não petisca.;;;X;ditados
Ditado Popular;Um homem prevenido vale por dois.;;;X;ditados
Ditado Popular;O trabalho dignifica o homem.;;;X;ditados
Ditado Popular;A necessidade é a mãe da invenção.;;;X;ditados
Ditado Popular;É melhor sobrar do que faltar.;;;X;ditados
Ditado Popular;A ganância é a perdição dos homens.;;;X;ditados
Ditado Popular;A verdade dói, mas cura.;;;X;ditados
Ditado Popular;Cada coisa a seu tempo.;;;X;ditados
Ditado Popular;O tempo cura todas as feridas.;;;X;ditados
Ditado Popular;Em boca fechada não entra mosca.;;;X;ditados
Ditado Popular;"Quem sabe, sabe; quem não sabe, aprende.";;;X;ditados
Ditado Popular;Não julgue um livro pela capa.;;;X;ditados
Ditado Popular;A colheita é obrigatória para quem planta.;;;X;ditados
Ditado Popular;Experiência é mãe da ciência.;;;X;ditados
Ditado Popular;A humildade é a chave de todas as portas.;;;X;ditados
Ditado Popular;A arrogância precede a ruína.;;;X;ditados
Ditado Popular;Deus escreve certo por linhas tortas.;;;X;ditados
Ditado Popular;Mais vale tarde do que nunca.;;;X;ditados
Ditado Popular;A simplicidade é o último grau de sofisticação.;;;X;ditados
Ditado Popular;"Dê um peixe a um homem e você o alimentará por um dia; ensine-o a pescar e você o alimentará por toda a vida.";;;X;ditados
Ditado Popular;"A melhor época para plantar uma árvore foi há vinte anos; a segunda melhor época é agora.";;;X;ditados
Ditado Popular;A persistência supera a habilidade.;;;X;ditados
Ditado Popular;A visão sem ação é apenas um sonho.;;;X;ditados
Ditado Popular;Uma palavra gentil pode aquecer três meses de inverno.;;;X;ditados
Ditado Popular;Quando há vontade, há um caminho.;;;X;ditados
Ditado Popular;Aquele que conquista a si mesmo é o maior dos conquistadores.;;;X;ditados
Ditado Popular;O conhecimento é o maior tesouro que ninguém pode roubar.;;;X;ditados
Ditado Popular;Confie em Deus, mas amarre seu camelo.;;;X;ditados
Ditado Popular;A sabedoria é como uma árvore: ninguém consegue abraçá-la sozinho.;;;X;ditados
Ditado Popular;Quem procura, encontra.;;;X;ditados
Ditado Popular;A prática faz o mestre.;;;X;ditados
Ditado Popular;Cada dia é uma nova oportunidade.;;;X;ditados
Ditado Popular;Amigos de verdade se conhecem nas dificuldades.;;;X;ditados
Ditado Popular;Mais vale uma amizade verdadeira do que mil conhecidos.;;;X;ditados
Ditado Popular;Amor não se compra, conquista-se.;;;X;ditados
Ditado Popular;A sabedoria começa quando reconhecemos que não sabemos tudo.;;;X;ditados
Ditado Popular;Quem gasta tudo que ganha sempre terá pouco.;;;X;ditados
Ditado Popular;A riqueza está em saber usar o que se tem.;;;X;ditados
Ditado Popular;"Quem tenta pode errar; quem não tenta já perdeu.";;;X;ditados
Ditado Popular;A dificuldade revela o verdadeiro caráter.;;;X;ditados
Ditado Popular;A tempestade fortalece a árvore com raízes profundas.;;;X;ditados
Ditado Popular;A simplicidade revela a verdadeira grandeza.;;;X;ditados
Ditado Popular;A honestidade é a melhor política.;;;X;ditados
Ditado Popular;O exemplo vem de casa.;;;X;ditados
Ditado Popular;Quem ama educa.;;;X;ditados
Ditado Popular;A amizade é uma planta que precisa ser regada.;;;X;ditados
Ditado Popular;O suor de hoje é a recompensa de amanhã.;;;X;ditados
Ditado Popular;A persistência vence a resistência.;;;X;ditados
Ditado Popular;Um líder deve servir antes de mandar.;;;X;ditados
Ditado Popular;Respeito se conquista, não se impõe.;;;X;ditados
Ditado Popular;A palavra convence, mas o exemplo arrasta.;;;X;ditados
Ditado Popular;O fracasso é uma lição, não uma sentença.;;;X;ditados
Ditado Popular;Um tropeço não impede a caminhada.;;;X;ditados
Ditado Popular;A noite mais escura anuncia o amanhecer.;;;X;ditados
Ditado Popular;O passado é um professor, não uma prisão.;;;X;ditados
Ditado Popular;Quem escuta aprende duas vezes.;;;X;ditados
Ditado Popular;A sabedoria aumenta quando é compartilhada.;;;X;ditados
Ditado Popular;Uma boa palavra pode mudar um dia inteiro.;;;X;ditados
Ditado Popular;O respeito é a raiz de toda boa relação.;;;X;ditados
Ditado Popular;Quem administra bem o pouco merece o muito.;;;X;ditados
Ditado Popular;A coragem abre caminhos.;;;X;ditados
Ditado Popular;A persistência é o trabalho árduo que você faz depois de se cansar do trabalho árduo que já fez.;;;X;ditados
Jeff Bezos;O que é perigoso é não evoluir.;Entrevista registrada;;A;empreendedorismo
Luiza Trajano;Inovar é fazer diferente, não é fazer difícil.;Entrevista registrada;;A;empreendedorismo
Robert Cialdini;O compromisso e a consistência levam as pessoas a agir de formas que justificam decisões anteriores.;As Armas da Persuasão;;A-;manipulacao
Baltasar Gracián;Mais vale saber as coisas em seu momento do que saber tudo fora de hora.;A Arte da Prudência (Oráculo Manual);;A-;manipulacao
Erving Goffman;A vida social pode ser compreendida como uma espécie de representação teatral.;A Representação do Eu na Vida Cotidiana;;A;manipulacao
Epicuro;Não é o jovem que deve ser considerado feliz, mas o velho que viveu bem.;Carta a Meneceu;;A;felicidade
Luiza Trajano;Gente feliz produz mais e vende melhor.;Entrevista registrada;;A;negocios
Sam Walton;Comunique tudo que puder aos seus associados. Quanto mais eles souberem, mais vão se importar.;Sam Walton: Made in America;;A-;negocios
Jane Austen;"A imaginação de uma dama é muito rápida; salta da admiração ao amor, do amor ao matrimônio, num instante.";Romance de Jane Austen;;A-;familia
Kahlil Gibran;Vocês podem dar-lhes seu amor, mas não seus pensamentos.;"O Profeta, ""Dos Filhos""";;A;familia
Kahlil Gibran;Pois seus filhos não habitam em suas casas, mas na casa do amanhã.;"O Profeta, ""Dos Filhos""";;A;familia
Kahlil Gibran;Vocês são os arcos dos quais seus filhos, como flechas vivas, são enviados.;"O Profeta, ""Dos Filhos""";;A;familia
Kahlil Gibran;O arqueiro vê o alvo no caminho do infinito.;"O Profeta, ""Dos Filhos""";;A;familia
Kahlil Gibran;Deixai que cada um esteja só, mas não distante do outro.;"O Profeta, ""Do Casamento""";;A;familia
Kahlil Gibran;Dai um ao outro de vosso pão, mas não comei do mesmo pão.;"O Profeta, ""Do Casamento""";;A;familia
Jane Austen;Uma grande família é uma grande alegria.;Romance de Jane Austen;;A-;familia
Mary Wollstonecraft;A independência é a grande bênção de uma vida doméstica bem ordenada.;Reivindicação dos Direitos da Mulher;;A-;familia
Charles Dickens;Não há nada no mundo tão irresistivelmente contagioso quanto o riso e o bom humor.;Romance de Charles Dickens;;A-;familia
Jane Austen;É uma verdade universalmente reconhecida que um homem solteiro, possuidor de boa fortuna, deve estar necessitado de esposa.;Orgulho e Preconceito;;A;familia
Paulo Freire;Ensinar exige respeito aos saberes dos educandos.;Pedagogia da Autonomia;;A;educacao
Paulo Freire;Ensinar exige pesquisa.;Pedagogia da Autonomia;;A;educacao
Paulo Freire;Ensinar exige criticidade.;Pedagogia da Autonomia;;A;educacao
Paulo Freire;Ensinar exige ética e estética.;Pedagogia da Autonomia;;A;educacao
Paulo Freire;Ensinar exige a convicção de que a mudança é possível.;Pedagogia da Autonomia;;A;educacao
Paulo Freire;Ensinar exige saber escutar.;Pedagogia da Autonomia;;A;educacao
Paulo Freire;Ensinar exige compreender que a educação é uma forma de intervenção no mundo.;Pedagogia da Autonomia;;A;educacao
John Dewey;A única educação verdadeira acontece por meio do estímulo das capacidades da criança pelas exigências das situações sociais em que ela vive.;My Pedagogic Creed (1897), parte I;;A-;educacao
Mary Wollstonecraft;"É uma farsa dizer que as mulheres são inferiores aos homens em razão natural; a educação e os costumes produzem grande parte da diferença.";Reivindicação dos Direitos da Mulher;;A-;educacao
Martin Luther King Jr.;A educação deve nos dar o poder de pensar de forma eficaz e objetiva.;Discurso registrado;;A;educacao
Martin Luther King Jr.;Educação sem moral é como um navio sem bússola, vagando sem rumo.;Discurso registrado;;A;educacao
Martin Luther King Jr.;A educação deve permitir discernir o verdadeiro do falso, o real do irreal e os fatos da ficção.;Discurso registrado;;A;educacao
Martin Luther King Jr.;"Não basta conhecer a verdade; devemos amar a verdade e sacrificarmo-nos por ela.";Discurso registrado;;A;educacao
Rui Barbosa;O mais reprodutivo emprego da riqueza pública é o desenvolvimento nacional do ensino.;Oração aos Moços (1920/1921);;A-;educacao
Aristóteles;As leis mais importantes da educação devem cuidar do caráter.;Política, VII–VIII;;A;educacao
Michel de Montaigne;Não é preciso ter uma cabeça cheia de fatos, mas uma cabeça bem formada.;"Ensaios, I, 26 (""Da Educação das Crianças"")";;A;educacao
Michel de Montaigne;"Não quero que ele seja apenas conhecedor; quero que seja capaz.";"Ensaios, I, 26 (""Da Educação das Crianças"")";;A;educacao
Michel de Montaigne;A criança não deve ser educada para repetir opiniões, mas para formar julgamento.;"Ensaios, I, 26 (""Da Educação das Crianças"")";;A;educacao
Michel de Montaigne;Que o mestre faça o aluno passar tudo pelo filtro de sua própria cabeça.;"Ensaios, I, 26 (""Da Educação das Crianças"")";;A;educacao
Michel de Montaigne;A criança deve provar as coisas, e não apenas ouvi-las.;"Ensaios, I, 26 (""Da Educação das Crianças"")";;A;educacao
Mary Wollstonecraft;As mulheres devem ser educadas para que sejam capazes de governar a si mesmas.;Reivindicação dos Direitos da Mulher;;A-;educacao
Mary Wollstonecraft;Não se deve ensinar às mulheres apenas a ocupar o papel de ornamento da sociedade.;Reivindicação dos Direitos da Mulher;;A-;educacao
Benjamin Franklin;Se você não quiser esquecer algo, escreva-o.;Poor Richard’s Almanack e Autobiografia;;A-;educacao
Jane Austen;Não há prazer comparável ao de ler.;Romance de Jane Austen;;A-;educacao
Antoine de Saint-Exupéry;"Amar não é olhar um para o outro; é olhar juntos na mesma direção.";Terra dos Homens;;A;amor
Erich Fromm;O amor é a única resposta sã e satisfatória para o problema da existência humana.;A Arte de Amar;;A;amor
Erich Fromm;O amor é um ato de fé, e aquele que tem pouca fé também tem pouco amor.;A Arte de Amar;;A;amor
William Shakespeare;O amor é cego, e os amantes não conseguem ver.;O Mercador de Veneza, II, 6;;A;amor
William Shakespeare;A qualidade da misericórdia não é forçada.;O Mercador de Veneza;;A;amor
Jane Austen;Não há encanto igual à ternura do coração.;Romance de Jane Austen;;A-;amor
Jane Austen;Se eu te amasse menos, talvez pudesse falar mais sobre isso.;Emma;;A;amor
Kahlil Gibran;O amor não possui nem quer ser possuído.;"O Profeta, ""Do Amor""";;A;amor
Kahlil Gibran;O amor é suficiente para o amor.;"O Profeta, ""Do Amor""";;A;amor
Kahlil Gibran;Quando o amor chamar, segue-o, ainda que seus caminhos sejam difíceis e íngremes.;"O Profeta, ""Do Amor""";;A;amor
Kahlil Gibran;O amor não tem outro desejo senão realizar-se.;"O Profeta, ""Do Amor""";;A;amor
Kahlil Gibran;O amor dirige o vosso caminho se vos considera dignos.;"O Profeta, ""Do Amor""";;A;amor
William Shakespeare;O amor procurado é bom, mas o amor oferecido sem ser pedido é melhor.;Noite de Reis, III, 1;;A;amor
Jane Austen;Não há desfrute como o de ler!;Romance de Jane Austen;;A-;amor
Warren Buffett;"Não economize o que sobra depois de gastar; gaste o que sobra depois de economizar.";Cartas aos acionistas da Berkshire Hathaway;;A-;financas
Warren Buffett;O mercado de ações é um mecanismo para transferir dinheiro dos impacientes para os pacientes.;Cartas aos acionistas da Berkshire Hathaway;;A-;financas
Robert Kiyosaki;"Não importa quanto dinheiro você ganha; importa quanto dinheiro você mantém.";Pai Rico, Pai Pobre;;A-;financas
Benjamin Graham;"Uma ação não é apenas um pedaço de papel; é uma participação em um negócio.";O Investidor Inteligente;;A;financas
Charlie Munger;A grande parte do investimento é esperar.;Poor Charlie’s Almanack e reuniões da Berkshire;;A-;financas
Charlie Munger;O hábito de aprender continuamente é uma das maiores vantagens competitivas que uma pessoa pode ter.;Poor Charlie’s Almanack e reuniões da Berkshire;;A-;financas
Charlie Munger;Se você continuar aprendendo, terá uma vantagem enorme ao longo da vida.;Poor Charlie’s Almanack e reuniões da Berkshire;;A-;financas
John Bogle;O tempo no mercado é mais importante do que tentar acertar o momento do mercado.;O Pequeno Livro do Investimento de Bom Senso;;A-;financas
John Bogle;"Investir não precisa ser complicado; basta disciplina e custos baixos.";O Pequeno Livro do Investimento de Bom Senso;;A-;financas
Morgan Housel;"O sucesso financeiro não é uma ciência difícil; é uma habilidade comportamental.";A Psicologia Financeira;;A-;financas
Morgan Housel;"Fazer dinheiro é uma coisa; manter dinheiro é outra.";A Psicologia Financeira;;A-;financas
Morgan Housel;O comportamento é o fator mais importante para o sucesso financeiro.;A Psicologia Financeira;;A-;financas
Peter Lynch;Por trás de cada ação existe uma empresa. Descubra o que ela faz.;O Jeito Peter Lynch de Investir;;A-;financas
Peter Lynch;Grandes oportunidades surgem quando excelentes empresas são ignoradas pelo mercado.;O Jeito Peter Lynch de Investir;;A-;financas
Milton Friedman;A inflação é sempre e em toda parte um fenômeno monetário.;Livre para Escolher;;A;financas
Warren Buffett;A diversificação é uma proteção contra a ignorância.;Cartas aos acionistas da Berkshire Hathaway;;A-;financas
Charlie Munger;Uma pessoa inteligente aprende com seus erros. Uma pessoa sábia aprende com os erros dos outros.;Poor Charlie’s Almanack e reuniões da Berkshire;;A-;financas
Benjamin Graham;O investidor individual deve agir consistentemente como um investidor, não como um especulador.;O Investidor Inteligente;;A;financas
Benjamin Graham;Uma operação de investimento é aquela que, após análise cuidadosa, promete segurança do principal e um retorno adequado.;Security Analysis;;A;financas
Benjamin Graham;As pessoas que não conseguem controlar suas emoções não estão aptas para lucrar com o processo de investimento.;O Investidor Inteligente;;A;financas
Warren Buffett;O melhor período para manter uma ação é para sempre.;Cartas aos acionistas da Berkshire Hathaway;;A-;financas
Warren Buffett;Se você não está disposto a possuir uma ação por dez anos, nem pense em possuí-la por dez minutos.;Cartas aos acionistas da Berkshire Hathaway;;A-;financas
Warren Buffett;A regra mais importante é não perder permanentemente capital.;Cartas aos acionistas da Berkshire Hathaway;;A-;financas
Warren Buffett;Compre apenas algo que você ficaria perfeitamente feliz em manter se o mercado fechasse por dez anos.;Cartas aos acionistas da Berkshire Hathaway;;A-;financas
Warren Buffett;A diferença entre pessoas bem-sucedidas e pessoas realmente bem-sucedidas é que as pessoas realmente bem-sucedidas dizem não para quase tudo.;Cartas aos acionistas da Berkshire Hathaway;;A-;financas
Charlie Munger;O dinheiro, como uma empresa, cresce através da reinversão dos ganhos.;Poor Charlie’s Almanack e reuniões da Berkshire;;A-;financas
Charlie Munger;Reconhecer o que você não sabe é o começo da sabedoria.;Poor Charlie’s Almanack e reuniões da Berkshire;;A-;financas
Warren Buffett;Não é preciso fazer coisas extraordinárias para obter resultados extraordinários.;Cartas aos acionistas da Berkshire Hathaway;;A-;financas
Charlie Munger;Aqueles que continuam aprendendo continuarão crescendo.;Poor Charlie’s Almanack e reuniões da Berkshire;;A-;financas
Philip Fisher;O investidor deve comprar empresas, não ações.;Ações Comuns, Lucros Extraordinários;;A-;financas
Philip Fisher;Grandes empresas apresentam três características: bons gestores, forte posição competitiva e potencial de crescimento.;Ações Comuns, Lucros Extraordinários;;A-;financas
Philip Fisher;A melhor maneira de investir é encontrar empresas excelentes e mantê-las por longo prazo.;Ações Comuns, Lucros Extraordinários;;A-;financas
Ray Dalio;O sucesso do investimento depende de três coisas: uma boa estratégia, uma boa execução e uma boa disciplina.;Princípios;;A-;financas
Ray Dalio;Acredito que a maior força que temos é nossa capacidade de aprender e nos adaptar.;Princípios;;A-;financas
Ray Dalio;A humildade é uma característica essencial para investidores bem-sucedidos.;Princípios;;A-;financas
Ray Dalio;Pensar de forma independente é uma das habilidades mais importantes para investir.;Princípios;;A-;financas
Ray Dalio;O maior erro que os investidores cometem é acreditar que aquilo que aconteceu recentemente provavelmente continuará acontecendo.;Princípios;;A-;financas
Ray Dalio;A maioria das pessoas não sabe que está tomando decisões baseadas em emoções.;Princípios;;A-;financas
Ray Dalio;Você precisa ser um pensador independente para ter sucesso nos mercados.;Princípios;;A-;financas
Nassim Nicholas Taleb;A ausência de evidência não é evidência de ausência.;A Lógica do Cisne Negro;;A;financas
Morgan Housel;A riqueza é principalmente uma questão de comportamento, não de inteligência.;A Psicologia Financeira;;A-;financas
Morgan Housel;A capacidade de fazer algo não significa que você deve fazê-lo.;A Psicologia Financeira;;A-;financas
Morgan Housel;O dinheiro é uma ferramenta que permite controlar seu próprio tempo.;A Psicologia Financeira;;A-;financas
Morgan Housel;O planejamento financeiro é importante, mas a flexibilidade é ainda mais importante.;A Psicologia Financeira;;A-;financas
Morgan Housel;O maior valor do dinheiro é permitir que você faça aquilo que quer, quando quer.;A Psicologia Financeira;;A-;financas
Peter Lynch;Um investimento bem-sucedido exige paciência e uma visão de longo prazo.;O Jeito Peter Lynch de Investir;;A-;financas
Peter Lynch;As pessoas que têm sucesso no mercado são aquelas que permanecem focadas no longo prazo.;O Jeito Peter Lynch de Investir;;A-;financas
Peter Lynch;"As ações não são bilhetes de loteria; são partes de empresas.";O Jeito Peter Lynch de Investir;;A-;financas
George S. Clason;Uma grande parte da vida financeira é determinada pelo que você faz com aquilo que ganha.;O Homem Mais Rico da Babilônia;;A-;financas
George S. Clason;A oportunidade é uma deusa que não perde tempo com aqueles que não estão preparados.;O Homem Mais Rico da Babilônia;;A-;financas
George S. Clason;O ouro vem de bom grado e em quantidade crescente para aquele que guarda uma parte do que ganha.;O Homem Mais Rico da Babilônia;;A-;financas
George S. Clason;O ouro foge daquele que o força a ganhos impossíveis.;O Homem Mais Rico da Babilônia;;A-;financas
George S. Clason;A riqueza é uma questão de hábitos, e os hábitos podem ser aprendidos.;O Homem Mais Rico da Babilônia;;A-;financas
Charlie Munger;É notável quanto uma vantagem competitiva de longo prazo pode ser criada por pequenas melhorias contínuas.;Poor Charlie’s Almanack e reuniões da Berkshire;;A-;financas
Warren Buffett;O investimento inteligente consiste em encontrar negócios excelentes a preços razoáveis.;Cartas aos acionistas da Berkshire Hathaway;;A-;financas
Warren Buffett;O investidor deve buscar empresas com administração honesta e competente.;Cartas aos acionistas da Berkshire Hathaway;;A-;financas
Warren Buffett;Se você não sabe avaliar negócios, não deveria investir em ações individuais.;Cartas aos acionistas da Berkshire Hathaway;;A-;financas
Peter Lynch;O risco de investir vem de não compreender aquilo que você possui.;O Jeito Peter Lynch de Investir;;A-;financas
Peter Lynch;Grandes empresas não são necessariamente grandes investimentos se o preço pago for alto demais.;O Jeito Peter Lynch de Investir;;A-;financas
Peter Lynch;Investir sem pesquisa é como jogar cartas sem olhar as cartas.;O Jeito Peter Lynch de Investir;;A-;financas
André Kostolany;A história financeira mostra que as pessoas tendem a repetir os mesmos erros quando ignoram as lições do passado.;A Arte de Pensar o Dinheiro;;A-;financas
André Kostolany;Não existe mercado de ações sem altos e baixos.;A Arte de Pensar o Dinheiro;;A-;financas
André Kostolany;O dinheiro não dorme, mas o investidor precisa ter paciência.;A Arte de Pensar o Dinheiro;;A-;financas
Warren Buffett;O risco pode ser muito reduzido concentrando-se apenas em alguns poucos investimentos excelentes.;Cartas aos acionistas da Berkshire Hathaway;;A-;financas
Warren Buffett;É melhor ter uma participação parcial em uma empresa excelente do que possuir uma empresa inteira medíocre.;Cartas aos acionistas da Berkshire Hathaway;;A-;financas
Warren Buffett;O tempo é o amigo da empresa maravilhosa e o inimigo da medíocre.;Cartas aos acionistas da Berkshire Hathaway;;A-;financas
Warren Buffett;Você só precisa fazer poucas coisas certas na vida, desde que não faça muitas coisas erradas.;Cartas aos acionistas da Berkshire Hathaway;;A-;financas
Charlie Munger;A oportunidade aparece quando você tem conhecimento e está preparado para agir.;Poor Charlie’s Almanack e reuniões da Berkshire;;A-;financas
Charlie Munger;Uma vida inteira de sucesso financeiro vem de evitar erros grandes e óbvios.;Poor Charlie’s Almanack e reuniões da Berkshire;;A-;financas
Charlie Munger;É preciso ter paciência para esperar pelas oportunidades certas.;Poor Charlie’s Almanack e reuniões da Berkshire;;A-;financas
John Bogle;O investidor deve sempre lembrar que o mercado de ações é composto por empresas reais.;O Pequeno Livro do Investimento de Bom Senso;;A-;financas
John Bogle;A simplicidade é a chave para o sucesso do investimento.;O Pequeno Livro do Investimento de Bom Senso;;A-;financas
John Bogle;A maior parte do retorno de longo prazo vem do tempo e da disciplina.;O Pequeno Livro do Investimento de Bom Senso;;A-;financas
John Bogle;Os custos são importantes porque reduzem diretamente o retorno líquido do investidor.;O Pequeno Livro do Investimento de Bom Senso;;A-;financas
Morgan Housel;O dinheiro não compra felicidade, mas permite que você faça escolhas.;A Psicologia Financeira;;A-;financas
Morgan Housel;A independência financeira é a capacidade de fazer aquilo que você quer com seu tempo.;A Psicologia Financeira;;A-;financas
Morgan Housel;Poupar dinheiro é uma das poucas coisas que está totalmente sob seu controle.;A Psicologia Financeira;;A-;financas
Morgan Housel;A riqueza é construída através de pequenas decisões repetidas durante muito tempo.;A Psicologia Financeira;;A-;financas
Peter Lynch;A maior vantagem de um investidor individual é sua capacidade de pensar em longo prazo.;O Jeito Peter Lynch de Investir;;A-;financas
Peter Lynch;As ações representam participação em negócios, não apenas números em uma tela.;O Jeito Peter Lynch de Investir;;A-;financas
Peter Lynch;Invista em negócios simples o suficiente para serem entendidos.;O Jeito Peter Lynch de Investir;;A-;financas
Philip Fisher;Os melhores investimentos geralmente exigem paciência para que o valor criado pelo negócio apareça.;Ações Comuns, Lucros Extraordinários;;A-;financas
Philip Fisher;Grandes empresas podem continuar crescendo por muitos anos quando possuem vantagens competitivas fortes.;Ações Comuns, Lucros Extraordinários;;A-;financas
Warren Buffett;O investimento de sucesso depende mais do temperamento do que da inteligência.;Cartas aos acionistas da Berkshire Hathaway;;A-;financas
Benjamin Graham;A bolsa de valores é feita para servir ao investidor, não para instruí-lo.;O Investidor Inteligente;;A;financas
Warren Buffett;A chave para investir não é avaliar quanto uma indústria afetará a sociedade, mas determinar a vantagem competitiva de uma empresa.;Cartas aos acionistas da Berkshire Hathaway;;A-;financas
John Bogle;O investidor de longo prazo deve ignorar o ruído e se concentrar nos fundamentos.;O Pequeno Livro do Investimento de Bom Senso;;A-;financas
John Bogle;O mercado financeiro recompensa a disciplina e pune a impaciência.;O Pequeno Livro do Investimento de Bom Senso;;A-;financas
Charlie Munger;"Você não precisa ser um gênio para investir bem; precisa evitar grandes erros.";Poor Charlie’s Almanack e reuniões da Berkshire;;A-;financas
Charlie Munger;Evitar erros graves é mais importante do que buscar oportunidades extraordinárias.;Poor Charlie’s Almanack e reuniões da Berkshire;;A-;financas
Morgan Housel;O dinheiro é uma ferramenta para resolver problemas e criar oportunidades.;A Psicologia Financeira;;A-;financas
Morgan Housel;Uma boa decisão financeira nem sempre parece boa no momento em que é tomada.;A Psicologia Financeira;;A-;financas
Morgan Housel;O sucesso financeiro depende de sobreviver tempo suficiente para que os juros compostos trabalhem.;A Psicologia Financeira;;A-;financas
Morgan Housel;Construir riqueza tem menos relação com renda e mais relação com comportamento.;A Psicologia Financeira;;A-;financas
Howard Marks;A história financeira é marcada por ciclos de medo e ganância.;O Mais Importante para o Investidor e memorandos da Oaktree;;A-;financas
Howard Marks;O pensamento de segundo nível é necessário para obter resultados superiores nos investimentos.;O Mais Importante para o Investidor e memorandos da Oaktree;;A-;financas
Howard Marks;"Não basta saber o que acontece; é preciso entender por que acontece.";O Mais Importante para o Investidor e memorandos da Oaktree;;A-;financas
Howard Marks;A maior vantagem competitiva de um investidor é a capacidade de controlar suas emoções.;O Mais Importante para o Investidor e memorandos da Oaktree;;A-;financas
Morgan Housel;Gastar dinheiro para mostrar às pessoas quanto dinheiro você tem é a maneira mais rápida de ter menos dinheiro.;A Psicologia Financeira;;A-;financas
Francis Bacon;Dinheiro é como esterco: não serve se não for espalhado.;Ensaios (1625);;A;financas
Henry David Thoreau;O preço de qualquer coisa é a quantidade de vida que você troca por ela.;Walden;;A;financas
Benjamin Franklin;"Cuidado com pequenas despesas; um pequeno vazamento afundará um grande navio.";Poor Richard’s Almanack e Autobiografia;;A-;financas
Benjamin Franklin;Quem compra o que não precisa acaba vendendo o que precisa.;Poor Richard’s Almanack e Autobiografia;;A-;financas
Benjamin Franklin;Aquele que vive de esperança morrerá jejuando.;Poor Richard’s Almanack e Autobiografia;;A-;financas
Benjamin Franklin;O caminho para a riqueza depende principalmente de duas palavras: indústria e frugalidade.;Poor Richard’s Almanack e Autobiografia;;A-;financas
Adam Smith;O consumo é o único fim e propósito de toda produção.;A Riqueza das Nações;;A;financas
Adam Smith;Nenhuma sociedade pode ser seguramente próspera e feliz se a maior parte de seus membros for pobre e miserável.;A Riqueza das Nações;;A;financas
Benjamin Franklin;Lembra-te de que tempo é dinheiro.;Poor Richard’s Almanack e Autobiografia;;A-;financas
Benjamin Franklin;Se quiseres ser rico, pensa em poupar tanto quanto em ganhar.;Poor Richard’s Almanack e Autobiografia;;A-;financas
Warren Buffett;O risco vem de não saber o que você está fazendo.;Cartas aos acionistas da Berkshire Hathaway;;A-;negocios
Steve Jobs;A única maneira de fazer um excelente trabalho é amar o que você faz.;Entrevista registrada;;A;negocios
Steve Jobs;Fique com fome. Fique tolo.;Entrevista registrada;;A;negocios
Jeff Bezos;Se você dobrar o número de experimentos que faz por ano, dobrará sua capacidade de inovação.;Entrevista registrada;;A;negocios
W. Edwards Deming;Seu lucro é meu salário.;Out of the Crisis e seminários;;A-;negocios
W. Edwards Deming;Não é necessário mudar. A sobrevivência não é obrigatória.;Out of the Crisis e seminários;;A-;negocios
Philip Kotler;A melhor propaganda é feita por clientes satisfeitos.;Administração de Marketing;;A-;negocios
Philip Kotler;As empresas têm de acordar para o fato de que possuem mais poder social do que muitas nações.;Administração de Marketing;;A-;negocios
W. Edwards Deming;Em Deus nós confiamos. Todos os outros devem trazer dados.;Out of the Crisis e seminários;;A-;negocios
W. Edwards Deming;O lucro nos negócios vem de clientes que se orgulham dos seus produtos e serviços e trazem seus amigos com eles.;Out of the Crisis e seminários;;A-;negocios
Warren Buffett;"Perder dinheiro para a empresa eu entenderei; perder um pedaço da reputação da empresa e serei implacável.";Cartas aos acionistas da Berkshire Hathaway;;A-;negocios
Warren Buffett;No mundo dos negócios, o retrovisor é sempre mais claro do que o para-brisa.;Cartas aos acionistas da Berkshire Hathaway;;A-;negocios
Warren Buffett;É muito melhor comprar uma empresa maravilhosa por um preço justo do que uma empresa justa por um preço maravilhoso.;Cartas aos acionistas da Berkshire Hathaway;;A-;negocios
Jeff Bezos;O Dia 2 é estagnação. Segue-se a irrelevância. Depois vem um declínio lento e doloroso. Depois a morte. É por isso que é sempre o Dia 1.;Entrevista registrada;;A;negocios
Philip Kotler;Uma grande empresa oferece excelentes produtos e serviços. Uma empresa extraordinária também se esforça para tornar o mundo um lugar melhor.;Administração de Marketing;;A-;negocios
Philip Kotler;Seja uma causa, não apenas um negócio. Tenha uma missão maior.;Administração de Marketing;;A-;negocios
Philip Kotler;A vantagem competitiva é a capacidade de uma empresa de desempenhar uma ou mais atividades de uma forma que os concorrentes não consigam ou não queiram igualar.;Administração de Marketing;;A-;negocios
Philip Kotler;Empresas precisam de menos chefes e mais pessoas capazes de se autogerenciar.;Administração de Marketing;;A-;negocios
Philip Kotler;Todos os clientes são importantes, mas alguns são mais importantes que outros.;Administração de Marketing;;A-;negocios
W. Edwards Deming;Boa qualidade e uniformidade só têm significado em relação às necessidades do consumidor.;Out of the Crisis e seminários;;A-;negocios
W. Edwards Deming;Elimine o medo.;Out of the Crisis e seminários;;A-;negocios
W. Edwards Deming;Melhore constantemente e para sempre o sistema de produção e de serviços.;Out of the Crisis e seminários;;A-;negocios
W. Edwards Deming;Institua liderança.;Out of the Crisis e seminários;;A-;negocios
W. Edwards Deming;Remova as barreiras que privam as pessoas do orgulho pelo seu trabalho.;Out of the Crisis e seminários;;A-;negocios
Adam Smith;Não é da benevolência do açougueiro, do cervejeiro ou do padeiro que esperamos nosso jantar, mas de sua consideração pelo próprio interesse.;A Riqueza das Nações;;A;negocios
Mahatma Gandhi;A melhor maneira de encontrar a si mesmo é perder-se no serviço aos outros.;Autobiografia e Collected Works of Mahatma Gandhi;;A-;lideranca
Dale Carnegie;A maneira de desenvolver o melhor que há em uma pessoa é pela apreciação e pelo encorajamento.;Como Fazer Amigos e Influenciar Pessoas;;A;lideranca
James Kouzes e Barry Posner;A liderança é a arte de mobilizar os outros para que lutem por aspirações compartilhadas.;O Desafio da Liderança;;A-;lideranca
Bernard Montgomery;Liderança é a capacidade e vontade de reunir homens e mulheres para um propósito comum e o caráter que inspira confiança.;Memórias do Marechal Montgomery;;A-;lideranca
Warren Bennis;A confiança é a cola que mantém uma organização unida.;On Becoming a Leader;;A-;lideranca
Warren Bennis;Liderança é a capacidade de traduzir visão em realidade.;On Becoming a Leader;;A;lideranca
Warren Bennis;Bons líderes fazem as pessoas sentirem que estão no centro das coisas, não na periferia.;On Becoming a Leader;;A-;lideranca
Stephen R. Covey;A liderança é uma escolha que fazemos, não um lugar que ocupamos.;Os 7 Hábitos das Pessoas Altamente Eficazes;;A-;lideranca
Stephen R. Covey;A força pessoal é o começo de toda liderança.;Os 7 Hábitos das Pessoas Altamente Eficazes;;A-;lideranca
John Wooden;A melhor maneira de liderar é pelo exemplo, não pela autoridade.;Wooden on Leadership;;A-;lideranca
John F. Kennedy;Um líder deve ter coragem para agir quando outros hesitam.;Discurso registrado;;A;lideranca
Walter Lippmann;O teste final de um líder é deixar em outras pessoas a convicção e a vontade de continuar.;Opinião Pública;;A-;lideranca
John Wooden;A primeira regra da liderança é: liderar pelo exemplo.;Wooden on Leadership;;A-;lideranca
Warren Bennis;A liderança é uma combinação de visão, coragem e humildade.;On Becoming a Leader;;A-;lideranca
Warren Bennis;Grandes líderes possuem uma visão clara, comunicam essa visão e inspiram pessoas a agir.;On Becoming a Leader;;A-;lideranca
Warren Bennis;A confiança é o elemento básico de toda liderança.;On Becoming a Leader;;A-;lideranca
Warren Bennis;"Sem confiança, não existe cooperação; sem cooperação, não existe liderança.";On Becoming a Leader;;A-;lideranca
John Kotter;Nada mina mais uma mudança do que o comportamento de pessoas importantes ser incoerente com aquilo que elas dizem.;Leading Change (1996);;A;lideranca
John Wooden;O caráter de um líder é revelado quando ninguém está olhando.;Wooden on Leadership;;A-;lideranca
Nelson Mandela;Um líder é como um pastor. Ele permanece atrás do rebanho, deixando os mais ágeis seguirem na frente.;Long Walk to Freedom (1994) — a analogia do pastor que lidera por trás do rebanho;;A-;lideranca
Theodore Roosevelt;O melhor executivo é aquele que tem bom senso suficiente para escolher bons homens para fazer o que quer e autocontrole para não interferir enquanto eles fazem.;Discurso registrado;;A;lideranca
Theodore Roosevelt;A comparação é o ladrão da alegria.;Discurso registrado;;A;lideranca
Theodore Roosevelt;É muito melhor ousar coisas grandiosas, conquistar triunfos gloriosos, mesmo com riscos, do que ficar entre aqueles que nunca conhecem nem vitória nem derrota.;Discurso registrado;;A;lideranca
George Washington;"A disciplina é a alma de um exército; ela torna pequenos números formidáveis.";Correspondência registrada;;A;lideranca
Napoleão Bonaparte;Um líder deve ter coragem para tomar decisões difíceis e assumir suas consequências.;Correspondência e ditos registrados por contemporâneos;;A-;lideranca
Bernard Montgomery;A liderança é baseada em uma qualidade espiritual: a capacidade de inspirar confiança.;Memórias do Marechal Montgomery;;A-;lideranca
Bernard Montgomery;A liderança é a capacidade de unir pessoas em torno de um objetivo comum.;Memórias do Marechal Montgomery;;A-;lideranca
Bernard Montgomery;O líder deve conhecer seus homens e ser conhecido por eles.;Memórias do Marechal Montgomery;;A-;lideranca
Bernard Montgomery;A confiança dos soldados em seu líder é uma das maiores forças de qualquer organização.;Memórias do Marechal Montgomery;;A-;lideranca
John Wooden;O exemplo é a forma mais poderosa de ensinar.;Wooden on Leadership;;A-;lideranca
John Wooden;O sucesso é a paz de espírito resultante da satisfação de saber que você fez o melhor possível.;Wooden on Leadership;;A-;lideranca
John Wooden;"Não tente ser melhor que os outros; tente ser melhor do que você era ontem.";Wooden on Leadership;;A-;lideranca
John Wooden;Um líder deve ouvir com a mente aberta e agir com determinação.;Wooden on Leadership;;A-;lideranca
John Kotter;Sempre que pessoas inteligentes e bem-intencionadas evitam enfrentar os obstáculos, elas tiram o poder de quem trabalha e sabotam a mudança.;Leading Change (1996);;A;lideranca
John Kotter;Se você não consegue descrever sua visão a alguém em cinco minutos e despertar interesse, ainda há trabalho a fazer nesta fase da transformação.;Leading Change (1996);;A;lideranca
Stephen R. Covey;A confiança é construída através de pequenas ações realizadas constantemente.;Os 7 Hábitos das Pessoas Altamente Eficazes;;A-;lideranca
Stephen R. Covey;A responsabilidade pessoal é a base da liderança eficaz.;Os 7 Hábitos das Pessoas Altamente Eficazes;;A-;lideranca
Abraham Lincoln;Quase todos podem suportar a adversidade, mas se quiser testar o caráter de um homem, dê-lhe poder.;Correspondência registrada;;A;lideranca
Abraham Lincoln;Não posso acreditar que um homem que não tem controle sobre si mesmo possa controlar outros.;Correspondência registrada;;A;lideranca
Abraham Lincoln;O compromisso de um líder deve ser com a verdade, não com a conveniência.;Correspondência registrada;;A;lideranca
John C. Maxwell;Liderança é influência, nada mais, nada menos.;As 21 Irrefutáveis Leis da Liderança;;A;lideranca
Stephen R. Covey;A integridade é o fundamento da confiança.;Os 7 Hábitos das Pessoas Altamente Eficazes;;A-;lideranca
Stephen R. Covey;A liderança baseada em princípios começa com a liderança de si mesmo.;Os 7 Hábitos das Pessoas Altamente Eficazes;;A-;lideranca
Stephen R. Covey;A força de uma organização está na qualidade das pessoas que ela desenvolve.;Os 7 Hábitos das Pessoas Altamente Eficazes;;A-;lideranca
Warren Bennis;O líder deve ter visão para o futuro e sabedoria para agir no presente.;On Becoming a Leader;;A-;lideranca
Warren Bennis;A liderança requer duas coisas: uma visão do mundo como ele é e uma visão do mundo como ele poderia ser.;On Becoming a Leader;;A-;lideranca
Warren Bennis;O líder deve ser um estudante permanente das pessoas e das situações.;On Becoming a Leader;;A-;lideranca
John Kotter;Transformação é um processo, não um acontecimento.;Leading Change (1996);;A;lideranca
Winston Churchill;A coragem é justamente a primeira das qualidades humanas porque garante todas as outras.;Discurso registrado;;A;lideranca
Winston Churchill;Atitude é uma pequena coisa que faz uma grande diferença.;Discurso registrado;;A;lideranca
Winston Churchill;A responsabilidade da liderança é decidir e agir quando a situação exige.;Discurso registrado;;A;lideranca
Warren Bennis;Os líderes aprendem com o passado, vivem o presente e constroem o futuro.;On Becoming a Leader;;A-;lideranca
Warren Bennis;A liderança sem caráter é apenas autoridade.;On Becoming a Leader;;A-;lideranca
John Wooden;A disciplina é o que transforma talento em realização.;Wooden on Leadership;;A-;lideranca
John Wooden;Você não pode viver um dia perfeito sem fazer algo por alguém que nunca poderá retribuir.;Wooden on Leadership;;A-;lideranca
Ray Kroc;A grandeza de um líder é medida pela capacidade de fazer outros crescerem.;Grinding It Out;;A-;lideranca
James Kouzes e Barry Posner;Grandes líderes mobilizam pessoas em torno de uma visão compartilhada.;O Desafio da Liderança;;A-;lideranca
James Kouzes e Barry Posner;A liderança é uma relação fundada em confiança entre líderes e seguidores.;O Desafio da Liderança;;A-;lideranca
James Kouzes e Barry Posner;Líderes exemplares mostram o caminho antes de pedir que outros o sigam.;O Desafio da Liderança;;A-;lideranca
James Kouzes e Barry Posner;O líder deve desafiar o processo, inspirar uma visão compartilhada e permitir que outros ajam.;O Desafio da Liderança;;A-;lideranca
John Kotter;Visão é uma imagem do futuro que deixa claro por que as pessoas deveriam trabalhar para construí-lo.;Leading Change (1996) — definição de visão;;A;lideranca
Sun Tzu;A arte da liderança consiste em saber quando avançar e quando recuar.;A Arte da Guerra;;A-;lideranca
Sun Tzu;Aquele que não sabe comandar a si mesmo dificilmente poderá comandar outros.;A Arte da Guerra;;A-;lideranca
Sun Tzu;A velocidade é a essência da guerra.;A Arte da Guerra;;A-;lideranca
Sun Tzu;O general que vence uma batalha faz muitos cálculos antes dela acontecer.;A Arte da Guerra;;A-;lideranca
Sun Tzu;Um líder deve ser capaz de adaptar seus planos às mudanças das circunstâncias.;A Arte da Guerra;;A-;lideranca
John F. Kennedy;Liderança e aprendizado são indispensáveis um ao outro.;Discurso registrado;;A;lideranca
John F. Kennedy;A conformidade é o carcereiro da liberdade e o inimigo do crescimento.;Discurso registrado;;A;lideranca
Martin Luther King Jr.;A liderança deve estar baseada na cooperação, não na dominação.;Discurso registrado;;A;lideranca
Martin Luther King Jr.;A pergunta mais persistente e urgente da vida é: o que você está fazendo pelos outros?;Discurso registrado;;A;lideranca
Martin Luther King Jr.;A mudança não acontece sem ação.;Discurso registrado;;A;lideranca
Martin Luther King Jr.;O tempo é sempre certo para fazer o que é certo.;Discurso registrado;;A;lideranca
Mary Parker Follett;A melhor liderança é aquela que desperta nas pessoas o desejo de fazer mais.;Dynamic Administration;;A-;lideranca
Mary Parker Follett;A liderança não é exercida sobre pessoas, mas com pessoas.;Dynamic Administration;;A-;lideranca
Mary Parker Follett;A autoridade deve estar baseada no conhecimento e na capacidade, não apenas no cargo.;Dynamic Administration;;A-;lideranca
Mary Parker Follett;A liderança é uma responsabilidade que deve ser conquistada todos os dias.;Dynamic Administration;;A-;lideranca
Dale Carnegie;Você pode conquistar mais amigos em dois meses se interessando pelas outras pessoas do que em dois anos tentando fazer as pessoas se interessarem por você.;Como Fazer Amigos e Influenciar Pessoas;;A;lideranca
Warren Bennis;O líder deve ser capaz de transformar incerteza em direção.;On Becoming a Leader;;A-;lideranca
Warren Bennis;"Líderes são aqueles que fazem a coisa certa; gestores são aqueles que fazem as coisas corretamente.";On Becoming a Leader;;A-;lideranca
Stephen R. Covey;A confiança é construída quando líderes cumprem suas promessas.;Os 7 Hábitos das Pessoas Altamente Eficazes;;A-;lideranca
Stephen R. Covey;A liderança começa com uma escolha: assumir responsabilidade.;Os 7 Hábitos das Pessoas Altamente Eficazes;;A-;lideranca
William Shakespeare;Inquieta repousa a cabeça que sustenta uma coroa.;Henrique IV, Parte 2, III, 1;;A;lideranca
William Shakespeare;Dá a todos teu ouvido, mas a poucos tua voz.;Hamlet, I, 3;;A;lideranca
Marco Aurélio;O que não é bom para a comunidade também não é bom para o indivíduo.;Meditações, VI, 54;;A;lideranca
William Shakespeare;Alguns são feitos grandes, alguns alcançam a grandeza e alguns têm a grandeza imposta sobre eles.;Noite de Reis, II, 5;;A;lideranca
Sêneca;A maior parte da vida é perdida esperando que algo aconteça.;Sobre a Brevidade da Vida, I–III;;A;vida
Sêneca;Não recebemos uma vida curta, mas a fazemos curta.;Sobre a Brevidade da Vida, I–III;;A;vida
Mahatma Gandhi;"A vida é uma sucessão de momentos; o futuro é construído pelo presente.";Autobiografia e Collected Works of Mahatma Gandhi;;A-;vida
Mahatma Gandhi;A vida é uma escola, e os problemas são as lições.;Autobiografia e Collected Works of Mahatma Gandhi;;A-;vida
Albert Einstein;A vida é como andar de bicicleta. Para manter o equilíbrio, é preciso continuar em movimento.;Entrevista registrada;;A;vida
Carl Rogers;A vida é uma oportunidade de crescimento e transformação.;Tornar-se Pessoa;;A-;vida
William Shakespeare;A vida é uma sombra que passa.;Macbeth, V, 5;;A;vida
Franklin D. Roosevelt;A vida é uma oportunidade para fazer algo que valha a pena.;Discurso registrado;;A;vida
Jane Austen;A vida parece apenas uma rápida sucessão de nadas ocupados.;Romance de Jane Austen;;A-;vida
Marco Aurélio;É possível viver esta vida bem, mesmo neste instante.;Meditações, IV, 17;;A;vida
Charles Dickens;Era o melhor dos tempos, era o pior dos tempos.;Um Conto de Duas Cidades, abertura;;A;vida
Charles Dickens;Era a idade da sabedoria, era a idade da loucura.;Romance de Charles Dickens;;A-;vida
Charles Dickens;"Tínhamos tudo diante de nós; não tínhamos nada diante de nós.";Romance de Charles Dickens;;A-;vida
William Shakespeare;A vida é uma sombra ambulante, um pobre ator que se pavoneia e se aflige por sua hora no palco.;Macbeth, V, 5;;A;vida
William Shakespeare;A vida é apenas uma história contada por um idiota, cheia de som e fúria, sem significado.;Macbeth, V, 5;;A;vida
Kahlil Gibran;A maré que chama todas as coisas a si também me chama.;"O Profeta, ""Da Religião"" e ""Da Despedida""";;A;vida
Kahlil Gibran;Para ficar, quando as horas queimam na noite, é congelar e cristalizar-se.;"O Profeta, ""Da Religião"" e ""Da Despedida""";;A;vida
Marco Aurélio;Perde o presente e perdes o tempo da tua vida.;Meditações, XII, 26;;A;vida
Charles Dickens;"Estávamos todos indo diretamente para o Céu; estávamos todos indo na direção contrária.";Romance de Charles Dickens;;A-;vida
Henry David Thoreau;A massa dos homens leva vidas de silencioso desespero.;Walden;;A;vida
Simone de Beauvoir;Não se nasce mulher: torna-se mulher.;O Segundo Sexo;;A;empoderamento
Mahatma Gandhi;A mulher é a companheira do homem, dotada da mesma capacidade mental.;Autobiografia e Collected Works of Mahatma Gandhi;;A-;empoderamento
Chimamanda Ngozi Adichie;A cultura não faz as pessoas. As pessoas fazem a cultura.;Sejamos Todos Feministas;;A;empoderamento
Mahatma Gandhi;A força não vem da capacidade física. Vem de uma vontade indomável.;Autobiografia e Collected Works of Mahatma Gandhi;;A-;empoderamento
Kofi Annan;"A igualdade de gênero é mais do que um objetivo em si mesmo; é uma condição prévia para enfrentar o desafio de reduzir a pobreza, promover o desenvolvimento sustentável e construir uma boa governança.";Discurso registrado;;A;empoderamento
Simone de Beauvoir;O problema da mulher sempre foi um problema dos homens.;Citada de forma consistente em múltiplas fontes jornalísticas e educacionais independentes (ex.: La Nación), sem localização exata confirmada em obra específica;;A-;empoderamento
Susan B. Anthony;"As mulheres têm descoberto que não podem confiar na cavalaria para obter justiça; elas mesmas precisam lutar por ela.";Discurso registrado;;A;empoderamento
Ruth Bader Ginsburg;A mulher deve ter igualdade de direitos, igualdade de oportunidades e igualdade de respeito.;Entrevista registrada;;A;empoderamento
Martin Luther King Jr.;"A liberdade não é dada voluntariamente pelo opressor; deve ser exigida pelo oprimido.";Discurso registrado;;A;empoderamento
Ruth Bader Ginsburg;"A igualdade não é um favor; é um direito.";Entrevista registrada;;A;empoderamento
Simone de Beauvoir;O opressor não seria tão forte se não tivesse cúmplices entre os próprios oprimidos.;Citada de forma consistente em múltiplas coletâneas educacionais e acadêmicas independentes, sem localização exata confirmada em obra específica;;A-;empoderamento
Simone de Beauvoir;"A representação do mundo, como o próprio mundo, é obra dos homens; eles o descrevem a partir de seu próprio ponto de vista.";O Segundo Sexo (1949), Introdução;;A-;empoderamento
Simone de Beauvoir;A humanidade é masculina, e o homem define a mulher não em si mesma, mas em relação a ele.;O Segundo Sexo (1949), Introdução;;A-;empoderamento
Simone de Beauvoir;A mulher livre é exatamente o oposto da mulher fácil.;O Segundo Sexo (1949);;A-;empoderamento
Nísia Floresta;A mulher deve ser instruída para que possa cumprir dignamente sua missão na sociedade.;Direitos das Mulheres e Injustiça dos Homens;;A-;empoderamento
Mary Wollstonecraft;"A mulher não é inferior ao homem por natureza; a desigualdade é produzida pela falta de educação e oportunidades.";Reivindicação dos Direitos da Mulher;;A-;empoderamento
Mary Wollstonecraft;Fortalecei a mente feminina pelo alargamento de seus conhecimentos, e haverá um fim para a obediência cega.;Reivindicação dos Direitos da Mulher;;A-;empoderamento
Gerda Lerner;As mulheres têm sido privadas de sua própria história porque suas experiências foram consideradas menos importantes.;A Criação do Patriarcado;;A-;empoderamento
Betty Friedan;As mulheres não podem ser livres enquanto forem definidas por sua relação com os homens.;A Mística Feminina;;A-;empoderamento
Betty Friedan;A mística feminina permitiu que muitas mulheres percebessem que sua insatisfação não era um problema pessoal, mas uma questão social.;A Mística Feminina;;A-;empoderamento
Mary Wollstonecraft;Uma mulher deve ter a liberdade de desenvolver suas próprias capacidades e escolher seu próprio caminho.;Reivindicação dos Direitos da Mulher;;A-;empoderamento
Susan B. Anthony;A igualdade de direitos não é uma questão de favor, mas de justiça.;Discurso registrado;;A;empoderamento
Nísia Floresta;A mulher precisa ser educada para que possa exercer plenamente sua cidadania.;Direitos das Mulheres e Injustiça dos Homens;;A-;empoderamento
Ruth Bader Ginsburg;Uma sociedade em que as mulheres não têm voz é uma sociedade incompleta.;Entrevista registrada;;A;empoderamento
Mary Wollstonecraft;Quero ver as mulheres como seres racionais e companheiras, em vez de esposas e amantes infantis.;Reivindicação dos Direitos da Mulher;;A-;empoderamento
Mary Wollstonecraft;A força mental da mulher deve ser cultivada para torná-la independente do homem.;Reivindicação dos Direitos da Mulher;;A-;empoderamento
Mary Wollstonecraft;Eu quero ver mulheres independentes dos homens, para que possam conhecer e exercer sua própria razão.;Reivindicação dos Direitos da Mulher;;A-;empoderamento
Mary Wollstonecraft;Tornai as mulheres criaturas racionais e cidadãs livres, e elas rapidamente se tornarão boas esposas e mães.;Reivindicação dos Direitos da Mulher;;A-;empoderamento
John Stuart Mill;A subordinação legal de um sexo ao outro é errada em si mesma e constitui um dos principais obstáculos ao aperfeiçoamento humano.;A Sujeição das Mulheres;;A;empoderamento
Ralph Waldo Emerson;Um amigo pode ser considerado uma obra-prima da natureza.;"Ensaios: Primeira Série, ""Amizade""";;A;amizade
Ralph Waldo Emerson;Um amigo é uma pessoa com quem ousamos ser nós mesmos.;"Ensaios: Primeira Série, ""Amizade""";;A;amizade
Ralph Waldo Emerson;"A única recompensa da virtude é a própria virtude; a única maneira de ter um amigo é ser um.";"Ensaios: Primeira Série, ""Amizade""";;A;amizade
Aristóteles;A amizade é uma virtude, ou implica virtude, e é uma das necessidades mais indispensáveis da vida.;Ética a Nicômaco, VIII;;A;amizade
George Washington;A amizade é como uma planta: deve ser cultivada para florescer.;Correspondência registrada;;A;amizade
Cícero;Nenhuma posse é mais valiosa do que um amigo verdadeiro.;Sobre a Amizade (Laelius), XXI;;A;amizade
Confúcio;A amizade verdadeira não depende de tempo ou distância.;Analectos;;A-;amizade
Ralph Waldo Emerson;Um amigo é uma pessoa com quem você pode pensar em voz alta.;"Ensaios: Primeira Série, ""Amizade""";;A;amizade
Baltasar Gracián;Um amigo fiel vale mais que qualquer riqueza.;A Arte da Prudência (Oráculo Manual);;A-;amizade
George Washington;A amizade é uma planta que cresce lentamente e deve resistir às dificuldades antes de merecer esse nome.;Correspondência registrada;;A;amizade
Aristóteles;Ninguém escolheria viver sem amigos, mesmo que tivesse todos os outros bens.;Ética a Nicômaco, VIII;;A;amizade
Kahlil Gibran;Seu amigo é a resposta às suas necessidades.;"O Profeta, ""Da Amizade""";;A;amizade
Kahlil Gibran;Ele é o campo que você semeia com amor e colhe com gratidão.;"O Profeta, ""Da Amizade""";;A;amizade
Kahlil Gibran;Na amizade, todos os pensamentos, desejos e expectativas nascem e são compartilhados sem palavras.;"O Profeta, ""Da Amizade""";;A;amizade
Michel de Montaigne;Na amizade, as almas se misturam e se confundem.;"Ensaios, I, 28 (""Da Amizade"")";;A;amizade
Kahlil Gibran;Que não haja propósito na amizade senão o aprofundamento do espírito.;"O Profeta, ""Da Amizade""";;A;amizade
Kahlil Gibran;Dá o teu melhor ao teu amigo.;"O Profeta, ""Da Amizade""";;A;amizade
Michel de Montaigne;"Nas amizades comuns, é preciso fazer concessões para construir intimidade; na amizade verdadeira, a alma se oferece inteira.";"Ensaios, I, 28 (""Da Amizade"")";;A;amizade
Michel de Montaigne;A amizade verdadeira se encontra entre almas que se unem espontaneamente.;"Ensaios, I, 28 (""Da Amizade"")";;A;amizade
Jane Austen;A amizade é certamente o melhor bálsamo para as dores do amor decepcionado.;Romance de Jane Austen;;A-;amizade
Cícero;A amizade pode ser assim definida: um completo acordo sobre todas as coisas humanas e divinas, acompanhado de benevolência e afeição mútuas.;Sobre a Amizade (Laelius), VI;;A;amizade
Aristóteles;A felicidade é uma atividade da alma de acordo com a virtude perfeita.;Ética a Nicômaco, I;;A;felicidade
Cícero;A verdadeira felicidade vem da posse da sabedoria e da virtude.;Tusculanas;;A-;felicidade
Ralph Waldo Emerson;A felicidade é um perfume que você não pode derramar sobre os outros sem deixar algumas gotas em si mesmo.;Ensaios: Segunda Série e Sociedade e Solidão;;A-;felicidade
Zenão de Cítio;A felicidade consiste em viver conforme a natureza e a razão.;Fragmentos recolhidos por Diógenes Laércio;;A-;felicidade
Sêneca;A vida feliz é aquela que está de acordo com a própria natureza.;Sobre a Vida Feliz;;A-;felicidade
Epicuro;Quem não se contenta com pouco, nada o satisfará.;Sentenças Vaticanas, 68;;A;felicidade
Epicuro;O prazer mais elevado é a ausência de dor no corpo e de perturbação na alma.;Carta a Meneceu;;A;felicidade
Benjamin Franklin;A felicidade depende mais da disposição da mente do que das circunstâncias externas.;Poor Richard’s Almanack e Autobiografia;;A-;felicidade
Epicteto;Não são as coisas que perturbam os homens, mas os julgamentos que eles fazem sobre as coisas.;Enquirídio, V;;A;felicidade
Marco Aurélio;A alma torna-se tingida pela cor dos seus pensamentos.;Meditações, V, 16;;A;felicidade
Aristóteles;A felicidade perfeita consiste na contemplação da verdade.;Ética a Nicômaco, X;;A;felicidade
Epicuro;Aquele que não considera o que possui como suficiente nunca estará satisfeito.;Sentenças Vaticanas, 68;;A;felicidade
Sêneca;O homem sábio não busca a felicidade em coisas externas, mas dentro de si.;Sobre a Vida Feliz;;A-;felicidade
Aristóteles;A felicidade é o bem supremo que todos procuram.;Ética a Nicômaco, I;;A;felicidade
Carl Rogers;A felicidade é uma direção, não um lugar.;Tornar-se Pessoa;;A-;felicidade
Aristóteles;A felicidade é o bem que buscamos por si mesmo, enquanto todas as outras coisas são buscadas por causa dela.;Ética a Nicômaco, I;;A;felicidade
Aristóteles;O homem feliz é aquele que vive bem e age bem.;Ética a Nicômaco, I;;A;felicidade
Aristóteles;A felicidade é a finalidade de toda ação humana.;Ética a Nicômaco, I;;A;felicidade
Sêneca;Nenhum homem é feliz se não se considera feliz.;Cartas a Lucílio, VII e VIII;;A;felicidade
Epicuro;O prazer é o começo e o fim de uma vida feliz.;Carta a Meneceu;;A;felicidade
Aristóteles;A felicidade é um estado de atividade, não de repouso.;Ética a Nicômaco;;A-;felicidade
Viktor Frankl;A vida nunca se torna insuportável pelas circunstâncias, mas apenas pela falta de significado e propósito.;Em Busca de Sentido;;A-;felicidade
Carl Rogers;A felicidade é o resultado de uma vida em harmonia com nossos valores.;Tornar-se Pessoa;;A-;felicidade
Aristóteles;A felicidade é uma forma de contemplação e realização daquilo que há de melhor em nós.;Ética a Nicômaco, X;;A;felicidade
Sêneca;O homem sábio é feliz porque possui dentro de si tudo o que precisa.;Sobre a Vida Feliz;;A-;felicidade
Epicteto;A felicidade depende daquilo que está sob nosso controle, não daquilo que está fora dele.;Enquirídio, I;;A;felicidade
William Shakespeare;As doçuras da adversidade são doces de descobrir.;Como Gostais, II, 1;;A;felicidade
Jane Austen;Conhece a tua própria felicidade. Não desejais nada além da paciência — ou chamai-a de esperança, nome mais fascinante.;Romance de Jane Austen;;A-;felicidade
Jane Austen;Pense no passado apenas quando sua lembrança lhe trouxer prazer.;Romance de Jane Austen;;A-;felicidade
Aristóteles;A felicidade é o bem supremo e o fim último da ação.;Ética a Nicômaco, I;;A;felicidade
Aristóteles;A atividade contemplativa é a forma mais elevada de felicidade.;Ética a Nicômaco, X;;A;felicidade
Kahlil Gibran;Sua alegria é sua tristeza sem máscara.;"O Profeta, ""Da Alegria e da Tristeza""";;A;felicidade
Jane Austen;Para ser feliz, basta conhecer a própria felicidade.;Romance de Jane Austen;;A-;felicidade
Jane Austen;Há pessoas que, quanto mais se conhecem, mais se estimam.;Romance de Jane Austen;;A-;felicidade
Kahlil Gibran;Só quando você está vazio encontra o equilíbrio.;"O Profeta, ""Da Alegria e da Tristeza""";;A;felicidade
Kahlil Gibran;A alegria e a tristeza são inseparáveis.;"O Profeta, ""Da Alegria e da Tristeza""";;A;felicidade
Michel de Montaigne;A grandeza da alma consiste menos em subir do que em saber manter-se.;"Ensaios, III, 13 (""Da Experiência"")";;A;felicidade
Jane Austen;A felicidade no casamento depende mais da boa sorte do que da boa vontade.;Romance de Jane Austen;;A-;felicidade
Jane Austen;Não existe encanto igual ao coração que sabe ser terno.;Romance de Jane Austen;;A-;felicidade
Aristóteles;A dúvida é o princípio da sabedoria.;Metafísica, I, 2;;A;filosofos
Sócrates;A sabedoria é a única coisa que eu sei que é boa em si mesma.;Declaração pública registrada;;A;filosofos
Cícero;A natureza não apenas nos deu a vida, mas também a razão para bem vivê-la.;Tusculanas;;A-;filosofos
Epicuro;Não é possível viver bem sem filosofar.;Máximas Principais, V;;A;filosofos
Epicuro;Vã é a palavra daquele filósofo que não cura nenhuma aflição humana.;Fragmento 221 (edição Usener);;A;filosofos
Epicuro;A necessidade é um mal, mas não há necessidade de viver sob a necessidade.;Sentenças Vaticanas, 9;;A;filosofos
Sêneca;Nenhum vento sopra a favor de quem não sabe para onde vai.;Cartas a Lucílio;;A-;filosofos
Sêneca;Não aprendemos para a escola, mas para a vida.;Cartas a Lucílio, CVI;;A;filosofos
Marco Aurélio;O valor de um homem não é maior do que o valor de suas ambições.;Meditações, VII, 3;;A;filosofos
Sêneca;A pobreza não consiste em possuir pouco, mas em desejar muito.;Cartas a Lucílio, II;;A;filosofos
Sêneca;A adversidade é a ocasião para a virtude.;Sobre a Providência;;A;filosofos
Aristóteles;A sabedoria começa na admiração.;Metafísica, I, 2;;A;filosofos
Aristóteles;A virtude não consiste em saber, mas em agir conforme o saber.;Ética a Nicômaco, II;;A;filosofos
Jean-Jacques Rousseau;O homem nasce livre, e por toda parte encontra-se acorrentado.;O Contrato Social;;A;filosofos
Jean-Jacques Rousseau;A liberdade do homem consiste em não obedecer a ninguém senão às leis que ele mesmo estabelece.;O Contrato Social;;A;filosofos
Michel de Montaigne;Minha vida foi cheia de terríveis infortúnios, a maioria dos quais nunca aconteceu.;Ensaios;;A-;filosofos
Michel de Montaigne;A maior coisa do mundo é saber pertencer a si mesmo.;Ensaios, Livro I, XXXIX;;A;filosofos
Michel de Montaigne;Aquele que ensina os homens a morrer ensina-os a viver.;"Ensaios, I, 20 (""Filosofar é aprender a morrer"")";;A;filosofos
Michel de Montaigne;A minha profissão e minha arte é viver.;"Ensaios, III, 13 (""Da Experiência"")";;A;filosofos
Marco Aurélio;Faça cada coisa como se fosse a última coisa que você faria na vida.;Meditações, II, 5;;A;filosofos
Marco Aurélio;A melhor maneira de se defender contra os inimigos é não se tornar semelhante a eles.;Meditações, VI, 6;;A;filosofos
Sêneca;Enquanto você adiar, a vida passa.;Cartas a Lucílio, I;;A;filosofos
Sêneca;A sorte dá muitas coisas a muitas pessoas, mas não dá sabedoria.;Cartas a Lucílio;;A-;filosofos
Confúcio;Saber que você não sabe é a melhor parte do conhecimento.;Analectos;;A-;filosofos
Confúcio;Aquele que conhece a verdade não é igual àquele que apenas conhece a informação.;Analectos;;A-;filosofos
Confúcio;"A virtude não permanece isolada; sempre tem vizinhos.";Analectos;;A-;filosofos
Confúcio;"Aquele que aprende, mas não pensa, está perdido; aquele que pensa, mas não aprende, está em perigo.";Analectos;;A-;filosofos
Confúcio;"O homem superior busca o que é correto; o homem inferior busca o que é vantajoso.";Analectos;;A-;filosofos
Epicuro;"Não estrague aquilo que você tem desejando aquilo que não tem; lembre-se de que aquilo que você possui agora já foi um dia algo que você desejou.";Sentenças Vaticanas, 35;;A;filosofos
Epicuro;Aquele que menos necessita de riquezas é o mais rico.;Carta a Meneceu;;A;filosofos
Epicuro;A maior virtude é a prudência, pois dela nascem todas as outras virtudes.;Carta a Meneceu;;A;filosofos
Marco Aurélio;A arte de viver se assemelha mais à luta do que à dança.;Meditações, VII, 61;;A;filosofos
Epicteto;Se você quer melhorar, contente-se em ser considerado tolo e estúpido em relação às coisas externas.;Enquirídio, XIII;;A;filosofos
Cícero;A sabedoria é a companheira da velhice.;Sobre a Velhice (De Senectute);;A;filosofos
Arthur Schopenhauer;O mundo é minha representação.;O Mundo como Vontade e Representação;;A-;filosofos
Arthur Schopenhauer;A vontade é o elemento fundamental da vida.;O Mundo como Vontade e Representação;;A-;filosofos
Baruch Spinoza;Não choramos, não rimos, não odiamos, mas compreendemos.;Tratado Político;;A;filosofos
Baruch Spinoza;A mente humana é parte do intelecto infinito de Deus.;Ética;;A;filosofos
David Hume;A razão é, e deve ser apenas a escrava das paixões.;Tratado da Natureza Humana;;A;filosofos
David Hume;Nada é mais livre do que a imaginação humana.;Investigação sobre o Entendimento Humano;;A;filosofos
Michel de Montaigne;Quem teme sofrer já sofre pelo que teme.;"Ensaios, III, 13 (""Da Experiência"")";;A;filosofos
Michel de Montaigne;O homem que não se conhece dificilmente pode conhecer os outros.;Ensaios;;A-;filosofos
William Shakespeare;"Nada é bom ou mau; o pensamento é que o torna assim.";Hamlet;;A;filosofos
William Shakespeare;A teia da nossa vida é de um fio misturado: bem e mal juntos.;Bem Está o Que Bem Acaba, IV, 3;;A;filosofos
William Shakespeare;Não há escuridão senão a ignorância.;Noite de Reis, IV, 2;;A;filosofos
Jane Austen;Pessoas iradas nem sempre são sábias.;Romance de Jane Austen;;A-;filosofos
Jane Austen;Metade do mundo não pode compreender os prazeres da outra metade.;Romance de Jane Austen;;A-;filosofos
Jane Austen;Não se pode concluir sobre o caráter de uma pessoa apenas pelo que se observa num único momento.;Romance de Jane Austen;;A-;filosofos
Ralph Waldo Emerson;Nada externo a ti tem poder sobre ti.;"Ensaios: Primeira Série, ""Autoconfiança""";;A;filosofos
Epicteto;"Não procures que nada aconteça; procura suportar bem o que acontece.";Enquirídio, VIII;;A;filosofos
Aristóteles;A excelência moral é uma disposição de escolher por deliberação.;Ética a Nicômaco, II;;A;filosofos
Aristóteles;A coragem é o meio-termo em relação ao medo e à confiança.;Ética a Nicômaco, III;;A;filosofos
Aristóteles;A educação do corpo e a do caráter devem seguir juntas.;Política, VII–VIII;;A;filosofos
Aristóteles;A filosofia começa no espanto.;Metafísica, I, 2;;A;filosofos
Aristóteles;A natureza não faz nada em vão.;Política, I, 2;;A;filosofos
Aristóteles;O prazer no trabalho aperfeiçoa a obra.;Ética a Nicômaco, X;;A;filosofos
Aristóteles;É o hábito que forma o caráter.;Ética a Nicômaco, II;;A;filosofos
Michel de Montaigne;Estudar filosofia é aprender a morrer.;"Ensaios, I, 20 (""Filosofar é aprender a morrer"")";;A;filosofos
Michel de Montaigne;Não devemos julgar nossa felicidade até o fim.;"Ensaios, I, 20 (""Filosofar é aprender a morrer"")";;A;filosofos
Michel de Montaigne;É o costume que nos guia em quase tudo.;"Ensaios, I, 23 (""Do Costume"")";;A;filosofos
Charles Dickens;Era a época da crença, era a época da incredulidade.;Romance de Charles Dickens;;A-;filosofos
William Shakespeare;O que passou é prólogo.;A Tempestade, II, 1;;A;filosofos
William Shakespeare;A consciência nos torna covardes a todos.;Hamlet, III, 1;;A;filosofos
Jane Austen;Ninguém é obrigado a agradar os outros às custas da própria felicidade.;Romance de Jane Austen;;A-;filosofos
Epicteto;A condição do filósofo é olhar para si mesmo em busca de toda ajuda ou dano.;Enquirídio, XLVIII;;A;filosofos
Epicteto;Quando encontrares um obstáculo, acusa a ti mesmo antes de culpar o externo.;Enquirídio, V;;A;filosofos
Kahlil Gibran;A necessidade muda, mas o amor não.;"O Profeta, ""Do Amor""";;A;filosofos
Marco Aurélio;A melhor vingança é ser diferente daquele que praticou a injustiça.;Meditações, VI, 6;;A;filosofos
Marco Aurélio;O universo é transformação: a vida é opinião.;Meditações, IV, 3;;A;filosofos
Michel de Montaigne;Não há desejo mais natural que o desejo de conhecimento.;"Ensaios, III, 13 (""Da Experiência"")";;A;filosofos
Michel de Montaigne;Não somos feitos para estar sempre no mesmo estado.;"Ensaios, III, 2 (""Do Arrependimento"")";;A;filosofos
Michel de Montaigne;A palavra deve ser julgada pelo uso, não pela aparência.;Ensaios;;A-;filosofos
William Shakespeare;Há mais coisas entre o céu e a terra do que sonha a nossa filosofia.;Hamlet;;A;filosofos
William Shakespeare;Todo o mundo é um palco.;Como Gostais (As You Like It);;A;filosofos
William Shakespeare;Tudo que reluz não é ouro.;O Mercador de Veneza, II, 7;;A;filosofos
William Shakespeare;A brevidade é a alma do espírito.;Hamlet;;A;filosofos
Jane Austen;Nada é mais enganador do que a aparência de humildade.;Romance de Jane Austen;;A-;filosofos
Henry David Thoreau;Em vez de amor, dinheiro ou fama, dai-me a verdade.;Walden;;A;filosofos
Ralph Waldo Emerson;"Adota o ritmo da natureza; seu segredo é a paciência.";Ensaios: Segunda Série e Sociedade e Solidão;;A-;filosofos
Sêneca;"A vida não é curta; nós a tornamos curta.";Sobre a Brevidade da Vida, I;;A;filosofos
Winston Churchill;Nunca, nunca, nunca desista.;Discurso registrado;;A;motivacao
Thomas Edison;Nossa maior fraqueza está em desistir. O caminho mais certo para vencer é sempre tentar mais uma vez.;Entrevista registrada;;A;motivacao
Viktor Frankl;Não procure o sucesso. Quanto mais você o procura e o transforma em objetivo, mais ele escapa de você.;Em Busca de Sentido;;A-;motivacao
Viktor Frankl;"O homem não é simplesmente um produto das condições; ele possui liberdade para escolher sua atitude diante delas.";Em Busca de Sentido;;A-;motivacao
Ralph Waldo Emerson;Nada de grande foi realizado sem entusiasmo.;Ensaios: Segunda Série e Sociedade e Solidão;;A-;motivacao
Ralph Waldo Emerson;Faça a coisa que você teme e a morte do medo será certa.;Ensaios: Segunda Série e Sociedade e Solidão;;A-;motivacao
Thomas Edison;A maioria das pessoas perde oportunidades porque elas estão vestidas com roupas de trabalho e parecem trabalho.;Entrevista registrada;;A;motivacao
Thomas Edison;O valor de uma ideia está no uso dela.;Entrevista registrada;;A;motivacao
Carl Sagan;A imaginação frequentemente nos leva a mundos que nunca existiram, mas sem ela não iríamos a lugar algum.;Cosmos;;A;motivacao
Mahatma Gandhi;O futuro depende do que fazemos no presente.;Autobiografia e Collected Works of Mahatma Gandhi;;A-;motivacao
Henry Stanley Haskins;O que está atrás de nós e o que está diante de nós são pequenas coisas comparadas ao que está dentro de nós.;Meditations in Wall Street (1940), p. 131 — publicado anonimamente, o que originou a confusão;;A;motivacao
Ralph Waldo Emerson;A recompensa de uma coisa bem feita é tê-la feito.;Ensaios: Segunda Série e Sociedade e Solidão;;A-;motivacao
Helen Keller;A segurança é principalmente uma superstição. Ela não existe na natureza.;A Porta Aberta;;A;motivacao
Helen Keller;Embora o mundo esteja cheio de sofrimento, ele também está cheio de superação.;Otimismo;;A;motivacao
Aristóteles;A coragem é a primeira das qualidades humanas porque garante todas as outras.;Diógenes Laércio, Vidas dos Filósofos, V — dito relatado;;A-;motivacao
Aristóteles;A excelência é uma arte conquistada pelo treinamento e pelo hábito.;Ética a Nicômaco, II;;A;motivacao
Dale Carnegie;"A felicidade não depende do que você tem ou de quem você é; depende apenas do que você pensa.";Como Evitar Preocupações e Começar a Viver;;A;motivacao
Franklin D. Roosevelt;O único limite para nossas realizações de amanhã são nossas dúvidas de hoje.;Discurso registrado;;A;motivacao
Viktor Frankl;A vida pode ser muito mais ampla quando você descobre uma coisa simples: tudo que acontecer com você tem uma utilidade.;Em Busca de Sentido;;A-;motivacao
Viktor Frankl;Aqueles que têm uma razão para viver podem suportar quase qualquer dificuldade.;Em Busca de Sentido;;A-;motivacao
Muhammad Ali;O homem que não tem imaginação não tem asas.;Entrevista registrada;;A;motivacao
Muhammad Ali;Aquele que não tem coragem suficiente para assumir riscos não realizará nada na vida.;Entrevista registrada;;A;motivacao
Henry Ford;Obstáculos são aquelas coisas assustadoras que você vê quando tira os olhos do seu objetivo.;My Life and Work (1922);;A-;motivacao
Henry Ford;Quando tudo parecer estar contra você, lembre-se de que o avião decola contra o vento, não a favor dele.;My Life and Work (1922);;A-;motivacao
Benjamin Franklin;Bem feito é melhor que bem dito.;Poor Richard’s Almanack e Autobiografia;;A-;motivacao
Benjamin Franklin;Você pode adiar, mas o tempo não.;Poor Richard’s Almanack e Autobiografia;;A-;motivacao
Benjamin Franklin;Aquele que pode ter paciência pode ter o que quiser.;Poor Richard’s Almanack e Autobiografia;;A-;motivacao
Napoleon Hill;Não espere. O tempo nunca será perfeito.;Pense e Enriqueça;;A-;motivacao
Napoleon Hill;A persistência é a qualidade que separa o sucesso do fracasso.;Pense e Enriqueça;;A-;motivacao
Napoleon Hill;A ação é o verdadeiro teste da inteligência.;Pense e Enriqueça;;A-;motivacao
Jim Rohn;Você não pode mudar seu destino durante a noite, mas pode mudar sua direção durante a noite.;Palestra registrada;;A;motivacao
William Shakespeare;"Os covardes morrem muitas vezes antes de sua morte; os valentes experimentam a morte apenas uma vez.";Júlio César;;A;motivacao
Ralph Waldo Emerson;Cada artista foi primeiro um amador.;Ensaios: Segunda Série e Sociedade e Solidão;;A-;motivacao
Ralph Waldo Emerson;Faze do teu carro uma estrela a que te ates.;Ensaios: Segunda Série e Sociedade e Solidão;;A-;motivacao
Kahlil Gibran;Todo conhecimento é vão, salvo quando há trabalho.;"O Profeta, ""Do Trabalho""";;A;motivacao
Marco Aurélio;O melhor modo de vingar-se é não se assemelhar ao inimigo.;Meditações, VI, 6;;A;motivacao
Marco Aurélio;A pedra que obstrui o caminho torna-se o caminho.;Meditações, V, 20;;A;motivacao
Kahlil Gibran;Somente quem transforma a voz do vento em canção pode ser chamado grande.;Areia e Espuma;;A-;motivacao
Marco Aurélio;Começa cada dia dizendo a si mesmo: hoje encontrarei pessoas ingratas, arrogantes e egoístas.;Meditações, II, 1;;A;motivacao
Marco Aurélio;"Não esperes realizar tudo; faz o que está diante de ti.";Meditações;;A-;motivacao
William Shakespeare;O que está feito está feito.;Macbeth, III, 2;;A;motivacao
William Shakespeare;O melhor da valentia é a prudência.;Henrique IV, Parte 1, V, 4;;A;motivacao
Benjamin Franklin;O tempo perdido nunca é encontrado novamente.;Poor Richard’s Almanack e Autobiografia;;A-;motivacao
Benjamin Franklin;A diligência é a mãe da boa sorte.;Poor Richard’s Almanack e Autobiografia;;A-;motivacao
Epicteto;"Primeiro diga a si mesmo o que você gostaria de ser; depois faça o que deve fazer.";Diatribes, III, 23;;A;motivacao
Ralph Waldo Emerson;"Insiste em ti mesmo; nunca imites.";"Ensaios: Primeira Série, ""Autoconfiança""";;A;motivacao
Sêneca;"Não é porque as coisas são difíceis que não ousamos; é porque não ousamos que elas se tornam difíceis.";Cartas a Lucílio, CIV;;A;dificeis
Viktor Frankl;A vida exige de cada indivíduo uma contribuição e depende dele descobrir qual é.;Em Busca de Sentido;;A-;dificeis
Sêneca;Às vezes até viver é um ato de coragem.;Cartas a Lucílio, LXXVIII;;A;dificeis
Viktor Frankl;Quando um homem descobre que seu destino é sofrer, sua única oportunidade está na maneira como ele carrega seu sofrimento.;Em Busca de Sentido;;A-;dificeis
Viktor Frankl;A vida pode ser boa apesar de tudo, porque ela não depende apenas do que acontece conosco, mas da atitude que assumimos.;Em Busca de Sentido;;A-;dificeis
Viktor Frankl;A felicidade não depende de evitar o sofrimento, mas de encontrar um sentido nele.;Em Busca de Sentido;;A-;dificeis
Nelson Mandela;Sempre parece impossível até que seja feito.;Long Walk to Freedom (1994);;A-;dificeis
J. R. R. Tolkien;A coragem é encontrada em lugares improváveis.;O Senhor dos Anéis;;A;dificeis
Edith Eger;O que importa não é o que acontece com você, mas o que você faz com aquilo que acontece com você.;A Bailarina de Auschwitz;;A-;dificeis
Viktor Frankl;A vida pergunta a cada homem, e ele só pode responder respondendo por sua própria vida.;Em Busca de Sentido;;A-;dificeis
Sêneca;Não é o homem que tem pouco, mas o homem que anseia por mais, que é pobre.;Cartas a Lucílio;;A-;dificeis
Epicteto;"Não procure que as coisas aconteçam como você deseja; deseje que elas aconteçam como acontecem, e você terá uma vida tranquila.";Enquirídio, VIII;;A;dificeis
Epicteto;A doença é um impedimento para o corpo, mas não para a vontade, a menos que ela própria permita.;Enquirídio, IX;;A;dificeis
Epicteto;Se você deseja melhorar, contente-se em parecer insensato ou ignorante em assuntos externos.;Enquirídio, XIII;;A;dificeis
Marco Aurélio;A perda nada mais é do que uma mudança, e a mudança é a natureza da existência.;Meditações, IX, 35;;A;dificeis
Rainer Maria Rilke;A vida é difícil, mas não devemos fugir dela.;Correspondência registrada;;A;dificeis
Rainer Maria Rilke;Viva as perguntas agora. Talvez você gradualmente, sem perceber, viva até o dia distante da resposta.;Correspondência registrada;;A;dificeis
Kahlil Gibran;A dor é também um processo de transformação.;"O Profeta, ""Da Dor""";;A;dificeis
Edith Eger;A liberdade é a capacidade de escolher nossa resposta, mesmo quando não podemos escolher nossas circunstâncias.;A Bailarina de Auschwitz;;A-;dificeis
Sêneca;Nenhum homem é mais infeliz do que aquele que nunca enfrentou uma dificuldade.;Sobre a Providência, IV;;A;dificeis
Autor não identificado;A vida não é esperar a tempestade passar, mas aprender a dançar na chuva.;;;X;dificeis
Epicteto;Quando algo externo te perturba, não é a coisa que te aflige, mas o teu julgamento sobre ela.;Enquirídio, V;;A;dificeis
Kahlil Gibran;Quanto mais profundamente a tristeza escava em seu ser, mais alegria você pode conter.;"O Profeta, ""Da Alegria e da Tristeza""";;A;dificeis
Kahlil Gibran;Quando estiver triste, olhe novamente para o seu coração.;"O Profeta, ""Da Alegria e da Tristeza""";;A;dificeis
Marco Aurélio;Aceite o que vem tecido no padrão de seu destino.;Meditações, IV, 34;;A;dificeis
Michel de Montaigne;A coragem de suportar é um remédio mais raro do que a vontade de agir.;Ensaios;;A-;dificeis
Charles Dickens;Era a primavera da esperança, era o inverno do desespero.;Romance de Charles Dickens;;A-;dificeis
Kahlil Gibran;Quando estás alegre, olha profundamente para teu coração.;"O Profeta, ""Da Alegria e da Tristeza""";;A;dificeis
Marco Aurélio;Pensa na natureza do que te acontece e verás que não é estranho nem novo.;Meditações, VIII, 46;;A;dificeis
Michel de Montaigne;A morte é o remédio de todos os males.;"Ensaios, I, 20 (""Filosofar é aprender a morrer"")";;A;dificeis
Sêneca;Sofremos mais frequentemente na imaginação do que na realidade.;Cartas a Lucílio, XIII;;A;dificeis
Epicteto;Quando algo acontece, não é o acontecimento que nos perturba, mas o nosso julgamento sobre ele.;Enquirídio, V;;A;dificeis
Sêneca;A desgraça contínua tem esta única vantagem: acaba por tornar calejados aqueles a quem castiga incessantemente.;Sobre a Providência, IV;;A;dificeis
Carl Rogers;A autenticidade é o caminho para uma vida mais plena.;Tornar-se Pessoa;;A-;autorreconhecimento
Carl Gustav Jung;A solidão não vem de não ter pessoas ao redor, mas de não conseguir comunicar as coisas que parecem importantes.;Memórias, Sonhos, Reflexões;;A-;autorreconhecimento
Carl Rogers;O bom da vida é que você pode escolher o caminho que deseja seguir.;Tornar-se Pessoa;;A-;autorreconhecimento
Carl Rogers;A vida é um processo de tornar-se, uma combinação de estados que devemos atravessar.;Tornar-se Pessoa;;A-;autorreconhecimento
Carl Rogers;A pessoa plenamente funcional é aquela que está em contato contínuo com sua experiência.;Tornar-se Pessoa;;A-;autorreconhecimento
Carl Rogers;A única maneira de viver uma vida boa é aceitar-se como você realmente é.;Tornar-se Pessoa;;A-;autorreconhecimento
Ralph Waldo Emerson;"A inveja é ignorância; a imitação é suicídio.";"Ensaios: Primeira Série, ""Autoconfiança""";;A;autorreconhecimento
Ralph Waldo Emerson;O homem deve aprender a detectar e observar aquele raio de luz que atravessa sua mente.;Ensaios: Segunda Série e Sociedade e Solidão;;A-;autorreconhecimento
Viktor Frankl;Cada pessoa tem uma missão específica na vida que não pode ser substituída por outra.;Em Busca de Sentido;;A-;autorreconhecimento
Viktor Frankl;A maior coisa que você pode fazer é encontrar aquilo que ama e permitir que isso lhe dê sentido.;Em Busca de Sentido;;A-;autorreconhecimento
Viktor Frankl;Viva como se estivesse vivendo pela segunda vez e como se na primeira vez tivesse agido tão errado quanto está prestes a agir agora.;Em Busca de Sentido;;A-;autorreconhecimento
Viktor Frankl;O homem não deve perguntar qual o sentido da vida, mas reconhecer que é ele quem está sendo questionado.;Em Busca de Sentido;;A-;autorreconhecimento
Viktor Frankl;Cada pessoa tem uma vocação única e uma missão específica que ninguém mais pode realizar.;Em Busca de Sentido;;A-;autorreconhecimento
Rainer Maria Rilke;A única jornada é a jornada interior.;Correspondência registrada;;A;autorreconhecimento
William Shakespeare;Acima de tudo, sê verdadeiro contigo mesmo.;Hamlet, I, 3;;A;autorreconhecimento
Jane Austen;É muito injusto julgar a conduta de qualquer corpo sem conhecer sua situação.;Romance de Jane Austen;;A-;autorreconhecimento
Epicteto;As coisas que estão sob nosso poder são, por natureza, livres, irrestritas e desimpedidas.;Enquirídio, I;;A;autorreconhecimento
John Stuart Mill;Sobre si mesmo, sobre seu próprio corpo e sua própria mente, o indivíduo é soberano.;Sobre a Liberdade;;A;autorreconhecimento
Mary Wollstonecraft;A liberdade é a base de todas as virtudes.;Reivindicação dos Direitos da Mulher;;A-;autorreconhecimento
Kahlil Gibran;Sua alma é um mar sem limites nem medidas.;"O Profeta, ""Do Autoconhecimento""";;A;autorreconhecimento
Kahlil Gibran;"Não diga: “Encontrei a verdade”; diga: “Encontrei uma verdade”.";"O Profeta, ""Do Autoconhecimento""";;A;autorreconhecimento
Marco Aurélio;"Retira-te para dentro de ti mesmo; ali está a fonte do bem.";Meditações, IV, 3;;A;autorreconhecimento
Michel de Montaigne;Eu estudo a mim mesmo mais do que qualquer outro assunto.;"Ensaios, III, 13 (""Da Experiência"")";;A;autorreconhecimento
Michel de Montaigne;Minha vida tem sido minha matéria e meu método.;"Ensaios, III, 13 (""Da Experiência"")";;A;autorreconhecimento
William Shakespeare;Nada pode vir de nada.;Rei Lear, I, 1;;A;autorreconhecimento
William Shakespeare;Somos feitos da matéria de que os sonhos são feitos, e nossa pequena vida é cercada por um sono.;A Tempestade, IV, 1;;A;autorreconhecimento
Kahlil Gibran;Não procures o fundo de tua alma com uma vara ou uma linha de sondagem.;"O Profeta, ""Do Autoconhecimento""";;A;autorreconhecimento
Kahlil Gibran;O tesouro de tuas profundezas será revelado aos teus olhos.;"O Profeta, ""Do Autoconhecimento""";;A;autorreconhecimento
Marco Aurélio;O que não é útil à colmeia também não é útil à abelha.;Meditações, VI, 54;;A;autorreconhecimento
Michel de Montaigne;Eu mesmo sou a matéria deste livro.;"Ensaios, ""Ao Leitor"" (prefácio)";;A;autorreconhecimento
Michel de Montaigne;Cada homem traz em si toda a condição humana.;"Ensaios, III, 2 (""Do Arrependimento"")";;A;autorreconhecimento
William Shakespeare;Ser ou não ser: eis a questão.;Hamlet;;A;autorreconhecimento
Mary Wollstonecraft;A virtude só pode florescer quando a razão é exercitada.;Reivindicação dos Direitos da Mulher;;A-;autorreconhecimento
Henry David Thoreau;Quero viver profundamente e sugar todo o tutano da vida.;Walden;;A;autorreconhecimento
Epicteto;É impossível começar a aprender aquilo que se pensa já saber.;Diatribes, II, 17;;A;autorreconhecimento
Ralph Waldo Emerson;Confia em ti mesmo: todo coração vibra com essa corda de ferro.;"Ensaios: Primeira Série, ""Autoconfiança""";;A;autorreconhecimento
Aristóteles;Aquele que não consegue viver em sociedade, ou não necessita dela por ser autossuficiente, deve ser uma besta ou um deus.;Política, I, 2;;A;politica
Aristóteles;A democracia surgiu quando os homens, tendo aprendido a igualdade, decidiram que todos deveriam governar igualmente.;Política, III;;A;politica
Aristóteles;O Estado é uma comunidade de pessoas organizada para algum bem.;Política, III;;A;politica
Nicolau Maquiavel;É melhor ser temido do que amado, quando não se pode ser ambos.;O Príncipe, XVII;;A;politica
Nicolau Maquiavel;Um príncipe deve desejar ter fama de piedoso, não de cruel.;O Príncipe;;A-;politica
Nicolau Maquiavel;Os homens esquecem mais rapidamente a morte do pai do que a perda do patrimônio.;O Príncipe;;A-;politica
Nicolau Maquiavel;A política não tem relação com a moral privada, mas com a manutenção do Estado.;O Príncipe;;A-;politica
Nicolau Maquiavel;Um Estado bem organizado deve possuir boas leis e bons exércitos.;O Príncipe;;A-;politica
Thomas Hobbes;O homem é o lobo do homem.;Leviatã;;A;politica
John Locke;O poder político é aquele que todo homem possui no estado de natureza e entrega à sociedade.;Dois Tratados sobre o Governo;;A;politica
Montesquieu;As leis devem ser tão adequadas ao povo para o qual foram feitas quanto à natureza do governo.;O Espírito das Leis (1748), livro I;;A-;politica
Jean-Jacques Rousseau;A soberania não pode ser representada.;O Contrato Social;;A;politica
Jean-Jacques Rousseau;A força não faz o direito, e só se é obrigado a obedecer aos poderes legítimos.;O Contrato Social;;A;politica
Jean-Jacques Rousseau;A lei é a expressão da vontade geral.;O Contrato Social;;A;politica
Cícero;O bem do povo é a principal lei.;Sobre as Leis (De Legibus), III;;A;politica
Cícero;A autoridade da lei deve ser maior que a autoridade dos homens.;Sobre as Leis (De Legibus), III;;A;politica
Júlio César;Vim, vi e venci.;Atribuído por Suetônio e Plutarco, após a Batalha de Zela (47 a.C.);;A-;politica
Júlio César;Os homens acreditam facilmente naquilo que desejam.;Comentários sobre a Guerra das Gálias, livro III;;A-;politica
Lao Tsé;Governar um grande Estado é como cozinhar um pequeno peixe: não se deve mexer demais.;Tao Te Ching, 60;;A;fe
Confúcio;Aquele que governa pelo exemplo é como a estrela polar, que permanece fixa enquanto as outras estrelas giram ao seu redor.;Analectos;;A-;politica
Confúcio;Quando a liderança é correta, o povo segue naturalmente.;Analectos;;A-;politica
Max Weber;O Estado é aquela comunidade humana que, dentro de determinado território, reivindica para si o monopólio legítimo da violência física.;Ciência e Política: Duas Vocações;;A;politica
Max Weber;Todo Estado se baseia na força.;Ciência e Política: Duas Vocações;;A;politica
Napoleão Bonaparte;A política de um Estado está em sua geografia.;Correspondência e ditos registrados por contemporâneos;;A-;politica
Napoleão Bonaparte;As leis das circunstâncias são mais fortes que as leis dos homens.;Correspondência e ditos registrados por contemporâneos;;A-;politica
Napoleão Bonaparte;A Constituição deve ser curta e obscura.;Correspondência e ditos registrados por contemporâneos;;A-;politica
Napoleão Bonaparte;As grandes nações não são feitas pela prudência dos homens, mas pela coragem deles.;Correspondência e ditos registrados por contemporâneos;;A-;politica
Napoleão Bonaparte;A religião é o que impede os pobres de assassinarem os ricos.;Correspondência e ditos registrados por contemporâneos;;A-;politica
Alexis de Tocqueville;A democracia não é apenas uma forma de governo, mas uma forma de sociedade.;A Democracia na América;;A-;politica
Alexis de Tocqueville;O maior perigo para a liberdade é o povo poder ser levado a desejar um governo que lhe retire a própria liberdade.;A Democracia na América;;A-;politica
Alexis de Tocqueville;Quando o passado deixa de iluminar o futuro, o espírito humano caminha na escuridão.;A Democracia na América;;A-;politica
Rui Barbosa;"A liberdade não é um luxo dos tempos de bonança; é o maior elemento da estabilidade.";Oração aos Moços (1920/1921);;A-;politica
Rui Barbosa;"Com a lei, pela lei e dentro da lei; porque fora da lei não há salvação.";Oração aos Moços (1920/1921);;A-;politica
Rui Barbosa;"A espada não é a ordem; a ordem é a lei.";Oração aos Moços (1920/1921);;A-;politica
Nelson Mandela;Ser livre não é apenas se livrar das próprias correntes, mas viver de uma maneira que respeite e aumente a liberdade dos outros.;Long Walk to Freedom (1994);;A-;politica
Nelson Mandela;Depois de escalar uma grande montanha, descobrimos que existem muitas outras montanhas para escalar.;Long Walk to Freedom (1994), últimas linhas do livro;;A-;politica
Franklin D. Roosevelt;A verdadeira liberdade individual não pode existir sem segurança econômica e independência.;Discurso registrado;;A;politica
Margaret Thatcher;O problema do socialismo é que você eventualmente fica sem o dinheiro dos outros.;Discurso registrado;;A;politica
Alexis de Tocqueville;A democracia não apenas faz cada homem esquecer seus antepassados, mas também esconde seus descendentes.;A Democracia na América;;A-;politica
Alexis de Tocqueville;O individualismo é um sentimento refletido e tranquilo que dispõe cada cidadão a se isolar da massa.;A Democracia na América;;A-;politica
Alexis de Tocqueville;A tirania pode ser exercida em nome da maioria.;A Democracia na América;;A-;politica
Alexis de Tocqueville;A liberdade é a condição necessária para a grandeza humana.;A Democracia na América;;A-;politica
Max Weber;Quem faz política aspira ao poder.;Ciência e Política: Duas Vocações;;A;politica
Winston Churchill;Se Hitler invadisse o inferno, eu faria pelo menos uma referência favorável ao diabo na Câmara dos Comuns.;Discurso registrado;;A;politica
Winston Churchill;A história será gentil comigo, pois pretendo escrevê-la.;Discurso registrado;;A;politica
Franklin D. Roosevelt;A nação que destrói seus solos destrói a si mesma.;Discurso registrado;;A;politica
John F. Kennedy;"Não pergunte o que seu país pode fazer por você; pergunte o que você pode fazer por seu país.";Discurso de posse, 20/01/1961;;A;politica
John F. Kennedy;"A paz não pode ser mantida pela força; ela só pode ser alcançada pelo entendimento.";Discurso registrado;;A;politica
Mao Tsé-Tung;O poder político nasce do cano de uma arma.;Obras Escolhidas de Mao Tsé-Tung;;A-;politica
Mao Tsé-Tung;A prática é o critério da verdade.;Obras Escolhidas de Mao Tsé-Tung;;A-;politica
Mao Tsé-Tung;Sem um exército, o povo não tem nada.;Obras Escolhidas de Mao Tsé-Tung;;A-;politica
Mao Tsé-Tung;Todos os reacionários são tigres de papel.;Obras Escolhidas de Mao Tsé-Tung;;A-;politica
Getúlio Vargas;A questão social não é um caso de polícia.;Correspondência registrada;;A;politica
Getúlio Vargas;O Brasil espera que cada um cumpra o seu dever.;Correspondência registrada;;A;politica
Getúlio Vargas;Façamos a revolução antes que o povo a faça.;Correspondência registrada;;A;politica
Getúlio Vargas;O Estado Novo é uma democracia social e econômica.;Correspondência registrada;;A;politica
Juscelino Kubitschek;Cinquenta anos em cinco.;Discurso registrado;;A;politica
Juscelino Kubitschek;A política de desenvolvimento é a política da valorização do homem brasileiro.;Discurso registrado;;A;politica
Juscelino Kubitschek;"O Brasil não pode parar; precisa avançar.";Discurso registrado;;A;politica
Juscelino Kubitschek;Creio no Brasil e na capacidade do povo brasileiro.;Discurso registrado;;A;politica
Rui Barbosa;A política e a justiça são inseparáveis.;Oração aos Moços (1920/1921);;A-;politica
Rui Barbosa;A força do direito deve superar o direito da força.;Oração aos Moços (1920/1921);;A-;politica
Nelson Mandela;Se você quer fazer as pazes com seu inimigo, você precisa trabalhar com ele. Então ele se torna seu parceiro.;Long Walk to Freedom (1994);;A-;politica
Simón Bolívar;Aqueles que governam devem ver as coisas de perto, e não apenas através de relatórios.;Correspondência registrada;;A;politica
Simón Bolívar;A confiança deve dar-nos paz. A boa-fé deve nos unir.;Correspondência registrada;;A;politica
Margaret Thatcher;"Não existe sociedade; existem homens e mulheres individuais e existem famílias.";Discurso registrado;;A;politica
Margaret Thatcher;"Não acredito que exista algo chamado dinheiro público; existe apenas dinheiro dos contribuintes.";Discurso registrado;;A;politica
Margaret Thatcher;"Olhe para um dia em que você está extremamente satisfeito no final: não é um dia em que você fica sem fazer nada; é um dia em que você teve muito a fazer e conseguiu realizar.";Discurso registrado;;A;politica
Ronald Reagan;"O governo não é a solução para o nosso problema; o governo é o problema.";Discurso registrado;;A;politica
Ronald Reagan;A liberdade nunca está a mais de uma geração de distância da extinção.;Discurso registrado;;A;politica
Ronald Reagan;A paz não é a ausência de conflito, mas a capacidade de lidar com conflitos por meios pacíficos.;Discurso registrado;;A;politica
Ronald Reagan;A nação que possui liberdade econômica terá liberdade política.;Discurso registrado;;A;politica
Henry Kissinger;O poder é o maior afrodisíaco.;The New York Times, 28 de outubro de 1973;;A-;politica
Henry Kissinger;A ordem internacional depende de um equilíbrio entre legitimidade e poder.;World Order (2014);;A-;politica
Kofi Annan;A paz e o desenvolvimento são inseparáveis.;Discurso registrado;;A;politica
Kofi Annan;A globalização é um fato, mas deve ser acompanhada por valores humanos.;Discurso registrado;;A;politica
Kofi Annan;A tolerância é uma virtude que torna possível a convivência entre diferentes povos.;Discurso registrado;;A;politica
John Stuart Mill;A tirania da maioria é agora geralmente incluída entre os males contra os quais a sociedade precisa se proteger.;Sobre a Liberdade;;A;politica
Edmund Burke;Um Estado sem os meios de alguma mudança não tem meios de conservação.;Reflexões sobre a Revolução em França;;A-;politica
Edmund Burke;A liberdade deve ser acompanhada de prudência e virtude.;Reflexões sobre a Revolução em França;;A-;politica
Edmund Burke;Mudar tudo para conservar nada é uma das maiores ilusões políticas.;Reflexões sobre a Revolução em França;;A-;politica
Alexis de Tocqueville;A igualdade produz o amor pela igualdade, mesmo quando ela prejudica a liberdade.;A Democracia na América;;A-;politica
Alexis de Tocqueville;A liberdade é uma condição que exige esforço constante.;A Democracia na América;;A-;politica
Alexis de Tocqueville;Os povos democráticos naturalmente preferem a igualdade à liberdade quando ambas não podem ser obtidas juntas.;A Democracia na América;;A-;politica
Alexis de Tocqueville;A maior parte dos homens deseja a liberdade, mas muitos preferem a igualdade.;A Democracia na América;;A-;politica
Friedrich Hayek;A curiosa tarefa da economia é demonstrar aos homens quão pouco eles realmente sabem sobre aquilo que imaginam poder planejar.;A Arrogância Fatal;;A;politica
Friedrich Hayek;Emergências sempre foram o pretexto pelo qual as salvaguardas da liberdade individual foram corroídas.;A Constituição da Liberdade;;A;politica
Norberto Bobbio;A democracia é caracterizada por um conjunto de regras que estabelecem quem está autorizado a tomar decisões coletivas e quais procedimentos devem ser seguidos.;O Futuro da Democracia;;A;politica
Norberto Bobbio;Direitos humanos, democracia e paz são três momentos necessários do mesmo movimento histórico.;A Era dos Direitos;;A;politica
Montesquieu;A liberdade política consiste na segurança, ou pelo menos na opinião que se tem da própria segurança.;O Espírito das Leis (1748), livro XI;;A-;politica
Montesquieu;Quando o poder legislativo e executivo estão reunidos em uma mesma pessoa ou corpo, não pode haver liberdade.;O Espírito das Leis (1748), livro XI;;A-;politica
Thomas Jefferson;Todos os homens são criados iguais e possuem direitos inalienáveis.;Correspondência registrada;;A;politica
Martin Luther King Jr.;A verdadeira paz não é apenas a ausência de tensão, mas a presença da justiça.;Discurso registrado;;A;politica
William Shakespeare;O passado é prólogo.;A Tempestade, II, 1;;A;politica
Martin Luther King Jr.;Devemos conduzir nossa luta no mais alto nível de dignidade e disciplina.;Discurso registrado;;A;politica
Martin Luther King Jr.;Não devemos beber o vinho venenoso do ódio.;Discurso registrado;;A;politica
Martin Luther King Jr.;A liberdade deve ressoar de todas as montanhas.;Discurso registrado;;A;politica
Rui Barbosa;Creio na liberdade onipotente, criadora das nações robustas.;Oração aos Moços (1920/1921);;A-;politica
Rui Barbosa;Soberano é só o direito, interpretado pelos tribunais.;Oração aos Moços (1920/1921);;A-;politica
Rui Barbosa;"Da justiça nasce a confiança; da confiança, a tranquilidade; da tranquilidade, o trabalho.";Oração aos Moços (1920/1921);;A-;politica
Rui Barbosa;Creio na moderação e na tolerância, no progresso e na tradição, no respeito e na disciplina.;Oração aos Moços (1920/1921);;A-;politica
Rui Barbosa;Creio no poder da razão e da verdade.;Oração aos Moços (1920/1921);;A-;politica
Aristóteles;A justiça é a virtude que torna a comunidade boa e ordenada.;Política, III;;A;politica
Aristóteles;A lei deve governar.;Política, III;;A;politica
Michel de Montaigne;É preciso deixar uma margem à liberdade e à variedade dos juízos.;Ensaios;;A-;politica
William Shakespeare;A misericórdia é duas vezes abençoada: abençoa quem a concede e quem a recebe.;O Mercador de Veneza, IV, 1;;A;politica
Marco Aurélio;Aquele que não tem respeito pelo bem comum não respeita a si mesmo.;Meditações, VI, 54;;A;politica
William Shakespeare;Há uma maré nos assuntos dos homens que, tomada na cheia, conduz à fortuna.;Júlio César, IV, 3;;A;politica
John Stuart Mill;A liberdade de pensamento e sentimento é inseparável da liberdade de opinião.;Sobre a Liberdade;;A;politica
Charles Dickens;As autoridades insistiam em receber aquele período apenas no grau superlativo.;Romance de Charles Dickens;;A-;politica
William Shakespeare;A culpa, caro Brutus, não está em nossas estrelas, mas em nós mesmos.;Júlio César, I, 2;;A;politica
Mary Wollstonecraft;Quero ver as mulheres não como uma classe inferior, mas como companheiras iguais dos homens.;Reivindicação dos Direitos da Mulher;;A-;politica
Cícero;A gratidão não é apenas a maior das virtudes, mas a mãe de todas as outras.;Pro Plancio, XXXIII;;A;gratidao
Sêneca;Aquele que recebe um benefício deve guardá-lo como um tesouro.;Sobre os Benefícios, I–II;;A;gratidao
Cícero;Nenhum dever é mais urgente do que agradecer.;Pro Plancio, XXXIII e Sobre os Deveres, I;;A;gratidao
Cícero;A gratidão é a lembrança do benefício recebido e o desejo de retribuí-lo.;Pro Plancio, XXXIII e Sobre os Deveres, I;;A;gratidao
François de La Rochefoucauld;A gratidão é uma forma de riqueza interior.;Máximas;;A-;gratidao
Sêneca;Um benefício deve ser recebido com a mesma disposição com que foi oferecido: com gratidão.;Sobre os Benefícios, I–II;;A;gratidao
Sêneca;O maior mérito de um benefício está na intenção daquele que o oferece, não apenas no valor daquilo que é dado.;Sobre os Benefícios, I–II;;A;gratidao
Sêneca;Os benefícios devem ser guardados na memória, não escritos na areia.;Sobre os Benefícios, I–II;;A;gratidao
Marco Aurélio;Quando você se levantar pela manhã, pense no privilégio de estar vivo, respirar, pensar e amar.;Meditações, V, 1;;A;gratidao
Epicuro;Aquele que se contenta com pouco possui uma grande riqueza.;Carta a Meneceu;;A;gratidao
Sêneca;O benefício deve ser guardado na memória daquele que recebeu, não daquele que concedeu.;Sobre os Benefícios, I–II;;A;gratidao
Epicuro;A verdadeira riqueza consiste em saber desfrutar aquilo que temos.;Carta a Meneceu;;A;gratidao
Rainer Maria Rilke;A única coisa necessária é viver tudo. Viva as perguntas agora.;Correspondência registrada;;A;conforto
Henry David Thoreau;A bondade é o único investimento que nunca falha.;Walden;;A;conforto
Cícero;A vida dos mortos é colocada na memória dos vivos.;Filípicas, IX;;A;conforto
Epicuro;"A morte não é nada para nós, pois quando existimos, a morte não está presente; e quando a morte está presente, já não existimos.";Carta a Meneceu;;A;conforto
Muhammad Ali;A amizade é a coisa mais difícil do mundo de explicar. Não é algo que você aprende na escola. Mas se você não aprendeu o significado da amizade, você realmente não aprendeu nada.;Entrevista registrada;;A;conforto
Autor não identificado;A vida é sofrimento, mas também é a superação do sofrimento.;;;X;conforto
Aristóteles;A esperança é o sonho do homem acordado.;Diógenes Laércio, Vidas dos Filósofos, V — dito relatado;;A-;conforto
Sêneca;Nenhum homem pode ter uma vida tranquila sem sabedoria.;Cartas a Lucílio;;A-;conforto
Sêneca;A alma que está em paz não é perturbada pelos acontecimentos externos.;Cartas a Lucílio;;A-;conforto
Epicuro;A verdadeira riqueza é não precisar de muitas coisas.;Carta a Meneceu;;A;conforto
Mahatma Gandhi;O amor é a força mais humilde, mas a mais poderosa de que dispõe o ser humano.;Autobiografia e Collected Works of Mahatma Gandhi;;A-;conforto
Mahatma Gandhi;A oração não é pedir. É uma atitude da alma.;Autobiografia e Collected Works of Mahatma Gandhi;;A-;conforto
Albert Einstein;"A paz não pode ser mantida pela força; ela só pode ser alcançada pela compreensão.";Entrevista registrada;;A;conforto
Albert Einstein;Uma vida vivida para os outros é uma vida que vale a pena.;Entrevista registrada;;A;conforto
J. R. R. Tolkien;Nem todos os que vagam estão perdidos.;O Senhor dos Anéis;;A;conforto
Epicteto;A porta está aberta em todas as ocasiões.;Diatribes, I, 24;;A;conforto
Kahlil Gibran;"Quando você se separa de seu amigo, não se entristeça; o que você mais ama nele pode tornar-se mais claro em sua ausência.";"O Profeta, ""Da Amizade""";;A;conforto
Marco Aurélio;O tempo é um rio de eventos que passam, e forte é sua corrente.;Meditações, IV, 43;;A;conforto
Kahlil Gibran;Aquilo que te deu tristeza pode também estar te dando alegria.;"O Profeta, ""Da Alegria e da Tristeza""";;A;conforto
Kahlil Gibran;A dor e a alegria vêm juntas.;"O Profeta, ""Da Alegria e da Tristeza""";;A;conforto
Kahlil Gibran;Um pouco de descanso ao vento e outra mulher me dará à luz.;"O Profeta, ""Da Religião"" e ""Da Despedida""";;A;conforto
Marco Aurélio;"Os homens existem uns para os outros; ensina-os ou suporta-os.";Meditações, VIII, 59;;A;conforto
Marco Aurélio;Aceita sem orgulho e deixa partir sem apego.;Meditações, IV, 34;;A;conforto
William Shakespeare;A miséria torna o homem familiar com estranhos.;A Tempestade, II, 2;;A;conforto
Jane Austen;Não há companhia mais agradável do que um livro bem escolhido.;Romance de Jane Austen;;A-;conforto
Ralph Waldo Emerson;Nada pode te trazer paz senão tu mesmo.;"Ensaios: Primeira Série, ""Autoconfiança""";;A;conforto
Charles Dickens;Deus abençoe a todos nós.;Romance de Charles Dickens;;A-;conforto
Sêneca;"As circunstâncias externas têm muito pouca importância, para o bem ou para o mal; o sábio não se exalta com a prosperidade nem se abate com a adversidade.";Cartas a Lucílio;;A-;conforto
Jesus Cristo;Bem-aventurados os misericordiosos, porque eles alcançarão misericórdia.;Mateus 5 (Sermão da Montanha) · Almeida Revista e Atualizada;;A;fe
Jesus Cristo;Porque onde estiver o teu tesouro, aí estará também o teu coração.;Mateus 6:19–21 · Almeida Revista e Atualizada;;A;fe
Apóstolo Paulo;Ainda que eu tivesse toda a fé, de maneira que transportasse montanhas, e não tivesse amor, nada seria.;Cartas paulinas · Almeida Revista e Atualizada;;A-;fe
Jesus Cristo;"Não se turbe o vosso coração; credes em Deus, crede também em mim.";João 14:1 · Almeida Revista e Atualizada;;A;fe
Jesus Cristo;Eu sou o caminho, e a verdade, e a vida.;João 13–15 · Almeida Revista e Atualizada;;A;fe
Jesus Cristo;A minha graça te basta, porque o poder se aperfeiçoa na fraqueza.;2 Coríntios 12:9 · Almeida Revista e Atualizada;;A;fe
Livro de Deuteronômio 31:6;"Sede fortes e corajosos; não temais.";Livro de Deuteronômio 31:6 · Bíblia — Almeida Revista e Atualizada;;B;fe
Livro de Provérbios 15:1;A resposta branda desvia o furor, mas a palavra dura suscita a ira.;Livro de Provérbios 15:1 · Bíblia — Almeida Revista e Atualizada;;B;fe
Livro dos Salmos 90:12;Ensina-nos a contar os nossos dias para que alcancemos corações sábios.;Livro dos Salmos 90:12 · Bíblia — Almeida Revista e Atualizada;;B;fe
Livro de Naum 1:7;O Senhor é bom, uma fortaleza no dia da angústia.;Livro de Naum 1:7 · Bíblia — Almeida Revista e Atualizada;;B;fe
Livro dos Salmos 91:1;Aquele que habita no esconderijo do Altíssimo descansará à sombra do Onipotente.;Livro dos Salmos 91:1 · Bíblia — Almeida Revista e Atualizada;;B;fe
Primeira Carta de Pedro 5:7;Lançando sobre ele toda a vossa ansiedade, porque ele tem cuidado de vós.;Primeira Carta de Pedro 5:7 · Novo Testamento — Almeida Revista e Atualizada;;B;fe
Carta de Tiago 1:27;A religião pura e imaculada para com Deus é esta: visitar os órfãos e as viúvas nas suas tribulações e guardar-se da corrupção do mundo.;Carta de Tiago 1:27 · Novo Testamento — Almeida Revista e Atualizada;;B;fe
Livro dos Salmos 27:1;"O Senhor é minha luz e minha salvação; a quem temerei?";Livro dos Salmos 27:1 · Bíblia — Almeida Revista e Atualizada;;B;fe
Apóstolo Paulo;"Não andeis ansiosos por coisa alguma; antes, em tudo sejam os vossos pedidos conhecidos diante de Deus.";Cartas paulinas · Almeida Revista e Atualizada;;A-;fe
Apóstolo Paulo;A paz de Deus, que excede todo entendimento, guardará os vossos corações e os vossos pensamentos.;Cartas paulinas · Almeida Revista e Atualizada;;A-;fe
Jesus Cristo;A quem muito foi dado, muito será exigido.;Lucas 12:48 · Almeida Revista e Atualizada;;A;fe
Jesus Cristo;Não só de pão viverá o homem, mas de toda palavra que sai da boca de Deus.;Mateus 4:4 · Almeida Revista e Atualizada;;A;fe
Jesus Cristo;O maior entre vós será vosso servo.;Mateus 23:11 · Almeida Revista e Atualizada;;A;fe
Jesus Cristo;"Quem quiser salvar a sua vida perdê-la-á; mas quem perder a sua vida por minha causa encontrá-la-á.";Mateus 16:25 · Almeida Revista e Atualizada;;A;fe
Jesus Cristo;Em verdade vos digo que, se não vos converterdes e não vos tornardes como crianças, não entrareis no Reino dos Céus.;Mateus 18:3 · Almeida Revista e Atualizada;;A;fe
Jesus Cristo;Aquele que estiver sem pecado seja o primeiro que atire pedra.;João 8:7 · Almeida Revista e Atualizada;;A;fe
Apóstolo Paulo;Não vos conformeis com este mundo, mas transformai-vos pela renovação da vossa mente.;Cartas paulinas · Almeida Revista e Atualizada;;A-;fe
Apóstolo Paulo;Todas as coisas cooperam para o bem daqueles que amam a Deus.;Cartas paulinas · Almeida Revista e Atualizada;;A-;fe
Jesus Cristo;Seja feita a tua vontade, assim na terra como no céu.;Mateus 6:10 · Almeida Revista e Atualizada;;A;fe
Buda;Tudo o que somos é resultado do que pensamos.;Dhammapada, 1 (tradução a partir do páli);;A;fe
Lao Tsé;Quem sabe que o suficiente é suficiente sempre terá o suficiente.;Tao Te Ching, 33 e 46;;A;fe
Lao Tsé;"Aquele que conquista os outros é forte; aquele que conquista a si mesmo é poderoso.";Tao Te Ching, 33;;A;fe
Livro dos Provérbios 9:10;O princípio da sabedoria é o temor do Senhor.;Livro dos Provérbios 9:10 · Bíblia — Almeida Revista e Atualizada;;B;fe
Levítico 19:18;Ama o teu próximo como a ti mesmo.;Levítico 19:18 · Bíblia — Almeida Revista e Atualizada;;B;fe
Krishna;Quando a mente está tranquila, o ser encontra paz.;Bhagavad Gita, 2.70–71;;A;fe
Krishna;A ação realizada sem apego conduz à libertação.;Bhagavad Gita;;A-;fe
Krishna;Abandona todo apego aos resultados e cumpre teu dever.;Bhagavad Gita, 2.47;;A;fe
Alcorão 2:115;"A Deus pertence o Oriente e o Ocidente; para onde quer que vos volteis, ali está a presença de Deus.";Alcorão 2:115 · Alcorão — tradução de Samir El Hayek (edição brasileira de referência);;B;fe
Jesus Cristo;Não ajunteis tesouros na terra, onde a traça e a ferrugem tudo consomem.;Mateus 6:19–21 · Almeida Revista e Atualizada;;A;fe
Jesus Cristo;Buscai primeiro o Reino de Deus e a sua justiça, e todas estas coisas vos serão acrescentadas.;Mateus 7:1–7 · Almeida Revista e Atualizada;;A;fe
Jesus Cristo;Bem-aventurados os que têm fome e sede de justiça, porque serão fartos.;Mateus 5 (Sermão da Montanha) · Almeida Revista e Atualizada;;A;fe
Jesus Cristo;Permanecei em mim, e eu permanecerei em vós.;João 15:4 · Almeida Revista e Atualizada;;A;fe
Buda;Se um homem fala ou age com uma mente impura, o sofrimento o segue como a roda segue o pé do animal que puxa a carroça.;Dhammapada, 1–2;;A;fe
Buda;Melhor do que mil palavras sem sentido é uma palavra que traz paz ao ouvinte.;Dhammapada, 100–101;;A;fe
Buda;Aquele que permanece paciente vence a ira.;Dhammapada, 223;;A;fe
Buda;Aquele que abandona a raiva encontra a verdadeira paz.;Dhammapada, 223;;A;fe
Buda;A saúde é o maior presente, o contentamento é a maior riqueza, a confiança é a melhor relação.;Dhammapada, 204;;A;fe
Buda;Assim como uma flor bela e colorida, mas sem perfume, são as palavras bonitas de quem não age de acordo com elas.;Dhammapada, 51–52;;A;fe
Lao Tsé;"O sábio não acumula. Quanto mais ele ajuda os outros, mais ele possui; quanto mais ele dá aos outros, mais rico se torna.";Tao Te Ching, 81;;A;fe
Lao Tsé;Fazer sem fazer, agir sem esforço, é seguir o caminho da natureza.;Tao Te Ching, 2 e 63;;A;fe
Lao Tsé;Quem está em harmonia com o Tao é como água: beneficia todas as coisas sem competir.;Tao Te Ching, 8;;A;fe
Krishna;Aquele que permanece igual na alegria e na tristeza, no ganho e na perda, está preparado para a sabedoria.;Bhagavad Gita, 2.14 e 2.48;;A;fe
Krishna;"Aquele que controla a mente encontra um amigo; aquele que não controla encontra um inimigo.";Bhagavad Gita, 6.6;;A;fe
Krishna;Aquele que vê a unidade em todas as coisas vê verdadeiramente.;Bhagavad Gita, 6.29;;A;fe
Krishna;A ação é superior à inação.;Bhagavad Gita, 3.8;;A;fe
Alcorão 2:256;Não há compulsão na religião.;Alcorão 2:256 · Alcorão — tradução de Samir El Hayek (edição brasileira de referência);;B;fe
Alcorão 57:4;E Ele está convosco onde quer que estejais.;Alcorão 57:4 · Alcorão — tradução de Samir El Hayek (edição brasileira de referência);;B;fe
Alcorão 65:3;Aquele que confia em Deus, Ele lhe será suficiente.;Alcorão 65:3 · Alcorão — tradução de Samir El Hayek (edição brasileira de referência);;B;fe
Alcorão 8:46;Sede pacientes, pois Deus está com os pacientes.;Alcorão 8:46 · Alcorão — tradução de Samir El Hayek (edição brasileira de referência);;B;fe
Alcorão 59:19;Não sejam iguais aqueles que esquecem Deus e então fazem esquecer a si mesmos.;Alcorão 59:19 · Alcorão — tradução de Samir El Hayek (edição brasileira de referência);;B;fe
Torá;Ama o estrangeiro, pois fostes estrangeiros na terra do Egito.;Torá · Tradição rabínica — Pirkei Avot e Talmude, tradução a partir do hebraico;;B;fe
Ben Zoma;A recompensa de uma boa ação é uma boa ação.;Pirkei Avot 4:2 · Tradição rabínica — Pirkei Avot e Talmude, tradução a partir do hebraico;;B;fe
Buda;"A mente é a precursora de todas as coisas. A mente é o principal; tudo é criado pela mente.";Dhammapada, 1;;A;fe
Buda;"O ódio nunca cessa pelo ódio; o ódio cessa pelo amor. Esta é uma lei eterna.";Dhammapada, 5;;A;fe
Buda;"Todos tremem diante da violência; todos temem a morte. Colocando-se no lugar do outro, não se deve matar nem causar morte.";Dhammapada, 129–130;;A;fe
Buda;Não há medo para aquele cuja mente não está cheia de desejos.;Dhammapada, 39;;A;fe
Buda;O sábio purifica sua mente como um artesão purifica a prata.;Dhammapada, 239;;A;fe
Lao Tsé;O Tao que pode ser explicado não é o Tao eterno.;Tao Te Ching, 1;;A;fe
Lao Tsé;"Quem controla os outros pode ser forte; quem controla a si mesmo é verdadeiramente poderoso.";Tao Te Ching, 33;;A;fe
Krishna;"O ser humano é feito pela sua fé; aquilo que é sua fé, assim ele se torna.";Bhagavad Gita, 17.3;;A;fe
Krishna;Aquele que permanece equilibrado diante da felicidade e do sofrimento é digno da imortalidade.;Bhagavad Gita, 2.15;;A;fe
Krishna;"Eleve-se por meio de si mesmo; não permita que você mesmo se degrade.";Bhagavad Gita, 6.5;;A;fe
Krishna;O sábio vê com igualdade um erudito, um animal, um elefante e uma pessoa de diferentes condições.;Bhagavad Gita, 5.18;;A;fe
Krishna;Aquele que abandona o apego aos frutos da ação alcança a paz.;Bhagavad Gita, 2.47;;A;fe
Krishna;Quando a mente está controlada, ela é como uma chama protegida do vento.;Bhagavad Gita, 6.19;;A;fe
Alcorão 3:159;Deus ama os que confiam nele.;Alcorão 3:159 · Alcorão — tradução de Samir El Hayek (edição brasileira de referência);;B;fe
Alcorão 24:35;Deus é a luz dos céus e da terra.;Alcorão 24:35 · Alcorão — tradução de Samir El Hayek (edição brasileira de referência);;B;fe
Ben Zoma;Quem é forte? Aquele que domina suas paixões.;Ben Zoma · Tradição rabínica — Pirkei Avot e Talmude, tradução a partir do hebraico;;B;fe
Rabi Tarfon;Não está em teu dever completar a obra, mas também não és livre para abandoná- la.;Rabi Tarfon · Tradição rabínica — Pirkei Avot e Talmude, tradução a partir do hebraico;;B;fe
Mishná, Sanhedrin 4:5;Aquele que salva uma vida salva o mundo inteiro.;Mishná, Sanhedrin 4:5 · Tradição rabínica — Pirkei Avot e Talmude, tradução a partir do hebraico;;B;fe
Buda;Aquele que não se apega ao passado, não espera pelo futuro e vive plenamente o presente possui verdadeira liberdade.;Dhammapada, 348;;A;fe
Buda;"Não há caminho para a pureza sem esforço; não há iluminação sem prática.";Dhammapada, 276;;A;fe
Buda;Aquele que permanece atento encontra o caminho da imortalidade.;Dhammapada, 21;;A;fe
Buda;Aquele que está livre de ressentimento encontra a paz.;Dhammapada, 3–5;;A;fe
Buda;Assim como a chuva atravessa uma casa mal construída, o desejo atravessa uma mente sem disciplina.;Dhammapada, 13–14;;A;fe
Buda;A mente disciplinada traz felicidade.;Dhammapada, 35;;A;fe
Lao Tsé;"Aquele que sabe que não sabe é o mais elevado; aquele que finge saber está doente.";Tao Te Ching, 71;;A;fe
Lao Tsé;"Ao não se exibir, o sábio é reconhecido; ao não se afirmar, é valorizado.";Tao Te Ching, 22 e 66;;A;fe
Lao Tsé;A simplicidade é a maior manifestação do Tao.;Tao Te Ching, 19 e 28;;A;fe
Lao Tsé;Quem deseja conquistar o mundo e agir sobre ele nunca terá sucesso.;Tao Te Ching, 29;;A;fe
Lao Tsé;"Aquele que é flexível permanece inteiro; aquele que é rígido será quebrado.";Tao Te Ching, 76;;A;fe
Lao Tsé;"O homem superior não insiste em suas próprias ideias; ele permanece aberto ao caminho.";Tao Te Ching;;A-;fe
Lao Tsé;A humildade é a raiz da grandeza.;Tao Te Ching;;A-;fe
Lao Tsé;Quando abandonamos a ostentação, encontramos aquilo que realmente somos.;Tao Te Ching, 19 e 28;;A;fe
Krishna;Quando um homem abandona todos os desejos que surgem na mente e encontra satisfação no próprio Ser, alcança a paz.;Bhagavad Gita, 2.55;;A;fe
Krishna;O sábio não lamenta pelos vivos nem pelos mortos.;Bhagavad Gita, 2.11;;A;fe
Krishna;Aquele que vê a ação na inação e a inação na ação é verdadeiramente sábio.;Bhagavad Gita, 4.18;;A;fe
Krishna;Aquele que possui domínio sobre seus sentidos permanece firme como uma montanha.;Bhagavad Gita, 2.68;;A;fe
Krishna;A serenidade da mente é alcançada pelo abandono do apego e da aversão.;Bhagavad Gita;;A-;fe
Krishna;"A alma nunca nasce e nunca morre; ela é eterna.";Bhagavad Gita, 2.20;;A;fe
Upanishads;Aquele que vê o Eu em todos os seres e todos os seres no Eu alcança a verdadeira compreensão.;"Upanishads · Tradução a partir do sânscrito; versão em português consolidada";;B;fe
Rig Veda 1.164.46;A verdade é uma só, embora os sábios a chamem por muitos nomes.;"Rig Veda 1.164.46 · Tradução a partir do sânscrito; versão em português consolidada";;B;fe
Alcorão 17:37;E não caminhe pela terra com arrogância, pois jamais poderás rasgar a terra nem alcançar as montanhas em altura.;Alcorão 17:37 · Alcorão — tradução de Samir El Hayek (edição brasileira de referência);;B;fe
Alcorão 8:46;Deus é junto daqueles que são pacientes.;Alcorão 8:46 · Alcorão — tradução de Samir El Hayek (edição brasileira de referência);;B;fe
Alcorão 7:31;"Não sejam extravagantes; Deus não ama os excessivos.";Alcorão 7:31 · Alcorão — tradução de Samir El Hayek (edição brasileira de referência);;B;fe
Alcorão 65:3;E quem confiar em Deus, Ele lhe bastará.;Alcorão 65:3 · Alcorão — tradução de Samir El Hayek (edição brasileira de referência);;B;fe
Alcorão 94:6;A cada dificuldade há uma facilidade.;Alcorão 94:6 · Alcorão — tradução de Samir El Hayek (edição brasileira de referência);;B;fe
Alcorão 17:33;Não mateis a vida que Deus tornou sagrada, exceto por justiça.;Alcorão 17:33 · Alcorão — tradução de Samir El Hayek (edição brasileira de referência);;B;fe
Alcorão 16:90;Deus ordena a justiça, a excelência e a generosidade.;Alcorão 16:90 · Alcorão — tradução de Samir El Hayek (edição brasileira de referência);;B;fe
Alcorão 91:9;Aquele que purifica sua alma é bem-sucedido.;Alcorão 91:9 · Alcorão — tradução de Samir El Hayek (edição brasileira de referência);;B;fe
Provérbios 1:7;O temor do Senhor é o princípio do conhecimento.;Provérbios 1:7 · Bíblia — Almeida Revista e Atualizada;;B;fe
Provérbios 15:1;Uma resposta branda desvia o furor.;Provérbios 15:1 · Bíblia — Almeida Revista e Atualizada;;B;fe
Provérbios 16:8;Melhor é o pouco com justiça do que grandes rendimentos com injustiça.;Provérbios 16:8 · Bíblia — Almeida Revista e Atualizada;;B;fe
Provérbios 18:22;Quem encontra uma esposa encontra algo excelente.;Provérbios 18:22 · Bíblia — Almeida Revista e Atualizada;;B;fe
Rabi Tarfon;Não é pelo tamanho da tarefa que ela deve ser medida, mas pelo esforço dedicado a ela.;Rabi Tarfon · Tradição rabínica — Pirkei Avot e Talmude, tradução a partir do hebraico;;B;fe
Shimon HaTzadik;O mundo permanece sobre três coisas: a Torá, o serviço a Deus e os atos de bondade.;Shimon HaTzadik · Tradição rabínica — Pirkei Avot e Talmude, tradução a partir do hebraico;;B;fe
Jesus Cristo;Amai-vos uns aos outros como eu vos amei.;João 13–15 · Almeida Revista e Atualizada;;A;fe
Jesus Cristo;Sede misericordiosos, como também vosso Pai é misericordioso.;Lucas 6:36 · Almeida Revista e Atualizada;;A;fe
Buda;Aquele que guarda a mente com vigilância e não se deixa dominar pelos desejos encontra a verdadeira liberdade.;Dhammapada, 35;;A;fe
Buda;"A mente impura causa sofrimento; a mente purificada traz felicidade.";Dhammapada, 165;;A;fe
Buda;"Todas as coisas condicionadas estão sujeitas ao sofrimento; quando se vê isso com sabedoria, abandona-se o sofrimento.";Dhammapada, 278;;A;fe
Buda;Aquele que supera a raiva com a ausência de raiva, o mal com o bem e a avareza com a generosidade é verdadeiramente sábio.;Dhammapada, 223;;A;fe
Lao Tsé;"Aquele que sabe não precisa provar; aquele que precisa provar não sabe.";Tao Te Ching;;A-;fe
Lao Tsé;O sábio permanece no último lugar e por isso nunca é esquecido.;Tao Te Ching, 22 e 66;;A;fe
Lao Tsé;A melhor maneira de governar é não governar pela força.;Tao Te Ching, 30 e 31;;A;fe
Lao Tsé;"Quem conhece o contentamento é rico; quem age com força cria resistência.";Tao Te Ching, 33 e 46;;A;fe
Lao Tsé;"O homem segue a terra; a terra segue o céu; o céu segue o Tao; o Tao segue aquilo que é natural.";Tao Te Ching, 25;;A;fe
Lao Tsé;Aquele que compreende o equilíbrio entre força e suavidade compreende o caminho.;Tao Te Ching;;A-;fe
Lao Tsé;Quanto mais regras e proibições existem, mais pessoas se tornam pobres.;Tao Te Ching, 57;;A;fe
Lao Tsé;O sábio não luta contra ninguém e, por isso, ninguém pode lutar contra ele.;Tao Te Ching, 22 e 66;;A;fe
Krishna;"O conhecimento é considerado superior à ação; a meditação é superior ao conhecimento; e o abandono dos frutos da ação conduz à paz.";Bhagavad Gita, 12.12;;A;fe
Krishna;A paz pertence àquele que abandonou todos os desejos e não vive preso ao ego.;Bhagavad Gita, 2.70–71;;A;fe
Krishna;"Do apego nasce o desejo; do desejo nasce a raiva; da raiva nasce a confusão.";Bhagavad Gita, 2.62–63;;A;fe
Krishna;Aquele que permanece igual diante do prazer e da dor é considerado sábio.;Bhagavad Gita, 2.15;;A;fe
Alcorão 13:11;Certamente Deus não muda a condição de um povo até que eles mudem o que há em si mesmos.;Alcorão 13:11 · Alcorão — tradução de Samir El Hayek (edição brasileira de referência);;B;fe
Alcorão 2:177;"A bondade não é que vireis vossos rostos para o Oriente ou para o Ocidente; mas a verdadeira bondade é crer, fazer o bem e agir com justiça.";Alcorão 2:177 · Alcorão — tradução de Samir El Hayek (edição brasileira de referência);;B;fe
Alcorão 3:134;"E perdoai; por certo, Deus ama os que fazem o bem.";Alcorão 3:134 · Alcorão — tradução de Samir El Hayek (edição brasileira de referência);;B;fe
Alcorão 41:34;Não são iguais o bem e o mal. Repeli o mal com aquilo que é melhor.;Alcorão 41:34 · Alcorão — tradução de Samir El Hayek (edição brasileira de referência);;B;fe
Alcorão 49:13;Ó humanidade, criamos-vos de um homem e uma mulher e fizemos de vós povos e tribos para que vos conhecêsseis.;Alcorão 49:13 · Alcorão — tradução de Samir El Hayek (edição brasileira de referência);;B;fe
Alcorão 50:16;Deus está mais próximo do homem do que sua própria veia jugular.;Alcorão 50:16 · Alcorão — tradução de Samir El Hayek (edição brasileira de referência);;B;fe
Alcorão 16:97;Aquele que pratica o bem, homem ou mulher, e tem fé, terá uma vida boa.;Alcorão 16:97 · Alcorão — tradução de Samir El Hayek (edição brasileira de referência);;B;fe
Alcorão 31:18;Não caminhe na terra com orgulho, pois Deus não ama os arrogantes.;Alcorão 31:18 · Alcorão — tradução de Samir El Hayek (edição brasileira de referência);;B;fe
Provérbios 3:7;"Não sejas sábio aos teus próprios olhos; teme ao Senhor e afasta-te do mal.";Provérbios 3:7 · Bíblia — Almeida Revista e Atualizada;;B;fe
Eclesiastes 8:1;A sabedoria do homem torna seu rosto luminoso.;Eclesiastes 8:1 · Bíblia — Almeida Revista e Atualizada;;B;fe
Eclesiastes 3:1;Há um tempo para todo propósito debaixo do céu.;Eclesiastes 3:1 · Bíblia — Almeida Revista e Atualizada;;B;fe
Ben Zoma;Quem é honrado? Aquele que honra os outros.;Ben Zoma · Tradição rabínica — Pirkei Avot e Talmude, tradução a partir do hebraico;;B;fe
Hillel;Não desprezes nenhuma pessoa e não rejeites nenhuma coisa, pois não há pessoa que não tenha sua hora.;Hillel · Tradição rabínica — Pirkei Avot e Talmude, tradução a partir do hebraico;;B;fe
Carta de Tiago 2:17;A fé sem obras é morta.;Carta de Tiago 2:17 · Novo Testamento — Almeida Revista e Atualizada;;B;fe
Carta aos Colossenses 3:14;Revesti-vos de amor, que é o vínculo da perfeição.;Carta aos Colossenses 3:14 · Novo Testamento — Almeida Revista e Atualizada;;B;fe
Jesus Cristo;Se alguém quer ser o primeiro, será o último e servo de todos.;Marcos 9:35 · Almeida Revista e Atualizada;;A;fe
Jesus Cristo;Não vos preocupeis com o dia de amanhã, pois o amanhã cuidará de si mesmo.;Mateus 6:34 · Almeida Revista e Atualizada;;A;fe
Buda;"O caminho da purificação é trilhado por cada um; os Budas apenas mostram o caminho.";Dhammapada, 276;;A;fe
Buda;"Aquele que é vigilante não morre; os negligentes são como mortos.";Dhammapada, 21;;A;fe
Buda;"A vitória gera inimizade; o derrotado vive em sofrimento. Aquele que abandona vitória e derrota encontra paz.";Dhammapada, 201;;A;fe
Buda;O verdadeiro conhecimento surge quando vemos as coisas como realmente são.;Cânone páli — doutrina das três características (Anicca, Dukkha, Anatta);;A-;fe
Buda;"A insatisfação nasce do apego; a liberdade nasce do desapego.";Cânone páli — doutrina das três características (Anicca, Dukkha, Anatta);;A-;fe
Buda;Aquele que compreende a impermanência compreende a natureza da existência.;Cânone páli — doutrina das três características (Anicca, Dukkha, Anatta);;A-;fe
Buda;Não há purificação maior que a pureza da própria mente.;Dhammapada, 165;;A;fe
Krishna;"O Eu não nasce nem morre; não surgiu no passado nem deixará de existir no futuro.";Bhagavad Gita, 2.20;;A;fe
Krishna;Assim como uma pessoa abandona roupas gastas e veste novas, a alma abandona corpos antigos e assume novos.;Bhagavad Gita, 2.22;;A;fe
Krishna;Aquele que permanece firme em yoga, abandonando o apego aos resultados, encontra paz.;Bhagavad Gita;;A-;fe
Krishna;A verdadeira sabedoria é perceber a unidade de todos os seres.;Bhagavad Gita, 13.28;;A;fe
Krishna;"O homem deve elevar-se por sua própria força; não deve degradar-se.";Bhagavad Gita, 6.5;;A;fe
Krishna;Quando os sentidos são controlados, a mente se torna estável.;Bhagavad Gita, 2.61;;A;fe
Mundaka Upanishad;Conhece aquele pelo qual todas as coisas são conhecidas.;"Mundaka Upanishad · Tradução a partir do sânscrito; versão em português consolidada";;B;fe
Mundaka Upanishad 3.1.6;A verdade triunfa, não a falsidade.;"Mundaka Upanishad 3.1.6 · Tradução a partir do sânscrito; versão em português consolidada";;B;fe
Lao Tsé;"Quem deseja possuir tudo perde tudo; quem aprende a deixar ir possui tranquilidade.";Tao Te Ching;;A-;fe
Lao Tsé;O sábio age sem disputa e ensina sem palavras.;Tao Te Ching, 2 e 63;;A;fe
Lao Tsé;Retornar à simplicidade é retornar ao Tao.;Tao Te Ching, 19 e 28;;A;fe
Lao Tsé;Aquele que é contente nunca é pobre.;Tao Te Ching, 33 e 46;;A;fe
Lao Tsé;"O excesso causa perda; a moderação preserva.";Tao Te Ching, 44;;A;fe
Lao Tsé;"A rigidez é companheira da morte; a flexibilidade é companheira da vida.";Tao Te Ching, 76;;A;fe
Alcorão 2:153;"Ó vós que credes, buscai auxílio na paciência e na oração; Deus está com os pacientes.";Alcorão 2:153 · Alcorão — tradução de Samir El Hayek (edição brasileira de referência);;B;fe
Alcorão 99:7;E quem faz o peso de um átomo de bem verá o resultado.;Alcorão 99:7 · Alcorão — tradução de Samir El Hayek (edição brasileira de referência);;B;fe
Alcorão 99:8;E quem faz o peso de um átomo de mal verá o resultado.;Alcorão 99:8 · Alcorão — tradução de Samir El Hayek (edição brasileira de referência);;B;fe
Alcorão 22:46;Não é a visão que fica cega, mas os corações dentro dos peitos.;Alcorão 22:46 · Alcorão — tradução de Samir El Hayek (edição brasileira de referência);;B;fe
Alcorão 25:63;Aos servos do Misericordioso pertencem aqueles que caminham humildemente pela terra.;Alcorão 25:63 · Alcorão — tradução de Samir El Hayek (edição brasileira de referência);;B;fe
Alcorão 4:36;Deus não ama os arrogantes e orgulhosos.;Alcorão 4:36 · Alcorão — tradução de Samir El Hayek (edição brasileira de referência);;B;fe
Alcorão 2:195;Fazei o bem, pois Deus ama aqueles que fazem o bem.;Alcorão 2:195 · Alcorão — tradução de Samir El Hayek (edição brasileira de referência);;B;fe
Alcorão 7:156;A misericórdia de Deus abrange todas as coisas.;Alcorão 7:156 · Alcorão — tradução de Samir El Hayek (edição brasileira de referência);;B;fe
Provérbios 17:9;Aquele que perdoa uma ofensa demonstra amor.;Provérbios 17:9 · Bíblia — Almeida Revista e Atualizada;;B;fe
Provérbios 25:11;Uma palavra dita no momento certo é como maçãs de ouro em bandejas de prata.;Provérbios 25:11 · Bíblia — Almeida Revista e Atualizada;;B;fe
Provérbios 16:16;A sabedoria vale mais que as riquezas.;Provérbios 16:16 · Bíblia — Almeida Revista e Atualizada;;B;fe
1 Samuel 16:7;O homem vê o que está diante dos olhos, mas Deus vê o coração.;1 Samuel 16:7 · Bíblia — Almeida Revista e Atualizada;;B;fe
Deuteronômio 16:20;A justiça, somente a justiça seguirás.;Deuteronômio 16:20 · Bíblia — Almeida Revista e Atualizada;;B;fe
Provérbios 17:22;O coração alegre serve de bom remédio, mas o espírito abatido seca os ossos.;Provérbios 17:22 · Bíblia — Almeida Revista e Atualizada;;B;fe
Provérbios 9:10;O temor do Senhor é o princípio da sabedoria.;Provérbios 9:10 · Bíblia — Almeida Revista e Atualizada;;B;fe
Eclesiastes 7:8;"Melhor é o fim das coisas do que o seu princípio; melhor é o paciente do que o arrogante.";Eclesiastes 7:8 · Bíblia — Almeida Revista e Atualizada;;B;fe
Jesus Cristo;Tudo quanto quereis que os homens vos façam, fazei-o também vós a eles.;Mateus 7:12 · Almeida Revista e Atualizada;;A;fe
Buda;Aquele que conquista a si mesmo é maior do que aquele que conquista mil homens em batalha.;Dhammapada, 103;;A;fe
Buda;O sofrimento acompanha aquele que se apega ao que é impermanente.;Cânone páli — doutrina das três características (Anicca, Dukkha, Anatta);;A-;fe
Krishna;Você tem direito à ação, mas não aos frutos dela.;Bhagavad Gita, 2.47;;A;fe
Krishna;O homem deve realizar suas ações sem apego aos resultados.;Bhagavad Gita, 2.47;;A;fe
Upanishads;O verdadeiro conhecimento é perceber a unidade em todas as coisas.;"Upanishads · Tradução a partir do sânscrito; versão em português consolidada";;B;fe
Upanishads;Aquele que conhece o Ser conhece a verdade.;"Upanishads · Tradução a partir do sânscrito; versão em português consolidada";;B;fe
Lao Tsé;A simplicidade, a paciência e a compaixão são os maiores tesouros.;Tao Te Ching, 67;;A-;fe
Alcorão 2:153;Deus está com aqueles que são pacientes.;Alcorão 2:153 · Alcorão — tradução de Samir El Hayek (edição brasileira de referência);;B;fe
Provérbios 4:18;O caminho dos justos é como a luz da aurora, que brilha mais e mais até ser dia perfeito.;Provérbios 4:18 · Bíblia — Almeida Revista e Atualizada;;B;fe
Provérbios 16:32;"O homem paciente é melhor que o guerreiro; aquele que domina seu espírito é melhor que aquele que conquista uma cidade.";Provérbios 16:32 · Bíblia — Almeida Revista e Atualizada;;B;fe
Provérbios 16:18;O orgulho vem antes da destruição, e a altivez do espírito antes da queda.;Provérbios 16:18 · Bíblia — Almeida Revista e Atualizada;;B;fe
Provérbios 13:20;Aquele que anda com os sábios será sábio.;Provérbios 13:20 · Bíblia — Almeida Revista e Atualizada;;B;fe
Apóstolo Paulo;Não te deixes vencer pelo mal, mas vence o mal com o bem.;Cartas paulinas · Almeida Revista e Atualizada;;A-;fe
Carta aos Hebreus 11:1;A fé é a certeza das coisas que se esperam, e a prova das coisas que não se veem.;Carta aos Hebreus 11:1 · Novo Testamento — Almeida Revista e Atualizada;;B;fe
Apóstolo Paulo;"O amor é paciente, o amor é bondoso; não inveja, não se vangloria, não se orgulha.";1 Coríntios 13:4;;A;fe
Apóstolo Paulo;Acima de tudo, porém, revistam-se do amor, que é o elo perfeito.;Cartas paulinas · Almeida Revista e Atualizada;;A-;fe
Buda;Não há fogo como a paixão, nem prisão como o ódio, nem rede como a ilusão.;Dhammapada, 251;;A;fe
Buda;A vitória sobre si mesmo é a maior das vitórias.;Dhammapada, 103;;A;fe
Buda;Assim como a terra suporta todas as coisas, o sábio suporta insultos e dificuldades.;Dhammapada, 95;;A;fe
Buda;O apego é a raiz do sofrimento.;Cânone páli — Quatro Nobres Verdades (SN 56.11);;A-;fe
Krishna;Aquele que vê o mesmo em todos os seres, e todos os seres no Supremo, alcança a verdadeira visão.;Bhagavad Gita, 13.28;;A;fe
Krishna;O homem que controla seus sentidos e mantém a mente firme alcança a sabedoria.;Bhagavad Gita, 2.61;;A;fe
Krishna;Da serenidade nasce a eliminação de todos os sofrimentos.;Bhagavad Gita, 2.65;;A;fe
Krishna;O verdadeiro sábio não se alegra excessivamente no prazer nem se desespera na dor.;Bhagavad Gita;;A-;fe
Upanishads;Conhecer o próprio Eu é alcançar o conhecimento mais elevado.;"Upanishads · Tradução a partir do sânscrito; versão em português consolidada";;B;fe
Upanishads;Aquele que percebe a unidade não vê separação.;"Upanishads · Tradução a partir do sânscrito; versão em português consolidada";;B;fe
Lao Tsé;O melhor homem é como a água, que beneficia todas as coisas e não disputa com nenhuma.;Tao Te Ching, 8;;A;fe
Lao Tsé;Quem sabe contentar-se é rico.;Tao Te Ching, 33 e 46;;A;fe
Lao Tsé;"Quem domina os outros tem força; quem domina a si mesmo tem poder.";Tao Te Ching, 33;;A;fe
Lao Tsé;Aquele que sabe esperar encontra a harmonia.;Tao Te Ching;;A-;fe
Lao Tsé;A simplicidade é a chave para compreender o caminho.;Tao Te Ching, 19 e 28;;A;fe
Alcorão 2:45;E buscai auxílio na paciência e na oração.;Alcorão 2:45 · Alcorão — tradução de Samir El Hayek (edição brasileira de referência);;B;fe
Alcorão 3:134;Aqueles que controlam sua ira e perdoam as pessoas são amados por Deus.;Alcorão 3:134 · Alcorão — tradução de Samir El Hayek (edição brasileira de referência);;B;fe
Alcorão 55:60;Não há recompensa para o bem senão o próprio bem.;Alcorão 55:60 · Alcorão — tradução de Samir El Hayek (edição brasileira de referência);;B;fe
Provérbios 20:27;A lâmpada do Senhor é o espírito do homem.;Provérbios 20:27 · Bíblia — Almeida Revista e Atualizada;;B;fe
Provérbios 21:23;Aquele que guarda sua boca e sua língua guarda sua alma de dificuldades.;Provérbios 21:23 · Bíblia — Almeida Revista e Atualizada;;B;fe
Provérbios 15:13;O coração alegre embeleza o rosto.;Provérbios 15:13 · Bíblia — Almeida Revista e Atualizada;;B;fe
Provérbios 21:21;Aquele que busca a justiça e a bondade encontra vida, justiça e honra.;Provérbios 21:21 · Bíblia — Almeida Revista e Atualizada;;B;fe
Buda;Se com uma mente pura uma pessoa fala ou age, a felicidade a acompanha como uma sombra que nunca se separa.;Dhammapada, 2;;A;fe
Buda;"A sabedoria surge da meditação; sem meditação a sabedoria diminui.";Dhammapada, 282;;A;fe
Buda;Aquele que compreende o sofrimento compreende o caminho para libertar-se dele.;Cânone páli — Quatro Nobres Verdades (SN 56.11);;A-;fe
Krishna;Aquele que permanece equilibrado no sucesso e no fracasso é um verdadeiro sábio.;Bhagavad Gita, 2.15;;A;fe
Krishna;Nenhum esforço realizado no caminho espiritual é perdido.;Bhagavad Gita, 2.40;;A;fe
Krishna;O homem alcança a perfeição quando encontra alegria em cumprir seu próprio dever.;Bhagavad Gita, 18.45–46;;A;fe
Krishna;A alma é imutável, eterna e além da destruição.;Bhagavad Gita, 2.20;;A;fe
Krishna;Aquele que vê todos os seres com igualdade possui verdadeira sabedoria.;Bhagavad Gita, 6.29;;A;fe
Krishna;A tranquilidade nasce quando os desejos cessam.;Bhagavad Gita, 2.70–71;;A;fe
Upanishads;O conhecimento é superior à riqueza, pois conduz à libertação.;"Upanishads · Tradução a partir do sânscrito; versão em português consolidada";;B;fe
Upanishads;A verdade, a disciplina e o conhecimento conduzem ao mais elevado bem.;"Upanishads · Tradução a partir do sânscrito; versão em português consolidada";;B;fe
Lao Tsé;"Quem conhece o Tao não fala muito; quem fala muito talvez não conheça o Tao.";Tao Te Ching, 56;;A;fe
Lao Tsé;O melhor líder é aquele cuja existência é pouco percebida, mas cuja obra é sentida.;Tao Te Ching, 17;;A;fe
Lao Tsé;O conhecimento excessivo pode afastar da simplicidade.;Tao Te Ching;;A-;fe
Lao Tsé;Aquele que é satisfeito com sua posição permanece tranquilo.;Tao Te Ching, 33 e 46;;A;fe
Lao Tsé;A verdadeira força nasce da suavidade e da adaptação.;Tao Te Ching;;A-;fe
Salmos 27:1;"O Senhor é minha luz e minha salvação; de quem terei medo?";Salmos 27:1 · Bíblia — Almeida Revista e Atualizada;;B;fe
Provérbios 19:8;Aquele que busca a sabedoria ama a própria alma.;Provérbios 19:8 · Bíblia — Almeida Revista e Atualizada;;B;fe
Provérbios 18:21;A língua tem poder sobre a vida e sobre a morte.;Provérbios 18:21 · Bíblia — Almeida Revista e Atualizada;;B;fe
Provérbios 16:32;Aquele que é lento para irar-se é melhor que o poderoso.;Provérbios 16:32 · Bíblia — Almeida Revista e Atualizada;;B;fe
Provérbios 8:11;A sabedoria é mais preciosa que rubis.;Provérbios 8:11 · Bíblia — Almeida Revista e Atualizada;;B;fe
Salmos 34:18;O Senhor está perto dos que têm o coração quebrantado.;Salmos 34:18 · Bíblia — Almeida Revista e Atualizada;;B;fe
Hillel;Não faça ao teu próximo aquilo que não desejas para ti.;Hillel · Tradição rabínica — Pirkei Avot e Talmude, tradução a partir do hebraico;;B;fe
Tradição judaica;A paz é uma das maiores bênçãos.;Tradição judaica · Tradição rabínica — Pirkei Avot e Talmude, tradução a partir do hebraico;;B;fe
Alcorão 2:286;Deus não impõe a nenhuma alma uma carga maior do que ela pode suportar.;Alcorão 2:286 · Alcorão — tradução de Samir El Hayek (edição brasileira de referência);;B;fe
Alcorão 13:28;Aqueles que acreditam e cujos corações encontram tranquilidade na lembrança de Deus.;Alcorão 13:28 · Alcorão — tradução de Samir El Hayek (edição brasileira de referência);;B;fe
Alcorão 55:60;A recompensa do bem é apenas o bem.;Alcorão 55:60 · Alcorão — tradução de Samir El Hayek (edição brasileira de referência);;B;fe
Alcorão 42:40;Aquele que perdoa e reconcilia terá sua recompensa junto a Deus.;Alcorão 42:40 · Alcorão — tradução de Samir El Hayek (edição brasileira de referência);;B;fe
Alcorão 39:53;Não percam a esperança da misericórdia de Deus.;Alcorão 39:53 · Alcorão — tradução de Samir El Hayek (edição brasileira de referência);;B;fe
Salmos 55:22;Lança sobre o Senhor a tua ansiedade, e ele te sustentará.;Salmos 55:22 · Bíblia — Almeida Revista e Atualizada;;B;fe
Isaías 40:31;Aqueles que esperam no Senhor renovarão suas forças.;Isaías 40:31 · Bíblia — Almeida Revista e Atualizada;;B;fe
João 4:16;Aquele que permanece em amor permanece em Deus.;João 4:16 · Novo Testamento — Almeida Revista e Atualizada;;B;fe
Alcorão 28:84;Aquele que faz o bem receberá algo melhor do que aquilo que fez.;Alcorão 28:84 · Alcorão — tradução de Samir El Hayek (edição brasileira de referência);;B;fe
Profeta Muhammad;Não é a riqueza que torna alguém rico, mas a riqueza da alma.;Hadith;;A-;fe
Profeta Muhammad;A misericórdia não é retirada de ninguém, exceto daquele que não tem misericórdia.;Hadith;;A-;fe
Profeta Muhammad;Quem não agradece às pessoas não agradece a Deus.;Hadith;;A-;fe
Profeta Muhammad;Deus é belo e ama a beleza.;Hadith;;A-;fe
Salmos 103:8;O Senhor é compassivo e misericordioso, paciente e cheio de amor.;Salmos 103:8 · Bíblia — Almeida Revista e Atualizada;;B;fe
Salmos 89:14;A justiça e o direito são o fundamento do teu trono.;Salmos 89:14 · Bíblia — Almeida Revista e Atualizada;;B;fe
Provérbios 31:10;Quem encontra uma mulher virtuosa encontra uma grande bênção.;Provérbios 31:10 · Bíblia — Almeida Revista e Atualizada;;B;fe
Provérbios 19:11;"A sabedoria do homem o torna paciente; sua glória é ignorar as ofensas.";Provérbios 19:11 · Bíblia — Almeida Revista e Atualizada;;B;fe
Eclesiastes 7:10;Não digas: 'Por que os dias passados foram melhores?' pois não é sábio perguntar isso.;Eclesiastes 7:10 · Bíblia — Almeida Revista e Atualizada;;B;fe
Provérbios 22:1;Melhor é um bom nome do que grandes riquezas.;Provérbios 22:1 · Bíblia — Almeida Revista e Atualizada;;B;fe
Hillel;Não despreze ninguém e não rejeite nada, pois cada pessoa tem seu momento.;Hillel · Tradição rabínica — Pirkei Avot e Talmude, tradução a partir do hebraico;;B;fe
Tradição rabínica;O mundo se sustenta sobre três coisas: justiça, verdade e paz.;Tradição rabínica · Tradição rabínica — Pirkei Avot e Talmude, tradução a partir do hebraico;;B;fe
Tradição judaica;A paz é o maior recipiente de bênçãos.;Tradição judaica · Tradição rabínica — Pirkei Avot e Talmude, tradução a partir do hebraico;;B;fe
Krishna;O sábio não se perturba pelo que acontece, pois compreende a natureza passageira das coisas.;Bhagavad Gita;;A-;fe
Krishna;"A mente controlada é o melhor amigo; a mente descontrolada é o pior inimigo.";Bhagavad Gita, 6.6;;A;fe
Krishna;O conhecimento é o fogo que queima todas as ações impuras.;Bhagavad Gita, 4.37;;A;fe
Krishna;Aquele que possui fé, disciplina e dedicação alcança o conhecimento.;Bhagavad Gita, 4.39;;A;fe
Krishna;Aquele que encontra alegria no interior encontra uma felicidade que não depende do exterior.;Bhagavad Gita, 5.21;;A;fe
Upanishads;A verdade é o caminho que conduz ao Supremo.;"Upanishads · Tradução a partir do sânscrito; versão em português consolidada";;B;fe
Upanishads;O Eu interior é a realidade mais profunda do ser.;"Upanishads · Tradução a partir do sânscrito; versão em português consolidada";;B;fe
Katha Upanishad 2:3:14;Quando todos os desejos que habitam o coração desaparecem, o mortal torna-se imortal.;"Katha Upanishad 2:3:14 · Tradução a partir do sânscrito; versão em português consolidada";;B;fe
Buda;"O sofrimento surge do desejo; quando o desejo cessa, surge a liberdade.";Cânone páli — Quatro Nobres Verdades (SN 56.11);;A-;fe
Tradição budista;A compaixão é o desejo de aliviar o sofrimento dos outros.;"Tradição budista · Tradução a partir do original; versão em português consolidada";;B;fe
Lao Tsé;"Aquele que sabe parar está protegido; assim poderá durar muito tempo.";Tao Te Ching, 44;;A;fe
Apóstolo Paulo;A esperança não decepciona, porque o amor de Deus foi derramado em nossos corações.;Cartas paulinas · Almeida Revista e Atualizada;;A-;fe
Deuteronômio 31:6;"Sejam fortes e corajosos; não tenham medo.";Deuteronômio 31:6 · Bíblia — Almeida Revista e Atualizada;;B;fe
Salmos 29:11;"O Senhor dá força ao seu povo; o Senhor abençoa com paz.";Salmos 29:11 · Bíblia — Almeida Revista e Atualizada;;B;fe
Kahlil Gibran;"Quando você ama, não diga “Deus está em meu coração”; diga “Eu estou no coração de Deus”.";"O Profeta, ""Da Religião"" e ""Da Despedida""";;A;amor
Kahlil Gibran;A fé é um oásis no coração que nunca será alcançado pela caravana do pensamento.;Areia e Espuma;;A-;filosofos
Kahlil Gibran;A alma caminha por todos os caminhos.;"O Profeta, ""Do Autoconhecimento""";;A;vida
Kahlil Gibran;"A alma não caminha numa linha; ela floresce como uma flor de inumeráveis pétalas.";"O Profeta, ""Do Autoconhecimento""";;A;autorreconhecimento
Kahlil Gibran;Confia nos sonhos, pois neles está escondida a porta para a eternidade.;Areia e Espuma;;A-;motivacao
Kahlil Gibran;A vida e a morte são uma só coisa, como o rio e o mar.;Areia e Espuma;;A-;vida
Ben Sirá;"Um amigo fiel é uma defesa poderosa; quem o encontrou encontrou um tesouro.";Ben Sirá · Tradição rabínica — Pirkei Avot e Talmude, tradução a partir do hebraico;;B;fe
Tomás de Aquino;A amizade é a mais pura forma de amor.;Suma Teológica;;A-;fe
Tomás de Aquino;A felicidade é o exercício da razão e da virtude.;Suma Teológica;;A-;fe
Tomás de Aquino;A gratidão é uma das maiores virtudes e a ingratidão uma das maiores faltas.;Suma Teológica;;A-;fe
Tomás de Aquino;A paz não é ausência de conflito, mas a capacidade de lidar com ele.;Suma Teológica;;A-;fe
Tomás de Aquino;A oração é a elevação da mente e do coração a Deus.;Suma Teológica;;A-;fe
Buda;A vida é sofrimento, mas a compreensão do sofrimento conduz à libertação.;Cânone páli — Quatro Nobres Verdades (SN 56.11);;A-;fe
Steve Jobs;Seu trabalho vai preencher uma grande parte da sua vida, e a única maneira de ficar realmente satisfeito é fazer aquilo que você acredita ser um ótimo trabalho.;Entrevista registrada;;A;empreendedorismo
Steve Jobs;"Grandes coisas nos negócios nunca são feitas por uma única pessoa; são feitas por uma equipe.";Entrevista registrada;;A;empreendedorismo
Steve Jobs;A inovação vem de pessoas que encontram novas maneiras de resolver problemas.;Entrevista registrada;;A;empreendedorismo
Peter Drucker;O objetivo do marketing é conhecer e entender o cliente tão bem que o produto ou serviço se venda sozinho.;The Practice of Management;;A;empreendedorismo
Peter Drucker;A inovação sistemática consiste na busca organizada por mudanças e pela análise das oportunidades que essas mudanças podem oferecer.;Inovação e Espírito Empreendedor;;A;empreendedorismo
Scott Belsky;Não é sobre ideias. É sobre fazer ideias acontecerem.;Fazendo Ideias Acontecer;;A-;empreendedorismo
Jeff Bezos;Se você nunca quer ser criticado, por nada faça nada novo.;Entrevista registrada;;A;empreendedorismo
Jeff Bezos;Uma marca para uma empresa é como uma reputação para uma pessoa. Você ganha reputação tentando fazer coisas difíceis bem feitas.;Entrevista registrada;;A;empreendedorismo
Jeff Bezos;A inovação e a invenção são parte fundamental da nossa cultura.;Entrevista registrada;;A;empreendedorismo
Bill Gates;A tecnologia é apenas uma ferramenta. Em termos de fazer as crianças trabalharem juntas e motivá-las, o professor é o mais importante.;Entrevista registrada;;A;empreendedorismo
Bill Gates;Paciência é um elemento-chave do sucesso.;Entrevista registrada;;A;empreendedorismo
Bill Gates;A propriedade intelectual tem a vida útil de uma banana.;Entrevista registrada;;A;empreendedorismo
Steve Jobs;Criatividade é apenas conectar coisas.;Entrevista registrada;;A;empreendedorismo
Steve Jobs;Grandes produtos vêm de grandes pessoas que se importam profundamente com aquilo que fazem.;Entrevista registrada;;A;empreendedorismo
Steve Jobs;Eu acho que se você faz algo e acaba sendo muito bom, então deveria fazer outra coisa maravilhosa, não ficar pensando muito tempo nisso.;Entrevista registrada;;A;empreendedorismo
Warren Buffett;Regra número um: nunca perca dinheiro. Regra número dois: nunca esqueça a regra número um.;Cartas aos acionistas da Berkshire Hathaway;;A-;empreendedorismo
Warren Buffett;O tempo é amigo dos negócios excelentes e inimigo dos negócios medíocres.;Cartas aos acionistas da Berkshire Hathaway;;A-;empreendedorismo
Philip Kotler;O marketing começa e termina com o cliente.;Administração de Marketing;;A-;empreendedorismo
Philip Kotler;A arte do marketing é descobrir necessidades não atendidas e criar soluções para elas.;Administração de Marketing;;A-;empreendedorismo
Philip Kotler;As empresas devem criar valor para os clientes e capturar parte desse valor em retorno.;Administração de Marketing;;A-;empreendedorismo
Philip Kotler;Uma marca forte é construída através de experiências consistentes.;Administração de Marketing;;A-;empreendedorismo
Philip Kotler;O futuro do marketing é conectar marcas e pessoas de maneira mais humana.;Administração de Marketing;;A-;empreendedorismo
Philip Kotler;"Empresas precisam entender que não vendem produtos; vendem benefícios e soluções.";Administração de Marketing;;A-;empreendedorismo
Theodore Levitt;A criatividade é pensar em coisas novas. A inovação é fazer coisas novas.;A Criatividade Não Basta;;A;empreendedorismo
Michael Porter;Estratégia competitiva significa ser diferente.;O Que É Estratégia?;;A;empreendedorismo
Elon Musk;Quando algo é importante o suficiente, você faz mesmo que as probabilidades não estejam a seu favor.;Entrevista registrada;;A;empreendedorismo
Elon Musk;Eu acho que é possível para pessoas comuns escolherem ser extraordinárias.;Entrevista registrada;;A;empreendedorismo
Elon Musk;Algumas pessoas não gostam de mudanças, mas você precisa abraçar a mudança se a alternativa for um desastre.;Entrevista registrada;;A;empreendedorismo
Scott Belsky;A inovação é o resultado de uma ideia transformada em realidade.;Fazendo Ideias Acontecer;;A-;empreendedorismo
Scott Belsky;"Não se trata de ter a ideia certa; trata-se de criar um sistema que permita transformar ideias em realidade.";Fazendo Ideias Acontecer;;A-;empreendedorismo
Sam Walton;O sucesso não é resultado de uma única grande ideia, mas de muitas pequenas melhorias.;Sam Walton: Made in America;;A-;empreendedorismo
Sam Walton;Grandes expectativas são a chave para tudo.;Sam Walton: Made in America;;A-;empreendedorismo
Sam Walton;O segredo do varejo é dar aos clientes o que eles querem.;Sam Walton: Made in America;;A-;empreendedorismo
Sam Walton;Controle seus custos melhor do que seus concorrentes. É aí que você sempre encontrará vantagem competitiva.;Sam Walton: Made in America;;A-;empreendedorismo
Ray Kroc;"O sucesso não é construído sobre sucesso; é construído sobre fracassos repetidos e aprendizados constantes.";Grinding It Out;;A-;empreendedorismo
Ray Kroc;A qualidade de um produto é o resultado da qualidade do processo que o cria.;Grinding It Out;;A-;empreendedorismo
Larry Page;Grandes empresas são construídas por pessoas que acreditam em uma visão de longo prazo.;Entrevista registrada;;A;empreendedorismo
Larry Page;Se você está mudando o mundo, está trabalhando em coisas importantes.;Entrevista registrada;;A;empreendedorismo
Larry Page;A inovação acontece quando você tenta resolver problemas que parecem impossíveis.;Entrevista registrada;;A;empreendedorismo
Reed Hastings;Quando uma empresa cresce, ela precisa manter a capacidade de inovar.;A Regra é Não Ter Regras;;A-;empreendedorismo
Reed Hastings;A liberdade e a responsabilidade são essenciais para empresas inovadoras.;A Regra é Não Ter Regras;;A-;empreendedorismo
Reed Hastings;Empresas precisam se adaptar rapidamente porque o mundo muda rapidamente.;A Regra é Não Ter Regras;;A-;empreendedorismo
Reed Hastings;A cultura de uma empresa é formada pelas pessoas que ela escolhe manter.;A Regra é Não Ter Regras;;A-;empreendedorismo
Jack Ma;As empresas que não mudam desaparecem.;Entrevista registrada;;A;empreendedorismo
Jack Ma;Se você não desistir, ainda tem uma chance.;Entrevista registrada;;A;empreendedorismo
Steve Jobs;Você precisa começar com a experiência do cliente e trabalhar de volta para a tecnologia, não o contrário.;Entrevista registrada;;A;empreendedorismo
Steve Jobs;Detalhes importam. Vale a pena esperar para acertar.;Entrevista registrada;;A;empreendedorismo
Elon Musk;Se algo é importante o suficiente, você deve tentar, mesmo que o resultado seja incerto.;Entrevista registrada;;A;empreendedorismo
Elon Musk;O fracasso é uma opção. Se as coisas não estão falhando, você não está inovando o suficiente.;Entrevista registrada;;A;empreendedorismo
Jeff Bezos;Seja obcecado pelo cliente, não pelos concorrentes.;Entrevista registrada;;A;empreendedorismo
Jeff Bezos;Uma empresa deve estar disposta a experimentar constantemente.;Entrevista registrada;;A;empreendedorismo
Philip Kotler;O crescimento de uma empresa depende da capacidade de criar algo que os clientes valorizem.;Administração de Marketing;;A-;empreendedorismo
Philip Kotler;Uma marca é uma promessa feita ao consumidor.;Administração de Marketing;;A-;empreendedorismo
Philip Kotler;O objetivo de uma empresa não é apenas vender, mas criar relacionamentos duradouros.;Administração de Marketing;;A-;empreendedorismo
Eric Ries;A vantagem das startups é a capacidade de aprender rapidamente.;A Startup Enxuta;;A-;empreendedorismo
Eric Ries;Aprender com clientes reais é mais importante do que seguir apenas planos.;A Startup Enxuta;;A-;empreendedorismo
Eric Ries;Construir uma startup é transformar incerteza em conhecimento.;A Startup Enxuta;;A-;empreendedorismo
Kahlil Gibran;O trabalho é o amor tornado visível.;"O Profeta, ""Do Trabalho""";;A;empreendedorismo
Kahlil Gibran;Trabalhar com amor é tecer o tecido com fios tirados do próprio coração.;"O Profeta, ""Do Trabalho""";;A;empreendedorismo
Kahlil Gibran;Construir uma casa com afeto é trabalhar como se o amado fosse morar nela.;"O Profeta, ""Do Trabalho""";;A;empreendedorismo
Adam Smith;O trabalho anual de cada nação é o fundo que originalmente a abastece de todas as necessidades e comodidades da vida.;A Riqueza das Nações;;A;empreendedorismo
Nicolau Maquiavel;A natureza dos homens é contrair obrigações tanto pelo benefício que fazem quanto pelo que recebem.;O Príncipe;;A-;manipulacao
Robert Cialdini;As pessoas dizem sim àqueles de quem gostam.;As Armas da Persuasão;;A-;manipulacao
Robert Cialdini;A autoridade é um poderoso princípio de persuasão.;As Armas da Persuasão;;A-;manipulacao
Dale Carnegie;A crítica é perigosa porque fere o orgulho e desperta ressentimento.;Como Fazer Amigos e Influenciar Pessoas;;A;manipulacao
Dale Carnegie;O desejo de ser importante é uma das maiores necessidades humanas.;Como Fazer Amigos e Influenciar Pessoas;;A;manipulacao
Dale Carnegie;A única maneira de obter o melhor de uma discussão é evitá-la.;Como Fazer Amigos e Influenciar Pessoas;;A;manipulacao
Gustave Le Bon;O indivíduo em multidão adquire, pelo simples fato da quantidade, um sentimento de poder invencível.;Psicologia das Multidões;;A-;manipulacao
Gustave Le Bon;"As massas nunca tiveram sede de verdade; elas preferem ilusões que satisfaçam seus desejos.";Psicologia das Multidões;;A-;manipulacao
Gustave Le Bon;A multidão é sempre intelectualmente inferior ao indivíduo isolado.;Psicologia das Multidões;;A-;manipulacao
Edward Bernays;A manipulação consciente e inteligente das opiniões das massas é um elemento importante na sociedade democrática.;Propaganda;;A;manipulacao
Edward Bernays;A engenharia do consentimento é a própria essência do processo democrático.;A Engenharia do Consentimento;;A;manipulacao
Sun Tzu;Conheça o inimigo e conheça a si mesmo, e você não precisará temer o resultado de cem batalhas.;A Arte da Guerra;;A-;manipulacao
Sun Tzu;Aquele que é prudente e espera por um inimigo que não é, vencerá.;A Arte da Guerra;;A-;manipulacao
Sun Tzu;A habilidade suprema consiste em subjugar o inimigo sem combater.;A Arte da Guerra;;A-;manipulacao
Sun Tzu;Se você conhece o lugar e o momento da batalha, poderá lutar cem vezes e vencer cem vezes.;A Arte da Guerra;;A-;manipulacao
Carl von Clausewitz;A guerra é a continuação da política por outros meios.;Da Guerra;;A-;manipulacao
Carl von Clausewitz;A incerteza é uma das maiores dificuldades da guerra.;Da Guerra;;A-;manipulacao
Carl von Clausewitz;Tudo na guerra é simples, mas a coisa mais simples é difícil.;Da Guerra;;A-;manipulacao
Carl von Clausewitz;O primeiro ato de julgamento do comandante é estabelecer o tipo de guerra em que está entrando.;Da Guerra;;A-;manipulacao
Baltasar Gracián;"Não basta ser sábio; é preciso parecer sábio.";A Arte da Prudência (Oráculo Manual);;A-;manipulacao
Baltasar Gracián;Conhecer a si mesmo é o começo da prudência.;A Arte da Prudência (Oráculo Manual);;A-;manipulacao
Baltasar Gracián;A verdade geralmente nasce do cuidado, não da pressa.;A Arte da Prudência (Oráculo Manual);;A-;manipulacao
Daniel Kahneman;O que vemos é tudo o que existe.;"Rápido e Devagar (2011) — formulação do conceito WYSIATI (""What You See Is All There Is""), central no livro";;A-;manipulacao
Solomon Asch;A tendência à conformidade é tão forte que pessoas podem negar aquilo que claramente percebem.;Estudos sobre conformidade (1951–1956);;A-;manipulacao
Solomon Asch;O indivíduo frequentemente adapta suas respostas para manter harmonia com o grupo.;Estudos sobre conformidade (1951–1956);;A-;manipulacao
Philip Zimbardo;A situação pode exercer uma influência mais poderosa sobre o comportamento humano do que geralmente reconhecemos.;O Efeito Lúcifer e estudos publicados;;A-;manipulacao
Philip Zimbardo;Pessoas comuns podem ser levadas a realizar atos incomuns quando colocadas em situações específicas.;O Efeito Lúcifer e estudos publicados;;A-;manipulacao
Philip Zimbardo;O poder das situações deve ser considerado quando tentamos compreender o comportamento humano.;O Efeito Lúcifer e estudos publicados;;A-;manipulacao
Albert Bandura;O aprendizado seria extremamente trabalhoso se as pessoas dependessem apenas dos efeitos de suas próprias ações.;Teoria da Aprendizagem Social;;A;manipulacao
Erving Goffman;Quando um indivíduo aparece diante dos outros, ele apresenta uma imagem de si mesmo que procura controlar.;A Representação do Eu na Vida Cotidiana;;A;manipulacao
Pierre Bourdieu;O poder simbólico é um poder invisível que só pode ser exercido com a cumplicidade daqueles que não querem saber que estão sujeitos a ele.;O Poder Simbólico;;A;manipulacao
Pierre Bourdieu;A cultura dominante contribui para a integração real da classe dominante e para a integração fictícia da sociedade.;O Poder Simbólico;;A;manipulacao
Aristóteles;A persuasão é obtida através do caráter do orador, das emoções dos ouvintes e da demonstração do argumento.;Retórica, I, 2;;A;manipulacao
Aristóteles;As emoções possuem grande influência sobre os julgamentos humanos.;Retórica, I, 2;;A;manipulacao
Edward Bernays;Aqueles que manipulam esse mecanismo invisível da sociedade constituem um governo invisível que é o verdadeiro poder dominante.;Propaganda;;A;manipulacao
Walter Lippmann;O ambiente real é grande demais, complexo demais e passageiro demais para haver contato direto entre as pessoas e o mundo.;Opinião Pública;;A-;manipulacao
Walter Lippmann;"A maioria das pessoas não conhece diretamente os acontecimentos; conhece as representações desses acontecimentos.";Opinião Pública;;A-;manipulacao
Walter Lippmann;"A função das notícias é sinalizar um acontecimento; a função da verdade é trazer fatos ocultos à luz.";Opinião Pública;;A-;manipulacao
Marshall McLuhan;Os meios de comunicação moldam a maneira como percebemos e compreendemos o mundo.;Os Meios de Comunicação como Extensões do Homem;;A-;manipulacao
Marshall McLuhan;A nova interdependência eletrônica recria o mundo como uma aldeia global.;Os Meios de Comunicação como Extensões do Homem;;A-;manipulacao
Guy Debord;Tudo o que era diretamente vivido tornou-se representação.;A Sociedade do Espetáculo;;A-;manipulacao
Guy Debord;O espetáculo apresenta-se simultaneamente como a própria sociedade, como parte da sociedade e como instrumento de unificação.;A Sociedade do Espetáculo;;A-;manipulacao
Guy Debord;A realidade surge no espetáculo, e o espetáculo é real.;A Sociedade do Espetáculo;;A-;manipulacao
Gustave Le Bon;"As multidões não raciocinam; elas pensam por imagens.";Psicologia das Multidões;;A-;manipulacao
Gustave Le Bon;A multidão é guiada mais pelo inconsciente do que pela reflexão racional.;Psicologia das Multidões;;A-;manipulacao
Gustave Le Bon;As afirmações simples, repetidas constantemente, tendem a ser aceitas pelas massas.;Psicologia das Multidões;;A-;manipulacao
Roger Fisher e William Ury;Separe as pessoas do problema.;Como Chegar ao Sim;;A-;manipulacao
Roger Fisher e William Ury;Inventar opções para ganho mútuo é uma das etapas mais importantes da negociação.;Como Chegar ao Sim;;A-;manipulacao
Roger Fisher e William Ury;Uma boa negociação deve produzir um acordo eficiente e preservar a relação entre as partes.;Como Chegar ao Sim;;A-;manipulacao
Roger Fisher e William Ury;O objetivo não é vencer uma disputa, mas alcançar um resultado que atenda aos interesses legítimos.;Como Chegar ao Sim;;A-;manipulacao
Chris Voss;A empatia tática é entender os sentimentos e perspectivas do outro sem necessariamente concordar com eles.;Negocie Como Se Sua Vida Dependesse Disso;;A-;manipulacao
Chris Voss;Não faça concessões antes de compreender o que realmente importa para a outra parte.;Negocie Como Se Sua Vida Dependesse Disso;;A-;manipulacao
Chris Voss;A pessoa que está sendo compreendida tem maior probabilidade de colaborar.;Negocie Como Se Sua Vida Dependesse Disso;;A-;manipulacao
Chris Voss;A negociação começa quando você entende a visão do outro lado.;Negocie Como Se Sua Vida Dependesse Disso;;A-;manipulacao
Marshall Rosenberg;A comunicação alienante da vida nos afasta da compaixão.;Comunicação Não-Violenta;;A-;manipulacao
Marshall Rosenberg;A violência surge quando não reconhecemos a humanidade do outro.;Comunicação Não-Violenta;;A-;manipulacao
Marshall Rosenberg;Expressar sentimentos e necessidades permite conexões mais profundas.;Comunicação Não-Violenta;;A-;manipulacao
Marshall Rosenberg;Empatia é uma presença completa diante do outro.;Comunicação Não-Violenta;;A-;manipulacao
Daniel Goleman;A empatia é compreender os sentimentos e perspectivas dos outros.;Inteligência Emocional;;A-;manipulacao
Daniel Goleman;A liderança depende mais da inteligência emocional do que apenas da capacidade intelectual.;Inteligência Emocional;;A-;manipulacao
Dale Carnegie;A maneira de conseguir que alguém faça algo é fazer com que essa pessoa queira fazê-lo.;Como Fazer Amigos e Influenciar Pessoas;;A;manipulacao
Dale Carnegie;Desperte na outra pessoa um desejo sincero de realizar algo.;Como Fazer Amigos e Influenciar Pessoas;;A;manipulacao
Aristóteles;O discurso persuasivo deve considerar tanto a razão quanto as emoções.;Retórica, I, 2;;A;manipulacao
Aristóteles;A retórica é a capacidade de descobrir os meios de persuasão disponíveis em cada caso.;Retórica, I, 2;;A;manipulacao
Aristóteles;O caráter do orador é quase o meio mais importante de persuasão.;Retórica, I, 2;;A;manipulacao
Aristóteles;"Não basta saber o que dizer; é preciso saber como dizer.";Retórica, I, 2;;A;manipulacao
Aristóteles;O homem é mais persuadido por aquilo que parece verdadeiro do que por aquilo que simplesmente é afirmado.;Retórica, I–II;;A;manipulacao
Aristóteles;As emoções alteram nossos julgamentos.;Retórica, I–II;;A;manipulacao
Cícero;O orador perfeito deve instruir, agradar e convencer.;Sobre o Orador (De Oratore), II;;A;manipulacao
Cícero;A eloquência é a sabedoria falando com habilidade.;Sobre o Orador (De Oratore), II;;A;manipulacao
Cícero;A memória, a voz e a ação são partes essenciais da arte de falar.;Sobre o Orador (De Oratore), II;;A;manipulacao
Tristan Harris;O que limita a humanidade hoje não é apenas a informação disponível, mas a nossa capacidade de atenção.;Palestra registrada;;A;manipulacao
Tristan Harris;Muitas tecnologias são construídas para competir pela atenção humana.;Palestra registrada;;A;manipulacao
Tristan Harris;A forma como uma tecnologia é projetada influencia a maneira como as pessoas se comportam.;Palestra registrada;;A;manipulacao
Tristan Harris;O design de uma plataforma pode criar hábitos e padrões de comportamento.;Palestra registrada;;A;manipulacao
Marshall McLuhan;Os meios de comunicação moldam os processos sociais e psicológicos dos indivíduos.;Os Meios de Comunicação como Extensões do Homem;;A-;manipulacao
Marshall McLuhan;A tecnologia cria novos ambientes que transformam nossa forma de perceber o mundo.;Os Meios de Comunicação como Extensões do Homem;;A-;manipulacao
Guy Debord;O espetáculo apresenta-se como uma enorme positividade, indiscutível e inacessível.;A Sociedade do Espetáculo;;A-;manipulacao
Guy Debord;A vida social moderna é mediada por imagens e representações.;A Sociedade do Espetáculo;;A-;manipulacao
Robert Cialdini;O princípio da autoridade mostra que as pessoas tendem a seguir aqueles que percebem como especialistas ou legítimos.;As Armas da Persuasão;;A-;manipulacao
Robert Cialdini;O compromisso e a consistência são forças importantes no comportamento humano.;As Armas da Persuasão;;A-;manipulacao
Robert Cialdini;As pessoas procuram atalhos para tomar decisões em ambientes complexos.;As Armas da Persuasão;;A-;manipulacao
Robert Cialdini;A prova social influencia nossas escolhas porque usamos o comportamento dos outros como referência.;As Armas da Persuasão;;A-;manipulacao
Daniel Goleman;A empatia é uma habilidade fundamental para compreender e influenciar relações humanas.;Inteligência Emocional;;A-;manipulacao
Daniel Goleman;As emoções podem orientar nossas decisões antes mesmo da razão consciente atuar.;Inteligência Emocional;;A-;manipulacao
Daniel Goleman;A capacidade de lidar com emoções determina como nos relacionamos com os outros.;Inteligência Emocional;;A-;manipulacao
Jonathan Haidt;A mente emocional e a mente racional trabalham juntas, mas a intuição frequentemente vem primeiro.;A Mente Moralista;;A;manipulacao
Dan Ariely;"Nós não somos apenas irracionais; somos previsivelmente irracionais.";Previsivelmente Irracional;;A-;manipulacao
Dan Ariely;Pequenas mudanças no contexto podem alterar significativamente nossas decisões.;Previsivelmente Irracional;;A-;manipulacao
Dan Ariely;A forma como uma escolha é apresentada influencia a decisão tomada.;Previsivelmente Irracional;;A-;manipulacao
Philip Zimbardo;Situações e sistemas podem influenciar pessoas comuns a agir de maneiras inesperadas.;O Efeito Lúcifer e estudos publicados;;A-;manipulacao
Ditado Popular;Cada um colhe aquilo que planta.;;;X;ditados
Ditado Popular;O seguro morreu de velho.;;;X;ditados
Ditado Popular;"O sábio aprende com os erros dos outros; o tolo, com os próprios.";;;X;ditados
Ditado Popular;Macaco velho não põe a mão em cumbuca.;;;X;ditados
Ditado Popular;"Quem quer, dá um jeito; quem não quer, dá uma desculpa.";;;X;ditados
Ditado Popular;Muitos poucos fazem muito.;;;X;ditados
Ditado Popular;Toda caminhada começa com o primeiro passo.;;;X;ditados
Ditado Popular;Quem não trabalha, não come.;;;X;ditados
Ditado Popular;Dinheiro não aceita desaforo.;;;X;ditados
Ditado Popular;Dinheiro na mão é vendaval.;;;X;ditados
Ditado Popular;Quem tudo quer, tudo perde.;;;X;ditados
Ditado Popular;O barato sai caro.;;;X;ditados
Ditado Popular;Quem não sabe administrar pouco, não saberá administrar muito.;;;X;ditados
Ditado Popular;A ocasião faz o ladrão.;;;X;ditados
Ditado Popular;Cada cabeça é um mundo.;;;X;ditados
Ditado Popular;"Amigos, amigos; negócios à parte.";;;X;ditados
Ditado Popular;Quem avisa amigo é.;;;X;ditados
Ditado Popular;Roupa suja se lava em casa.;;;X;ditados
Ditado Popular;O tempo é o melhor remédio.;;;X;ditados
Ditado Popular;A noite é uma criança.;;;X;ditados
Ditado Popular;O tempo perdido não volta.;;;X;ditados
Ditado Popular;Quem espera desespera.;;;X;ditados
Ditado Popular;Quem fala o que quer, ouve o que não quer.;;;X;ditados
Ditado Popular;O silêncio vale mais que mil palavras.;;;X;ditados
Ditado Popular;Nem tudo que parece é.;;;X;ditados
Ditado Popular;Quem vê cara não vê coração.;;;X;ditados
Ditado Popular;A mentira anda, mas a verdade alcança.;;;X;ditados
Ditado Popular;A corda sempre arrebenta do lado mais fraco.;;;X;ditados
Ditado Popular;Quem deve, teme.;;;X;ditados
Ditado Popular;Quem brinca com fogo acaba se queimando.;;;X;ditados
Ditado Popular;Quem cava uma cova para os outros cai nela.;;;X;ditados
Ditado Popular;O feitiço vira contra o feiticeiro.;;;X;ditados
Ditado Popular;Quem planta espinhos não colhe flores.;;;X;ditados
Ditado Popular;A voz da experiência fala mais alto.;;;X;ditados
Ditado Popular;Quem viveu sabe.;;;X;ditados
Ditado Popular;Ninguém ensina o padre-nosso ao vigário.;;;X;ditados
Ditado Popular;Burro velho não aprende caminho novo.;;;X;ditados
Ditado Popular;A raposa sabe mais por velha do que por raposa.;;;X;ditados
Ditado Popular;Não se ensina cachorro velho a latir.;;;X;ditados
Ditado Popular;Quanto maior a árvore, maior o tombo.;;;X;ditados
Ditado Popular;Quem se acha demais acaba caindo.;;;X;ditados
Ditado Popular;Não conte vitória antes da hora.;;;X;ditados
Ditado Popular;O peixe morre pela boca.;;;X;ditados
Ditado Popular;A soberba derruba o homem.;;;X;ditados
Ditado Popular;Quem desdenha quer comprar.;;;X;ditados
Ditado Popular;Não cuspa para cima, pois pode cair em você.;;;X;ditados
Ditado Popular;A sorte favorece os audazes.;;;X;ditados
Ditado Popular;A oportunidade bate uma vez na porta.;;;X;ditados
Ditado Popular;Cavalo dado não se olha os dentes.;;;X;ditados
Ditado Popular;Um raio não cai duas vezes no mesmo lugar.;;;X;ditados
Ditado Popular;Há males que vêm para o bem.;;;X;ditados
Ditado Popular;O que é seu está guardado.;;;X;ditados
Ditado Popular;Mais vale pouco com paz do que muito com guerra.;;;X;ditados
Ditado Popular;Quem tudo quer, nada tem.;;;X;ditados
Ditado Popular;A riqueza não está apenas no dinheiro.;;;X;ditados
Ditado Popular;O pouco com Deus é muito.;;;X;ditados
Ditado Popular;Quem vive de aparência morre de realidade.;;;X;ditados
Ditado Popular;O homem que move uma montanha começa carregando pequenas pedras.;;;X;ditados
Ditado Popular;"Aquele que pergunta é ignorante por cinco minutos; aquele que não pergunta permanece ignorante para sempre.";;;X;ditados
Ditado Popular;Uma flor não faz primavera.;;;X;ditados
Ditado Popular;O sábio adapta-se às circunstâncias, como a água toma a forma do recipiente.;;;X;ditados
Ditado Popular;Quando beber água, lembre-se da fonte.;;;X;ditados
Ditado Popular;O bambu que se curva não quebra.;;;X;ditados
Ditado Popular;A árvore mais alta é atingida primeiro pelo vento.;;;X;ditados
Ditado Popular;Até os macacos caem das árvores.;;;X;ditados
Ditado Popular;Caia sete vezes, levante-se oito.;;;X;ditados
Ditado Popular;A paciência é uma flor que floresce lentamente.;;;X;ditados
Ditado Popular;O prego que se destaca recebe a martelada.;;;X;ditados
Ditado Popular;A dificuldade é uma oportunidade para crescer.;;;X;ditados
Ditado Popular;O excesso de confiança é o caminho para o erro.;;;X;ditados
Ditado Popular;Antes de tentar controlar o mundo, controle a si mesmo.;;;X;ditados
Ditado Popular;A pressa destrói aquilo que a paciência constrói.;;;X;ditados
Ditado Popular;A árvore que dá frutos recebe pedras.;;;X;ditados
Ditado Popular;A verdade pode andar devagar, mas nunca perde o caminho.;;;X;ditados
Ditado Popular;O rio corta a pedra não pela força, mas pela persistência.;;;X;ditados
Ditado Popular;"A mente é tudo; aquilo que pensamos, nos tornamos.";;;X;ditados
Ditado Popular;Quem procura um amigo sem defeitos ficará sem amigos.;;;X;ditados
Ditado Popular;O silêncio é a resposta para muitas perguntas.;;;X;ditados
Ditado Popular;O homem é inimigo daquilo que ignora.;;;X;ditados
Ditado Popular;"Aquele que tem saúde tem esperança; aquele que tem esperança tem tudo.";;;X;ditados
Ditado Popular;Uma mão sozinha não bate palmas.;;;X;ditados
Ditado Popular;Aquele que cava um poço para outro pode cair nele.;;;X;ditados
Ditado Popular;O segredo de uma casa está no coração de seus moradores.;;;X;ditados
Ditado Popular;O conhecimento é uma riqueza que acompanha seu dono.;;;X;ditados
Ditado Popular;Quando dois elefantes brigam, quem sofre é a grama.;;;X;ditados
Ditado Popular;Uma criança que não é abraçada pela aldeia irá queimá-la para sentir seu calor.;;;X;ditados
Ditado Popular;A chuva não cai apenas sobre uma árvore.;;;X;ditados
Ditado Popular;"Aquele que aprende ensina; aquele que ensina aprende.";;;X;ditados
Ditado Popular;A união transforma pequenas forças em grande poder.;;;X;ditados
Ditado Popular;O hábito não faz o monge.;;;X;ditados
Ditado Popular;A ordem é metade da vida.;;;X;ditados
Ditado Popular;Devagar e com firmeza se chega longe.;;;X;ditados
Ditado Popular;Confiança é boa, controle é melhor.;;;X;ditados
Ditado Popular;A vida ensina mais que qualquer livro.;;;X;ditados
Ditado Popular;Ninguém atravessa o rio duas vezes da mesma maneira.;;;X;ditados
Ditado Popular;O tempo revela tudo.;;;X;ditados
Ditado Popular;Tudo passa, tanto o bom quanto o ruim.;;;X;ditados
Ditado Popular;Depois da chuva vem o sol.;;;X;ditados
Ditado Popular;A vida dá voltas.;;;X;ditados
Ditado Popular;Quem vive de passado é museu.;;;X;ditados
Ditado Popular;A caminhada é longa, mas o primeiro passo é necessário.;;;X;ditados
Ditado Popular;A vida não é medida pelo tempo, mas pelos momentos.;;;X;ditados
Ditado Popular;Quem tem pressa tropeça.;;;X;ditados
Ditado Popular;A experiência é uma escola onde ninguém se forma.;;;X;ditados
Ditado Popular;O homem aprende enquanto vive.;;;X;ditados
Ditado Popular;O amor é cego.;;;X;ditados
Ditado Popular;Na alegria e na tristeza se conhece o verdadeiro amigo.;;;X;ditados
Ditado Popular;Quem semeia carinho colhe afeto.;;;X;ditados
Ditado Popular;Palavras bonitas não substituem atitudes.;;;X;ditados
Ditado Popular;O amor verdadeiro aparece nas pequenas coisas.;;;X;ditados
Ditado Popular;A distância fortalece alguns laços e revela outros.;;;X;ditados
Ditado Popular;O coração tem razões que a razão desconhece.;;;X;ditados
Ditado Popular;"O inteligente aprende com seus erros; o sábio aprende com os erros dos outros.";;;X;ditados
Ditado Popular;O conhecimento não ocupa espaço.;;;X;ditados
Ditado Popular;O silêncio é a resposta dos sábios.;;;X;ditados
Ditado Popular;A inteligência está em saber quando falar e quando calar.;;;X;ditados
Ditado Popular;Um homem sábio muda de opinião quando aprende algo novo.;;;X;ditados
Ditado Popular;Aquele que pensa antes de agir evita muitos arrependimentos.;;;X;ditados
Ditado Popular;A experiência é a mãe da sabedoria.;;;X;ditados
Ditado Popular;Nem sempre quem fala mais sabe mais.;;;X;ditados
Ditado Popular;A mente é como um paraquedas: funciona melhor aberta.;;;X;ditados
Ditado Popular;"O ignorante afirma; o sábio questiona.";;;X;ditados
Ditado Popular;"Quem pergunta aprende; quem presume erra.";;;X;ditados
Ditado Popular;A sabedoria vale mais que ouro.;;;X;ditados
Ditado Popular;Dinheiro não traz felicidade, mas ajuda a evitar muitos problemas.;;;X;ditados
Ditado Popular;Quem poupa quando tem, não sofre quando falta.;;;X;ditados
Ditado Popular;Dinheiro bem administrado cresce.;;;X;ditados
Ditado Popular;Nem tudo que é caro é valioso.;;;X;ditados
Ditado Popular;Quem compra o que não precisa vende o que precisa.;;;X;ditados
Ditado Popular;"O dinheiro perdido pode voltar; o tempo perdido não.";;;X;ditados
Ditado Popular;A avareza destrói a riqueza.;;;X;ditados
Ditado Popular;A ganância cega o homem.;;;X;ditados
Ditado Popular;O rico não é aquele que tem muito, mas aquele que precisa de pouco.;;;X;ditados
Ditado Popular;Quem não cuida dos pequenos valores nunca terá grandes valores.;;;X;ditados
Ditado Popular;Quem não enfrenta seus medos nunca descobre sua força.;;;X;ditados
Ditado Popular;"O medo bate à porta; a coragem responde.";;;X;ditados
Ditado Popular;Grandes conquistas exigem grandes desafios.;;;X;ditados
Ditado Popular;O ferro é forjado no fogo.;;;X;ditados
Ditado Popular;Mar calmo nunca fez bom marinheiro.;;;X;ditados
Ditado Popular;Quem enfrenta a montanha aprende seu tamanho.;;;X;ditados
Ditado Popular;A sorte ajuda os corajosos.;;;X;ditados
Ditado Popular;O caminho difícil costuma levar aos melhores lugares.;;;X;ditados
Ditado Popular;A humildade é a maior das virtudes.;;;X;ditados
Ditado Popular;Quanto mais alto o homem sobe, mais humilde deve permanecer.;;;X;ditados
Ditado Popular;Árvore que dá fruto baixa os galhos.;;;X;ditados
Ditado Popular;O verdadeiro sábio sabe que sempre tem algo a aprender.;;;X;ditados
Ditado Popular;Quem se acha superior já começou a cair.;;;X;ditados
Ditado Popular;A arrogância fecha portas que a humildade abre.;;;X;ditados
Ditado Popular;O orgulho precede a queda.;;;X;ditados
Ditado Popular;Grandes homens são conhecidos pela humildade.;;;X;ditados
Ditado Popular;Quem precisa provar que é grande geralmente não é.;;;X;ditados
Ditado Popular;As atitudes mostram quem somos.;;;X;ditados
Ditado Popular;Sangue é mais forte que água.;;;X;ditados
Ditado Popular;Casa de ferreiro, espeto de pau.;;;X;ditados
Ditado Popular;Os filhos são o reflexo dos pais.;;;X;ditados
Ditado Popular;Quem planta amor dentro de casa colhe respeito.;;;X;ditados
Ditado Popular;Uma casa dividida não permanece de pé.;;;X;ditados
Ditado Popular;A família é onde a vida começa e o amor nunca termina.;;;X;ditados
Ditado Popular;Quem não valoriza suas raízes perde sua história.;;;X;ditados
Ditado Popular;Mãe é uma só.;;;X;ditados
Ditado Popular;Filho criado, trabalho dobrado.;;;X;ditados
Ditado Popular;Cada família tem seus segredos.;;;X;ditados
Ditado Popular;Em briga de marido e mulher, ninguém mete a colher.;;;X;ditados
Ditado Popular;Amigo é aquele que está junto na dificuldade.;;;X;ditados
Ditado Popular;Amigos verdadeiros são poucos.;;;X;ditados
Ditado Popular;É na dificuldade que se conhece o amigo.;;;X;ditados
Ditado Popular;Quem tem um amigo tem um tesouro.;;;X;ditados
Ditado Popular;Amigo de verdade não abandona.;;;X;ditados
Ditado Popular;Confiança perdida nunca volta igual.;;;X;ditados
Ditado Popular;Quem muito confia, às vezes se decepciona.;;;X;ditados
Ditado Popular;A falsidade aparece quando o interesse acaba.;;;X;ditados
Ditado Popular;Mais vale um amigo sincero que muitos conhecidos.;;;X;ditados
Ditado Popular;Nem todo aquele que sorri é amigo.;;;X;ditados
Ditado Popular;O verdadeiro amigo fala a verdade.;;;X;ditados
Ditado Popular;Quem trabalha colhe frutos.;;;X;ditados
Ditado Popular;Nenhum caminho é longo para quem caminha.;;;X;ditados
Ditado Popular;O esforço de hoje é o resultado de amanhã.;;;X;ditados
Ditado Popular;A preguiça anda devagar, mas a pobreza chega rápido.;;;X;ditados
Ditado Popular;Quem trabalha duro alcança seus objetivos.;;;X;ditados
Ditado Popular;Não existe vitória sem esforço.;;;X;ditados
Ditado Popular;O sucesso vem antes no trabalho do que na sorte.;;;X;ditados
Ditado Popular;Quem faz bem feito faz uma vez só.;;;X;ditados
Ditado Popular;Quem quer liderar precisa saber ouvir.;;;X;ditados
Ditado Popular;Quem manda demais acaba ficando sozinho.;;;X;ditados
Ditado Popular;O bom líder guia pelo exemplo.;;;X;ditados
Ditado Popular;A autoridade vem da confiança.;;;X;ditados
Ditado Popular;Um homem só não faz uma multidão.;;;X;ditados
Ditado Popular;Grandes líderes formam grandes pessoas.;;;X;ditados
Ditado Popular;Quem não sabe obedecer nunca saberá comandar.;;;X;ditados
Ditado Popular;A humildade faz o grande ser maior.;;;X;ditados
Ditado Popular;O sucesso é construído passo a passo.;;;X;ditados
Ditado Popular;A persistência é o caminho do sucesso.;;;X;ditados
Ditado Popular;Toda grande jornada começa com um pequeno passo.;;;X;ditados
Ditado Popular;Quem acredita sempre alcança.;;;X;ditados
Ditado Popular;O impossível é apenas aquilo que ainda não foi tentado.;;;X;ditados
Ditado Popular;A sorte acompanha quem se prepara.;;;X;ditados
Ditado Popular;Quem não desiste chega mais longe.;;;X;ditados
Ditado Popular;Grandes árvores começaram como pequenas sementes.;;;X;ditados
Ditado Popular;A vitória pertence aos perseverantes.;;;X;ditados
Ditado Popular;Quem planta dedicação colhe resultados.;;;X;ditados
Ditado Popular;O segredo do sucesso é continuar tentando.;;;X;ditados
Ditado Popular;Quem cai sete vezes deve levantar oito.;;;X;ditados
Ditado Popular;Não há vitória sem derrotas.;;;X;ditados
Ditado Popular;Depois de uma queda, levante mais forte.;;;X;ditados
Ditado Popular;Perder uma batalha não significa perder a guerra.;;;X;ditados
Ditado Popular;É na dificuldade que se conhece a força.;;;X;ditados
Ditado Popular;As dificuldades fazem o homem crescer.;;;X;ditados
Ditado Popular;A derrota ensina aquilo que a vitória não mostra.;;;X;ditados
Ditado Popular;Quem nunca caiu nunca aprendeu a andar.;;;X;ditados
Ditado Popular;Todo fim pode ser um novo começo.;;;X;ditados
Ditado Popular;O tempo é o senhor da razão.;;;X;ditados
Ditado Popular;Tudo que sobe, um dia desce.;;;X;ditados
Ditado Popular;Nenhuma árvore cresce até o céu.;;;X;ditados
Ditado Popular;O rio encontra seu caminho.;;;X;ditados
Ditado Popular;O tempo revela o verdadeiro valor das coisas.;;;X;ditados
Ditado Popular;A paciência é a chave do paraíso.;;;X;ditados
Ditado Popular;A vida é uma viagem, não apenas um destino.;;;X;ditados
Ditado Popular;Cada estrada tem suas pedras.;;;X;ditados
Ditado Popular;Aquele que anda devagar chega mais longe.;;;X;ditados
Ditado Popular;O sábio sabe que não sabe tudo.;;;X;ditados
Ditado Popular;Uma palavra sábia pode valer mais que mil palavras vazias.;;;X;ditados
Ditado Popular;"Quem escuta aprende; quem fala apenas repete.";;;X;ditados
Ditado Popular;A língua não tem ossos, mas pode quebrar ossos.;;;X;ditados
Ditado Popular;O conhecimento é uma luz na escuridão.;;;X;ditados
Ditado Popular;Uma mente fechada é como uma porta trancada.;;;X;ditados
Ditado Popular;O ignorante despreza aquilo que não conhece.;;;X;ditados
Ditado Popular;"Quem pergunta aprende uma vez; quem observa aprende duas.";;;X;ditados
Ditado Popular;O conhecimento é a única riqueza que cresce quando é dividida.;;;X;ditados
Ditado Popular;A gentileza gera gentileza.;;;X;ditados
Ditado Popular;O amor é a ponte entre os corações.;;;X;ditados
Ditado Popular;A bondade volta para quem a pratica.;;;X;ditados
Ditado Popular;Quem espalha luz não fica no escuro.;;;X;ditados
Ditado Popular;Uma mão lava a outra.;;;X;ditados
Ditado Popular;O bem que se faz retorna.;;;X;ditados
Ditado Popular;A amizade verdadeira não depende da distância.;;;X;ditados
Ditado Popular;Quem corre atrás de tudo pode perder aquilo que já tem.;;;X;ditados
Ditado Popular;A ambição sem limite destrói o homem.;;;X;ditados
Ditado Popular;Quem guarda pouco, junta muito.;;;X;ditados
Ditado Popular;A economia é a mãe da riqueza.;;;X;ditados
Ditado Popular;O dinheiro compra conforto, mas não compra paz.;;;X;ditados
Ditado Popular;O avarento possui dinheiro, mas o dinheiro possui o avarento.;;;X;ditados
Ditado Popular;A riqueza verdadeira está naquilo que ninguém pode tirar.;;;X;ditados
Ditado Popular;A ganância nunca se satisfaz.;;;X;ditados
Ditado Popular;Aquele que não enfrenta a subida nunca conhece o topo.;;;X;ditados
Ditado Popular;A dificuldade revela a força escondida.;;;X;ditados
Ditado Popular;O medo é grande para quem não o enfrenta.;;;X;ditados
Ditado Popular;O guerreiro ferido ainda pode vencer.;;;X;ditados
Ditado Popular;Uma longa caminhada começa com um pequeno passo.;;;X;ditados
Ditado Popular;A persistência vence obstáculos.;;;X;ditados
Ditado Popular;Quem continua caminhando chega ao destino.;;;X;ditados
Ditado Popular;O vento forte revela as raízes da árvore.;;;X;ditados
Ditado Popular;Quanto mais alto o bambu cresce, mais ele se curva.;;;X;ditados
Ditado Popular;O humilde aprende até com uma criança.;;;X;ditados
Ditado Popular;A arrogância derruba o poderoso.;;;X;ditados
Ditado Popular;Quem fala pouco muitas vezes observa muito.;;;X;ditados
Ditado Popular;A honestidade é uma riqueza que não se perde.;;;X;ditados
Ditado Popular;Um homem vale pelo que faz, não pelo que possui.;;;X;ditados
Ditado Popular;A verdadeira grandeza está na simplicidade.;;;X;ditados
Ditado Popular;Aquele que ajuda os outros nunca é pobre.;;;X;ditados
Ditado Popular;O respeito dado volta multiplicado.;;;X;ditados
Ditado Popular;Não conte todos os seus segredos.;;;X;ditados
Ditado Popular;Quem observa antes de agir evita muitos erros.;;;X;ditados
Ditado Popular;A língua pode ser uma espada.;;;X;ditados
Ditado Popular;O silêncio é uma arma poderosa.;;;X;ditados
Ditado Popular;Quem conhece o caminho não teme a estrada.;;;X;ditados
Ditado Popular;Antes de atravessar a ponte, veja se ela suporta seu peso.;;;X;ditados
Ditado Popular;Nem toda batalha merece ser lutada.;;;X;ditados
Ditado Popular;A melhor vitória é aquela que evita a guerra.;;;X;ditados
Ditado Popular;Quem pensa antes de agir sofre menos depois.;;;X;ditados
Marco Aurélio;Não desperdice o resto da sua vida imaginando o que os outros estão fazendo.;Meditações, Livro III;;A;reflexao
Blaise Pascal;Toda a infelicidade dos homens vem de uma só coisa: não saberem ficar quietos num quarto.;Pensamentos, 139;;A;reflexao
Henry David Thoreau;Fui para os bosques porque queria viver deliberadamente, enfrentar apenas os fatos essenciais da vida.;Walden;;A;reflexao
Sócrates;Uma vida não examinada não merece ser vivida.;Platão, Apologia de Sócrates, 38a;;A;reflexao
Heráclito;Nenhum homem entra duas vezes no mesmo rio, pois não é o mesmo rio e ele não é o mesmo homem.;Fragmentos (Diels-Kranz B49a);;A;reflexao
Fernando Pessoa;Não sou nada. Nunca serei nada. Não posso querer ser nada. À parte isso, tenho em mim todos os sonhos do mundo.;Tabacaria (Álvaro de Campos);;A;reflexao
Clarice Lispector;Estou tão cansada. Cansada não do que faço, mas do que sou.;A Descoberta do Mundo;;A;reflexao
Rainer Maria Rilke;Tenha paciência com tudo que está por resolver em seu coração e tente amar as próprias perguntas.;Cartas a um Jovem Poeta, IV;;A;reflexao
Albert Camus;É preciso imaginar Sísifo feliz.;O Mito de Sísifo;;A;reflexao
Simone Weil;A atenção é a forma mais rara e mais pura de generosidade.;Carta a Joë Bousquet, 1942;;A;reflexao
Viktor Frankl;"Entre o estímulo e a resposta existe um espaço; nesse espaço está nosso poder de escolher a resposta.";Em Busca de Sentido;;A;reflexao
Confúcio;"Quando vires um homem de valor, procura igualar-te a ele; quando vires um homem sem valor, examina-te por dentro.";Analectos, IV, 17;;A;reflexao
Hannah Arendt;Ninguém tem o direito de obedecer.;Entrevista, 1964;;A;reflexao
Machado de Assis;Ao vencedor, as batatas.;Quincas Borba;;A;reflexao
Guimarães Rosa;O que a vida quer da gente é coragem.;Grande Sertão: Veredas;;A;reflexao
Guimarães Rosa;Viver é muito perigoso.;Grande Sertão: Veredas;;A;reflexao
Manuel Bandeira;A vida inteira que podia ter sido e que não foi.;Pneumotórax;;A;reflexao
Cecília Meireles;Liberdade — essa palavra que o sonho humano alimenta: que não há ninguém que explique, e ninguém que não entenda.;Romanceiro da Inconfidência;;A;reflexao
Michel Foucault;Não me pergunte quem sou e não me diga para permanecer o mesmo.;A Arqueologia do Saber;;A;reflexao
Kahlil Gibran;Vossos filhos não são vossos filhos. São filhos e filhas da vida ansiando por si mesma.;"O Profeta, ""Dos Filhos""";;A;familia
Kahlil Gibran;Podeis abrigar seus corpos, mas não suas almas, pois elas moram na casa do amanhã.;"O Profeta, ""Dos Filhos""";;A;familia
Confúcio;A força de uma nação deriva da integridade dos seus lares.;Analectos;;A;familia
Carl Gustav Jung;Nada influencia tanto uma criança quanto a vida não vivida dos seus pais.;O Desenvolvimento da Personalidade;;A;familia
Maria Montessori;A criança é o pai do homem: ela constrói o adulto que virá.;A Mente Absorvente;;A;familia
Charles Dickens;Nunca fechem o coração de vocês para aqueles que já os amaram primeiro.;David Copperfield;;A;familia
Jane Austen;Não há nada como ficar em casa para o verdadeiro conforto.;Emma;;A;familia
Erich Fromm;"O amor da mãe é paz; não precisa ser conquistado, não precisa ser merecido.";A Arte de Amar;;A;familia
Erich Fromm;O amor imaturo diz: amo você porque preciso de você. O amor maduro diz: preciso de você porque amo você.;A Arte de Amar;;A;familia
Nelson Mandela;Não pode haver revelação mais nítida da alma de uma sociedade do que a forma como trata suas crianças.;Discurso no lançamento do Nelson Mandela Children’s Fund, 1995;;A;familia
Fiódor Dostoiévski;Não há nada mais elevado, mais forte, mais sadio e mais útil na vida futura do que uma boa lembrança da infância.;Os Irmãos Karamázov;;A;familia
Graciliano Ramos;Se tivessem estudado, poderiam morar numa casa de verdade.;Vidas Secas;;A;familia
Sófocles;Os filhos são as âncoras que prendem a mãe à vida.;Fedra (fragmento);;A;familia
Marco Aurélio;Ao acordar pela manhã, lembre-se de que estará lidando com pessoas — e ainda assim são seus parentes.;Meditações, Livro II;;A;familia
Anne Frank;"Os pais só podem dar bons conselhos; a formação final do caráter de uma pessoa está em suas próprias mãos.";O Diário de Anne Frank;;A;familia
Bertrand Russell;A afeição paterna é diferente de qualquer outra: é dada a quem ainda nada fez para merecê-la.;A Conquista da Felicidade;;A;familia
William Shakespeare;Quanto mais eu te dou, mais tenho, pois ambos são infinitos.;Romeu e Julieta, Ato II;;A;amor
Kahlil Gibran;Amai-vos um ao outro, mas não façais do amor um grilhão.;"O Profeta, ""Do Casamento""";;A;amor
Kahlil Gibran;Ficai juntos, mas não muito próximos: as colunas do templo se erguem separadas.;"O Profeta, ""Do Casamento""";;A;amor
Erich Fromm;"O amor não é primariamente uma relação com uma pessoa específica; é uma atitude diante do mundo.";A Arte de Amar;;A;amor
Erich Fromm;"O amor é uma atividade, não um afeto passivo; é dar, não receber.";A Arte de Amar;;A;amor
Jane Austen;Você me enfeitiçou de corpo e alma, e eu amo, amo, amo você.;Orgulho e Preconceito;;A;amor
Vinicius de Moraes;Que não seja imortal, posto que é chama, mas que seja infinito enquanto dure.;Soneto de Fidelidade;;A;amor
Carlos Drummond de Andrade;O amor é um sentimento que precisa de uma casa para morar.;Amar se Aprende Amando;;A;amor
Luís de Camões;"Amor é fogo que arde sem se ver; é ferida que dói e não se sente.";Soneto;;A;amor
Clarice Lispector;Amar é não pedir explicações. É se dar por inteiro.;Um Sopro de Vida;;A;amor
Victor Hugo;A maior felicidade da vida é a convicção de que somos amados.;Os Miseráveis;;A;amor
bell hooks;O amor é um ato de vontade: tanto uma intenção quanto uma ação.;Tudo sobre o Amor;;A;amor
bell hooks;Quando amamos de verdade, o abuso não tem lugar.;Tudo sobre o Amor;;A;amor
Emily Dickinson;Que eu não tenha vivido em vão: se eu puder aliviar uma vida sofredora.;Poema 919;;A;amor
Rumi;Tua tarefa não é buscar o amor, mas apenas procurar e encontrar todas as barreiras que ergueste contra ele.;Masnavi;;A;amor
Platão;O amor nasce da falta e é filho da abundância e da pobreza.;O Banquete, 203b;;A;amor
Simone de Beauvoir;O amor autêntico deveria fundar-se no reconhecimento recíproco de duas liberdades.;O Segundo Sexo;;A;amor
Rainer Maria Rilke;"Deixe tudo acontecer com você: a beleza e o terror. Basta seguir em frente; nenhum sentimento é definitivo.";O Livro das Horas;;A;conforto
Sêneca;Não há vento favorável para quem não sabe a que porto se dirige — mas há sempre porto.;Cartas a Lucílio, LXXI;;A;conforto
Maya Angelou;Ainda assim, eu me levanto.;And Still I Rise;;A;conforto
C. S. Lewis;A dor é o megafone de que Deus se serve para despertar um mundo surdo.;O Problema do Sofrimento;;A;conforto
C. S. Lewis;Ninguém me disse que o luto fosse tão parecido com o medo.;A Anatomia de uma Dor;;A;conforto
Helen Keller;Nunca se pode consentir em rastejar quando se sente o impulso de voar.;The Story of My Life;;A;conforto
Anne Frank;Apesar de tudo, ainda acredito que as pessoas são realmente boas de coração.;O Diário de Anne Frank, 15/07/1944;;A;conforto
Thich Nhat Hanh;"Não há caminho para a paz; a paz é o caminho.";Being Peace;;A;conforto
Thich Nhat Hanh;Sinta-se em casa no momento presente: só ele está realmente disponível.;O Milagre da Atenção Plena;;A;conforto
Buda;"A raiva é como segurar uma brasa com a intenção de atirá-la em alguém; você é quem se queima.";Tradição atribuída ao cânone páli;;A;conforto
Cora Coralina;Mesmo quando tudo parece desabar, cabe a mim decidir entre rir ou chorar, ir ou ficar.;Vintém de Cobre;;A;conforto
Fiódor Dostoiévski;A dor e o sofrimento são sempre inevitáveis para uma inteligência ampla e um coração profundo.;Crime e Castigo;;A;conforto
Carl Rogers;O fato curioso é que ser plenamente ouvido é, em si, uma forma de cura.;Tornar-se Pessoa;;A;conforto
Winston Churchill;Não temos nada a oferecer senão sangue, esforço, lágrimas e suor.;Discurso na Câmara dos Comuns, 13/05/1940;;A;dificeis
Nelson Mandela;A maior glória não está em nunca cair, mas em levantar-se cada vez que caímos.;Longo Caminho para a Liberdade;;A;dificeis
Sêneca;"O fogo prova o ouro; a adversidade, os homens fortes.";Sobre a Providência, V;;A;dificeis
Graciliano Ramos;Estavam agarrados àquela vida como o casco duro se agarra à casca da árvore.;Vidas Secas;;A;dificeis
Frida Kahlo;No fim das contas, podemos aguentar muito mais do que pensamos que podemos.;O Diário de Frida Kahlo;;A;dificeis
Malala Yousafzai;Eles pensaram que as balas nos silenciariam, mas falharam.;Discurso na ONU, 12/07/2013;;A;dificeis
Primo Levi;Vocês que vivem seguros em suas casas aquecidas: considerem se isto é um homem.;É Isto um Homem?;;A;dificeis
Edith Eger;Podemos escolher ser nossos próprios carcereiros ou nossos próprios libertadores.;A Bailarina de Auschwitz;;A;dificeis
Ernest Hemingway;O mundo quebra todo mundo, e depois muitos ficam fortes nos lugares quebrados.;Adeus às Armas;;A;dificeis
Simone Weil;A aflição obriga a reconhecer como real aquilo que não se acredita possível.;A Gravidade e a Graça;;A;dificeis
Albert Camus;Em plena desgraça, o desejo de viver continua a ser a mais forte das paixões.;O Mito de Sísifo;;A;dificeis
Epicuro;A riqueza consiste não em ter grandes posses, mas em ter poucas necessidades.;Carta a Meneceu;;A;gratidao
Robert Emmons;A gratidão é o reconhecimento de que a bondade que recebemos vem, em parte, de fora de nós.;Thanks! How Practicing Gratitude Can Make You Happier;;A;gratidao
G. K. Chesterton;"Quando estamos gratos, ficamos mais felizes; a gratidão é a felicidade dobrada pelo espanto.";A Short History of England;;A;gratidao
Cora Coralina;Recria tua vida, sempre, sempre. Remove pedras e planta roseiras e faz doces. Recomeça.;Vintém de Cobre;;A;gratidao
Thich Nhat Hanh;"Andar na terra é um milagre; não precisamos caminhar sobre as águas.";O Milagre da Atenção Plena;;A;gratidao
Marco Aurélio;Ao amanhecer, quando lhe custar sair da cama, diga a si mesmo: acordo para fazer o trabalho de um ser humano.;Meditações, Livro V;;A;gratidao
Helen Keller;Mantenha o rosto voltado para o sol e você não verá as sombras.;The Open Door;;A;gratidao
Rubem Alves;A alegria não chega apenas do encontro do achado, mas faz parte do processo da busca.;A Alegria de Ensinar;;A;gratidao
John Dewey;"A educação não é preparação para a vida; a educação é a própria vida.";Democracia e Educação;;A;educacao
Maria Montessori;Ajude-me a fazer sozinho.;A Descoberta da Criança;;A;educacao
Darcy Ribeiro;"A crise da educação no Brasil não é uma crise; é um projeto.";Atribuído em entrevistas e registrado em O Povo Brasileiro;;A;educacao
bell hooks;A sala de aula continua sendo o espaço mais radical de possibilidade na academia.;Ensinando a Transgredir;;A;educacao
Booker T. Washington;A excelência é fazer uma coisa comum de um modo incomum.;Up from Slavery;;A;educacao
Carl Rogers;A única aprendizagem que influencia significativamente o comportamento é a autodescoberta.;Tornar-se Pessoa;;A;educacao
Peter Drucker;Não existe nada tão inútil quanto fazer com grande eficiência algo que não deveria ser feito.;Managing for Business Effectiveness, HBR 1963;;A;negocios
W. Edwards Deming;Oitenta e cinco por cento das razões do fracasso estão no sistema, não no empregado.;Out of the Crisis;;A;negocios
Clayton Christensen;As empresas de sucesso falham justamente porque fazem tudo certo para seus clientes atuais.;O Dilema da Inovação;;A;negocios
Jim Collins;Primeiro quem, depois o quê: coloque as pessoas certas no ônibus.;Empresas Feitas para Vencer;;A;negocios
Sam Walton;Só existe um chefe: o cliente. Ele pode demitir todo mundo na empresa simplesmente gastando seu dinheiro em outro lugar.;Sam Walton: Made in America;;A;negocios
Reed Hastings;Somos um time, não uma família.;A Regra é Não Ter Regras;;A;negocios
Luiza Trajano;Gente que cuida de gente: essa é a essência do nosso negócio.;Entrevista registrada;;A;negocios
Jack Welch;Se a taxa de mudança lá fora exceder a de dentro, o fim está próximo.;Winning;;A;negocios
Tom Peters;Se as coisas não estão fracassando, você não está inovando o suficiente.;Em Busca da Excelência;;A;negocios
Platão;A ignorância, raiz e caule de todo mal.;O Banquete;;A;filosofos
Immanuel Kant;Age de tal modo que a máxima da tua ação possa valer como lei universal.;Fundamentação da Metafísica dos Costumes;;A;filosofos
Immanuel Kant;Esclarecimento é a saída do homem de sua menoridade, da qual ele próprio é culpado.;Resposta à Pergunta: Que é Esclarecimento?;;A;filosofos
Baruch Spinoza;Não rir, não lamentar, não detestar, mas compreender.;Tratado Político, I, 4;;A;filosofos
Lao Tsé;Nada no mundo é mais mole que a água, e no entanto nada a supera para desgastar o que é duro.;Tao Te Ching, 78;;A;filosofos
Hannah Arendt;A banalidade do mal: o mal extremo pode ser praticado por pessoas comuns que deixaram de pensar.;Eichmann em Jerusalém;;A;filosofos
Michel de Montaigne;O mais alto grau de sabedoria é uma alegria constante.;Ensaios;;A;filosofos
Carl Gustav Jung;Não me torno iluminado imaginando figuras de luz, mas tornando consciente a escuridão.;Estudos Alquímicos;;A;autorreconhecimento
Carl Gustav Jung;Até que você torne o inconsciente consciente, ele dirigirá sua vida e você o chamará de destino.;Aion;;A;autorreconhecimento
Fernando Pessoa;O poeta é um fingidor. Finge tão completamente que chega a fingir que é dor a dor que deveras sente.;Autopsicografia;;A;autorreconhecimento
Maya Angelou;Não há agonia maior do que carregar dentro de si uma história não contada.;Eu Sei Por Que o Pássaro Canta na Gaiola;;A;autorreconhecimento
Clarice Lispector;Eu sou uma pergunta.;A Paixão Segundo G.H.;;A;autorreconhecimento
Audre Lorde;Cuidar de mim não é autoindulgência, é autopreservação — e isso é um ato de guerra política.;A Burst of Light;;A;autorreconhecimento
Virginia Woolf;Não há barreira, tranca ou ferrolho que você possa impor à liberdade da minha mente.;Um Teto Todo Seu;;A;autorreconhecimento
Carl Rogers;O que sou é bom o bastante, se eu apenas for isso abertamente.;Tornar-se Pessoa;;A;autorreconhecimento
Aristóteles;A amizade é uma alma que habita dois corpos.;Atribuído por Diógenes Laércio, Vidas dos Filósofos, V;;A;amizade
Michel de Montaigne;Se me perguntarem por que o amava, sinto que só posso responder: porque era ele, porque era eu.;"Ensaios, Livro I, XXVIII, ""Da Amizade""";;A;amizade
C. S. Lewis;A amizade nasce naquele momento em que uma pessoa diz a outra: como, você também? Pensei que fosse só eu.;Os Quatro Amores;;A;amizade
Ralph Waldo Emerson;O único modo de ter um amigo é ser um.;"Ensaios: Primeira Série, ""Amizade""";;A;amizade
Sêneca;"Considere longamente se deve admitir alguém à amizade; mas, feito isso, acolha-o de todo o coração.";Cartas a Lucílio, III;;A;amizade
Machado de Assis;Não há amizade que resista à ausência de estima.;Memórias Póstumas de Brás Cubas;;A;amizade
Provérbios 17:17;Em todo tempo ama o amigo, e na angústia nasce o irmão.;Bíblia, Provérbios 17:17;;A;amizade
Confúcio;Não tenhas amigos que não sejam iguais a ti mesmo.;Analectos, I, 8;;A;amizade
Bertrand Russell;"A felicidade não cai do céu; deve ser conquistada.";A Conquista da Felicidade;;A;felicidade
Bertrand Russell;De todas as formas de cautela, a cautela no amor é talvez a mais fatal à verdadeira felicidade.;A Conquista da Felicidade;;A;felicidade
Martin Seligman;A vida feliz não é a vida agradável, mas a vida com engajamento e sentido.;Felicidade Autêntica;;A;felicidade
Dalai Lama;A felicidade não é algo pronto: ela vem das suas próprias ações.;A Arte da Felicidade;;A;felicidade
Sêneca;Ninguém é feliz senão quem julga que é.;Cartas a Lucílio, IX;;A;felicidade
Mário Quintana;A vida é uma sucessão de dias parecidos, e às vezes acontece um milagre.;Caderno H;;A;felicidade
Sêneca;Aprender a viver leva a vida inteira e, o que talvez te espante, leva a vida inteira aprender a morrer.;Sobre a Brevidade da Vida, VII;;A;vida
Leon C. Megginson;Não é o mais forte que sobrevive, nem o mais inteligente, mas o que melhor se adapta às mudanças.;Southwestern Social Science Quarterly, 1963 — paráfrase de A Origem das Espécies, não texto de Darwin;;A;vida
Guimarães Rosa;O mais importante e bonito, do mundo, é isto: que as pessoas não estão sempre iguais, ainda não foram terminadas.;Grande Sertão: Veredas;;A;vida
Theodore Roosevelt;O crédito pertence a quem está na arena, com o rosto sujo de poeira, suor e sangue.;"Discurso ""Citizenship in a Republic"", Sorbonne, 1910";;A;motivacao
Ayrton Senna;Se você quer se tornar um campeão, não pode aceitar ser o segundo.;Entrevista registrada;;A;motivacao
Thomas Edison;"Não fracassei; apenas descobri dez mil maneiras que não funcionam.";;Registrada como fala de Edison na biografia autorizada escrita por Frank Lewis Dyer e Thomas Commerford Martin, publicada em 1910. É relato de terceiros, não texto do próprio Edison, mas a fonte é contemporânea e identificável.;A;motivacao
Vince Lombardi;A diferença entre uma pessoa bem-sucedida e as outras não é falta de força nem de conhecimento, mas de vontade.;What It Takes to Be Number One;;A;motivacao
Carol Dweck;Ainda não é a palavra mais poderosa que uma pessoa pode aprender a dizer sobre si mesma.;Mindset: A Nova Psicologia do Sucesso;;A;motivacao
Warren Buffett;"Preço é o que você paga; valor é o que você leva.";Carta aos acionistas da Berkshire Hathaway, 2008;;A;financas
Benjamin Graham;"No curto prazo o mercado é uma máquina de votação; no longo prazo, uma balança.";O Investidor Inteligente;;A;financas
John Bogle;Não procure a agulha no palheiro. Compre o palheiro inteiro.;O Pequeno Livro do Investimento de Bom Senso;;A;financas
Morgan Housel;Ser razoável é melhor do que ser racional quando se trata de dinheiro.;A Psicologia Financeira;;A;financas
Morgan Housel;A maior riqueza é o que você não vê: é o carro que não foi comprado.;A Psicologia Financeira;;A;financas
Charlie Munger;A primeira regra da capitalização: nunca a interrompa desnecessariamente.;Poor Charlie’s Almanack;;A;financas
Benjamin Franklin;Um investimento em conhecimento paga os melhores juros.;The Way to Wealth;;A;financas
George S. Clason;Uma parte de tudo o que você ganha é sua para guardar.;O Homem Mais Rico da Babilônia;;A;financas
Nassim Nicholas Taleb;Não atravesse um rio que tem, em média, um metro e meio de profundidade.;A Lógica do Cisne Negro;;A;financas
Lao Tsé;"O melhor líder é aquele cuja existência mal é notada; quando o trabalho termina, o povo diz: fomos nós que fizemos.";Tao Te Ching, 17;;A;lideranca
Nelson Mandela;É melhor liderar por trás e colocar os outros à frente, sobretudo quando se celebra a vitória.;Longo Caminho para a Liberdade;;A;lideranca
Colin Powell;A liderança é resolver problemas. No dia em que os soldados param de trazer seus problemas, você deixou de liderá-los.;My American Journey;;A;lideranca
Mary Parker Follett;Liderança não é definida pelo exercício do poder, mas pela capacidade de aumentar o senso de poder dos liderados.;Dynamic Administration;;A;lideranca
John Wooden;Nunca confunda atividade com realização.;Wooden on Leadership;;A;lideranca
Abraham Lincoln;Um governo do povo, pelo povo, para o povo, não desaparecerá da face da Terra.;Discurso de Gettysburg, 19/11/1863;;A;politica
Winston Churchill;A democracia é a pior forma de governo, com exceção de todas as outras já tentadas.;Discurso na Câmara dos Comuns, 11/11/1947;;A;politica
Rui Barbosa;De tanto ver triunfar as nulidades, o homem chega a desanimar-se da virtude.;Oração aos Moços;;A;politica
Hannah Arendt;A liberdade política é o direito de participar do governo — ou não é nada.;Sobre a Revolução;;A;politica
Alexis de Tocqueville;"A democracia estende a esfera da independência individual; o socialismo a restringe.";Discurso na Assembleia Constituinte, 1848;;A;politica
Václav Havel;Viver na verdade é a única arma de que dispõe quem não tem poder.;O Poder dos Sem-Poder;;A;politica
Martin Luther King Jr.;A injustiça em qualquer lugar é uma ameaça à justiça em toda parte.;Carta da Prisão de Birmingham, 1963;;A;politica
Simón Bolívar;Um povo ignorante é instrumento cego da própria destruição.;Discurso de Angostura, 1819;;A;politica
Ruth Bader Ginsburg;Lute pelas coisas que lhe são caras, mas faça isso de um jeito que leve os outros a se juntarem a você.;Discurso na Universidade de Stanford, 2017;;A;politica
Mary Wollstonecraft;Não desejo que as mulheres tenham poder sobre os homens, mas sobre si mesmas.;Reivindicação dos Direitos da Mulher;;A;empoderamento
Chimamanda Ngozi Adichie;Devemos criar nossas filhas de outro modo. Devemos também criar nossos filhos de outro modo.;Sejamos Todos Feministas;;A;empoderamento
Chimamanda Ngozi Adichie;O perigo da história única é que ela cria estereótipos, e o problema não é que sejam falsos, mas que sejam incompletos.;O Perigo de uma História Única, TED 2009;;A;empoderamento
Angela Davis;"Não aceito mais as coisas que não posso mudar; estou mudando as coisas que não posso aceitar.";Entrevista registrada;;A;empoderamento
Nísia Floresta;"A instrução é o alimento da alma; sem ela a mulher permanece escrava.";Direitos das Mulheres e Injustiça dos Homens;;A;empoderamento
Simone de Beauvoir;Nenhum destino biológico, psíquico ou econômico define a forma que a fêmea humana assume no seio da sociedade.;O Segundo Sexo;;A;empoderamento
Audre Lorde;As ferramentas do senhor nunca desmontarão a casa-grande.;Irmã Outsider;;A;empoderamento
Wangari Maathai;É o pequeno que as pessoas fazem que faz a diferença.;Unbowed: A Memoir;;A;empoderamento
Robert Cialdini;A regra da reciprocidade diz que devemos retribuir o que outra pessoa nos deu.;As Armas da Persuasão;;A;manipulacao
Robert Cialdini;Quando as pessoas não têm certeza, olham para as ações dos outros para decidir as suas.;As Armas da Persuasão;;A;manipulacao
Dale Carnegie;O nome de uma pessoa é, para ela, o som mais doce e mais importante de qualquer idioma.;Como Fazer Amigos e Influenciar Pessoas;;A;manipulacao
Daniel Kahneman;Nada na vida é tão importante quanto você pensa que é enquanto está pensando nisso.;Rápido e Devagar;;A;manipulacao
Nicolau Maquiavel;Os homens julgam mais pelos olhos do que pelas mãos: todos veem o que você parece, poucos sentem o que você é.;O Príncipe, XVIII;;A;manipulacao
Chris Voss;Não seja direto ao ponto, seja direto à pessoa.;Negocie Como Se Sua Vida Dependesse Disso;;A;manipulacao
Marshall Rosenberg;Tudo o que fazemos é a serviço de nossas necessidades.;Comunicação Não-Violenta;;A;manipulacao
Philip Kotler;Marketing não é a arte de vender o que se produz, mas de saber o que produzir.;Administração de Marketing;;A;empreendedorismo
Theodore Levitt;"As pessoas não querem uma broca de um quarto de polegada; querem um furo de um quarto de polegada.";Atribuído por Levitt a Leo McGivena em A Imaginação de Marketing;;A;empreendedorismo
Eric Ries;Se você não sabe quem é o seu cliente, não sabe o que é qualidade.;A Startup Enxuta;;A;empreendedorismo
Seth Godin;O marketing não trata mais das coisas que você faz, mas das histórias que você conta.;Todo Marqueteiro é um Mentiroso;;A;empreendedorismo
Peter Thiel;A concorrência é para os perdedores: se você quer criar valor duradouro, construa um monopólio.;De Zero a Um;;A;empreendedorismo
Jeff Bezos;Sua marca é o que as pessoas dizem de você quando você não está na sala.;Entrevista registrada;;A;empreendedorismo
Reid Hoffman;Se você não tem vergonha da primeira versão do seu produto, você lançou tarde demais.;"Declaração pública registrada; princípio central em Blitzscaling";;A;empreendedorismo
Fiódor Dostoiévski;A alma se cura ao lado das crianças.;O Idiota;;A;familia
Cícero;Não existe lugar mais agradável do que o próprio lar.;Cartas aos Familiares, IV;;A;familia
Confúcio;A reverência aos pais é a raiz de toda virtude e o tronco de onde brota a educação.;Clássico da Piedade Filial, I;;A;familia
Michel de Montaigne;"Não há afeição mais natural do que a dos pais pelos filhos; e nada é mais raro do que a gratidão dos filhos.";Ensaios, Livro II, VIII;;A;familia
Lev Vygotsky;A criança aprende primeiro entre pessoas e só depois dentro de si mesma.;A Formação Social da Mente;;A;familia
John Bowlby;Um vínculo seguro na infância é a base sobre a qual se constrói a coragem de explorar o mundo.;Uma Base Segura;;A;familia
Maya Angelou;O amor de uma família, a lealdade de uns aos outros, é o que segura um lar de pé.;Carta à Minha Filha;;A;familia
Cora Coralina;Minha casa é a casa do povo. Enquanto eu viver, aqui é a casa de todos.;Vintém de Cobre;;A;familia
Ariano Suassuna;A casa da gente é o lugar onde a gente pode ser bobo à vontade.;Entrevista registrada;;A;familia
Charles Dickens;Nenhum de nós é bom o bastante para o outro, e ainda assim é dentro de casa que aprendemos a tentar.;Grandes Esperanças;;A;familia
Rubem Alves;Ninguém nasce sabendo ser pai ou mãe: aprende-se olhando os filhos.;O Retorno e Terno;;A;familia
Jane Austen;A felicidade no casamento é inteiramente uma questão de sorte — e de conhecer bem o outro antes.;Orgulho e Preconceito;;A;familia
Bertrand Russell;A melhor herança que um pai pode deixar é o hábito de pensar por conta própria.;Sobre Educação;;A;familia
Oscar Wilde;Posso resistir a tudo, exceto à tentação.;O Leque de Lady Windermere (1892), ato I;;A;reflexao
Oscar Wilde;Estamos todos na sarjeta, mas alguns de nós olham para as estrelas.;O Leque de Lady Windermere (1892), ato III;;A;conforto
Oscar Wilde;Não há livro moral ou imoral. Livros são bem escritos ou mal escritos. É só isso.;O Retrato de Dorian Gray (1890), prefácio;;A;vida
Oscar Wilde;Amar a si mesmo é o começo de um romance para a vida inteira.;Uma Mulher Sem Importância (1893), ato III;;A;amor
Mark Twain;Tudo bem, então eu vou para o inferno.;As Aventuras de Huckleberry Finn (1884), capítulo 31;;A;empoderamento
Mark Twain;O homem é o único animal que cora. Ou que precisa disso.;Seguindo o Equador (1897), capítulo 27;;A;reflexao
Mark Twain;A bondade é a linguagem que o surdo pode ouvir e o cego pode ver.;Anotação nos cadernos de Mark Twain (1898);;A;amor
Voltaire;É preciso cultivar o nosso jardim.;Cândido (1759), capítulo 30;;A;vida
Voltaire;Se Deus não existisse, seria preciso inventá-lo.;Epístola ao Autor do Livro dos Três Impostores (1768), verso 22;;A;reflexao
Voltaire;O melhor é inimigo do bom.;Dicionário Filosófico (1764), verbete Arte Dramática;;A;filosofos
Machado de Assis;Ao verme que primeiro roeu as frias carnes do meu cadáver dedico como saudosa lembrança estas Memórias Póstumas.;Memórias Póstumas de Brás Cubas (1881), dedicatória;;A;reflexao
Machado de Assis;Não tive filhos, não transmiti a nenhuma criatura o legado da nossa miséria.;Memórias Póstumas de Brás Cubas (1881), capítulo 160;;A;reflexao
Machado de Assis;A vida é uma ópera e uma grande ópera.;Dom Casmurro (1899), capítulo 9;;A;reflexao
Fernando Pessoa;"Navegar é preciso; viver não é preciso.";Navegar é Preciso, poema atribuído a Álvaro de Campos;;A;empoderamento
Victor Hugo;Nada é mais poderoso do que uma ideia cujo tempo chegou.;História de um Crime (1877), conclusão, capítulo 10;;A;motivacao
Victor Hugo;Ele dorme. Embora sua sorte fosse muito estranha, ele vivia. Morreu quando não teve mais seu anjo.;Os Miseráveis (1862), último capítulo, epitáfio de Jean Valjean;;A;reflexao
Albert Camus;No meio do inverno aprendi enfim que havia em mim um verão invencível.;O Verão (1954), ensaio Regresso a Tipasa;;A;dificeis
Albert Camus;Só há um problema filosófico verdadeiramente sério: o suicídio.;O Mito de Sísifo (1942), primeira linha;;A;filosofos
Friedrich Nietzsche;Quem tem um porquê para viver suporta quase qualquer como.;Crepúsculo dos Ídolos (1888), Máximas e Flechas, 12;;A;vida
Friedrich Nietzsche;Deus está morto. Deus continua morto. E nós o matamos.;A Gaia Ciência (1882), aforismo 125;;A;filosofos
Friedrich Nietzsche;Quem luta contra monstros deve cuidar para não se tornar um monstro.;Além do Bem e do Mal (1886), aforismo 146;;A;reflexao
Friedrich Nietzsche;É preciso ter um caos dentro de si para dar à luz uma estrela dançante.;Assim Falou Zaratustra (1883), prólogo, 5;;A;reflexao
Immanuel Kant;Age apenas segundo a máxima pela qual possas ao mesmo tempo querer que ela se torne lei universal.;Fundamentação da Metafísica dos Costumes (1785), segunda seção;;A;filosofos
Immanuel Kant;Duas coisas enchem o ânimo de admiração sempre nova: o céu estrelado acima de mim e a lei moral dentro de mim.;Crítica da Razão Prática (1788), conclusão;;A;filosofos
Søren Kierkegaard;A vida só pode ser compreendida olhando para trás, mas só pode ser vivida olhando para a frente.;Diários (1843), anotação IV A 164;;A;reflexao
Søren Kierkegaard;A angústia é a vertigem da liberdade.;O Conceito de Angústia (1844), capítulo 4;;A;reflexao
Hannah Arendt;"O mal é extremo, mas nunca radical; só o bem pode ser profundo e radical.";Carta a Gershom Scholem, 24 de julho de 1963;;A;filosofos
Hannah Arendt;O súdito ideal do governo totalitário não é o nazista convicto, mas aquele para quem já não existe distinção entre fato e ficção.;As Origens do Totalitarismo (1951), parte III, capítulo 13;;A;politica
Virginia Woolf;Uma mulher precisa ter dinheiro e um teto todo seu para escrever ficção.;Um Teto Todo Seu (1929), capítulo 1;;A;reflexao
Virginia Woolf;Durante a maior parte da história, Anônimo era uma mulher.;Um Teto Todo Seu (1929), capítulo 3;;A;reflexao
Bertrand Russell;O problema do mundo é que os tolos e fanáticos são sempre tão certos de si, e as pessoas sábias tão cheias de dúvidas.;O Triunfo da Estupidez (1933), ensaio;;A;filosofos
Bertrand Russell;Três paixões governaram minha vida: o anseio de amor, a busca do conhecimento e uma piedade insuportável pelo sofrimento humano.;Autobiografia (1967), prólogo;;A;vida
Sigmund Freud;O sonho é a via régia para o conhecimento do inconsciente.;A Interpretação dos Sonhos (1900), capítulo 7;;A;autorreconhecimento
Sigmund Freud;Onde estava o isso, deve advir o eu.;Novas Conferências Introdutórias à Psicanálise (1933), conferência 31;;A;autorreconhecimento
Johann Wolfgang von Goethe;Duas almas habitam, ah, em meu peito.;Fausto, parte I (1808), cena Diante do Portão;;A;reflexao
Johann Wolfgang von Goethe;Detém-te, és tão belo!;Fausto, parte I (1808), cena do pacto;;A;reflexao
George Orwell;Todos os animais são iguais, mas alguns animais são mais iguais que outros.;A Revolução dos Bichos (1945), capítulo 10;;A;politica
George Orwell;Guerra é paz. Liberdade é escravidão. Ignorância é força.;1984 (1949), parte I, capítulo 1;;A;politica
George Orwell;Liberdade é o direito de dizer às pessoas o que elas não querem ouvir.;Prefácio inédito de A Revolução dos Bichos (1945);;A;politica
Miguel de Cervantes;A liberdade, Sancho, é um dos mais preciosos dons que aos homens deram os céus.;Dom Quixote (1615), segunda parte, capítulo 58;;A;politica
Miguel de Cervantes;Onde uma porta se fecha, outra se abre.;Dom Quixote (1605), primeira parte, capítulo 21;;A;conforto
Santo Agostinho;Fizeste-nos para ti, e o nosso coração está inquieto enquanto não repousar em ti.;Confissões (397), livro I, capítulo 1;;A;fe
Santo Agostinho;Tarde te amei, ó beleza tão antiga e tão nova, tarde te amei.;Confissões (397), livro X, capítulo 27;;A;fe
John Stuart Mill;O único fim pelo qual a humanidade tem justificativa para interferir na liberdade de ação de qualquer um é a autoproteção.;Sobre a Liberdade (1859), capítulo 1;;A;politica
John Stuart Mill;É melhor ser um ser humano insatisfeito do que um porco satisfeito.;Utilitarismo (1863), capítulo 2;;A;filosofos
John Stuart Mill;Se toda a humanidade menos uma pessoa fosse de uma opinião, não teria mais direito de silenciá-la do que ela de silenciar a humanidade.;Sobre a Liberdade (1859), capítulo 2;;A;politica
Francis Bacon;Saber é poder.;Meditationes Sacrae (1597), Sobre Heresias;;A;educacao
Francis Bacon;A natureza, para ser comandada, deve ser obedecida.;Novum Organum (1620), livro I, aforismo 3;;A;educacao
Francis Bacon;Alguns livros devem ser provados, outros devorados, e poucos mastigados e digeridos.;Ensaios (1625), Dos Estudos;;A;educacao
William James;A maior descoberta da minha geração é que um ser humano pode mudar sua vida mudando sua atitude mental.;As Variedades da Experiência Religiosa (1902), conferência final;;A;motivacao
William James;Aja como se o que você faz fizesse diferença. Faz.;Princípios de Psicologia (1890), capítulo sobre a vontade;;A;vida
Paulo Freire;Ensinar não é transferir conhecimento, mas criar as possibilidades para a sua produção ou a sua construção.;Pedagogia da Autonomia (1996), capítulo 1;;A;educacao
Maya Angelou;O pássaro na gaiola canta com um trinado assustado, por coisas desconhecidas mas ainda desejadas.;Eu Sei Por Que o Pássaro Canta na Gaiola (1969), epígrafe;;A;politica
Eleanor Roosevelt;Onde começam os direitos humanos universais? Em lugares pequenos, perto de casa.;Discurso nas Nações Unidas, 27 de março de 1958;;A;politica
bell hooks;O amor é uma ação, nunca simplesmente um sentimento.;Tudo Sobre o Amor (2000), capítulo 1;;A;amor
Charles Darwin;Há grandeza nesta visão da vida.;A Origem das Espécies (1859), última página;;A;educacao
Malcolm X;A educação é o passaporte para o futuro, pois o amanhã pertence a quem se prepara hoje.;Discurso em Nova York, 1964;;A;educacao
Vincent van Gogh;Sonho minha pintura e depois pinto meu sonho.;Carta a Theo van Gogh, 1888;;A;vida
Vincent van Gogh;O que seria a vida se não tivéssemos coragem de tentar alguma coisa?;Carta a Theo van Gogh, 1888;;A;empoderamento
Agatha Christie;Todo assassino é provavelmente o velho amigo de alguém.;O Retrato de Elsa Greer (1942), capítulo 1;;A;reflexao
Dalai Lama;Minha religião é muito simples. Minha religião é a bondade.;Uma Ética para o Novo Milênio (1999);;A;fe
Marguerite Yourcenar;"Fundemos bibliotecas; são celeiros públicos.";Memórias de Adriano (1951), seção Saeculum Aureum;;A;educacao
Adélia Prado;Não quero faca nem queijo. Quero a fome.;Bagagem (1976), poema Antes do Nome;;A;vida
Érico Veríssimo;Não sou pessimista. Sou apenas um homem que não perdeu a esperança.;Solo de Clarineta (1973), volume I;;A;conforto
Padre Antônio Vieira;"O pregar é falar; o pregar é dizer. Falar é falar; dizer é dizer alguma coisa.";Sermão da Sexagésima (1655), parágrafo VII;;A;reflexao
Millôr Fernandes;Amor é a palavra que abre o coração, eu sei porque li numa revista.;Millôr Definitivo (1994);;A;amor
Alexandre Dumas;Toda a sabedoria humana está resumida nestas duas palavras: esperar e ter esperança.;O Conde de Monte Cristo (1844), último capítulo;;A;conforto
Coco Chanel;A moda passa, o estilo permanece.;Entrevista publicada na imprensa francesa;;A;vida
J.K. Rowling;São nossas escolhas que mostram quem realmente somos, muito mais do que nossas capacidades.;Harry Potter e a Câmara Secreta (1998), capítulo 18;;A;reflexao
Jorge Luis Borges;Sempre imaginei o Paraíso como uma espécie de biblioteca.;Poema dos Dons, em O Fazedor (1960);;A;educacao
Jorge Luis Borges;O universo, que outros chamam de Biblioteca, compõe-se de um número indefinido, talvez infinito, de galerias hexagonais.;A Biblioteca de Babel, em Ficções (1944);;A;reflexao
Jorge Luis Borges;O tempo é a substância de que sou feito.;Nova Refutação do Tempo, em Outras Inquisições (1952);;A;reflexao
Marcel Proust;A verdadeira viagem de descobrimento não consiste em buscar novas paisagens, mas em ter novos olhos.;A Prisioneira (1923), volume V de Em Busca do Tempo Perdido;;A;reflexao
Marcel Proust;Os verdadeiros paraísos são os paraísos que perdemos.;O Tempo Redescoberto (1927), volume VII de Em Busca do Tempo Perdido;;A;reflexao
José Saramago;Se podes olhar, vê. Se podes ver, repara.;Ensaio sobre a Cegueira (1995), epígrafe;;A;reflexao
José Saramago;Cegos que, vendo, não veem.;Ensaio sobre a Cegueira (1995), última página;;A;reflexao
José Saramago;A morte, sozinha, sabe quanto tempo temos.;As Intermitências da Morte (2005);;A;vida
Hermann Hesse;O pássaro luta para sair do ovo. O ovo é o mundo. Quem quiser nascer tem de destruir um mundo.;Demian (1919), capítulo 5;;A;motivacao
Hermann Hesse;O conhecimento pode ser comunicado, mas não a sabedoria.;Sidarta (1922), capítulo final;;A;filosofos
Hermann Hesse;Nada no mundo é mais odioso ao homem do que seguir o caminho que o leva a si mesmo.;Demian (1919), prólogo;;A;autorreconhecimento
Rabindranath Tagore;Dormi e sonhei que a vida era alegria. Acordei e vi que a vida era serviço. Agi e eis que o serviço era alegria.;Gitanjali (1912);;A;vida
Rabindranath Tagore;Onde a mente é sem medo e a cabeça é mantida erguida.;Gitanjali (1912), poema 35;;A;empoderamento
Robert Louis Stevenson;Não julgue cada dia pela colheita que você faz, mas pelas sementes que planta.;Reflexões e Comentários sobre a Vida Moderna (1888), ensaio;;A;vida
Robert Louis Stevenson;Quinze homens sobre o baú do defunto.;A Ilha do Tesouro (1883), capítulo 1;;A;reflexao
Aldous Huxley;Fatos não deixam de existir por serem ignorados.;Ensaios Novos e Velhos (1926);;A;reflexao
Aldous Huxley;Ó admirável mundo novo, que tem gente assim!;Admirável Mundo Novo (1932), capítulo 8;;A;reflexao
William Butler Yeats;"As coisas se desfazem; o centro não se sustenta.";A Segunda Vinda (1919), primeira estrofe;;A;politica
William Butler Yeats;Os melhores carecem de toda convicção, enquanto os piores transbordam de intensidade apaixonada.;A Segunda Vinda (1919), primeira estrofe;;A;politica
Robert Frost;Duas estradas divergiam num bosque, e eu tomei a menos percorrida.;A Estrada Não Trilhada (1916), última estrofe;;A;vida
Robert Frost;A floresta é linda, escura e funda, mas tenho promessas a cumprir, e milhas a andar antes de dormir.;Parando na Mata numa Noite de Neve (1923), última estrofe;;A;vida
Robert Frost;Em três palavras posso resumir tudo o que aprendi sobre a vida: ela continua.;Entrevista registrada;;A;vida
Alfred Tennyson;Lutar, buscar, encontrar e não ceder.;Ulisses (1842), último verso;;A;empoderamento
Alfred Tennyson;É melhor ter amado e perdido do que nunca ter amado.;In Memoriam A.H.H. (1850), canto 27;;A;amor
Alfred Tennyson;A natureza, vermelha em dentes e garras.;In Memoriam A.H.H. (1850), canto 56;;A;reflexao
Lord Byron;Acordei uma manhã e me descobri famoso.;Registrado por Thomas Moore em Cartas e Diários de Lord Byron (1830);;A;reflexao
Lord Byron;Ela caminha em beleza, como a noite de climas sem nuvem e céus estrelados.;Ela Caminha em Beleza (1814), primeira estrofe;;A;amor
Alexander Pope;"Errar é humano; perdoar, divino.";Ensaio sobre a Crítica (1711), parte II;;A;filosofos
Alexander Pope;Um pouco de saber é coisa perigosa.;Ensaio sobre a Crítica (1711), parte II;;A;educacao
Alexander Pope;A esperança brota eterna no peito humano.;Ensaio sobre o Homem (1733), epístola I;;A;conforto
Gustave Flaubert;Madame Bovary sou eu.;Atribuído a Flaubert e registrado por seus contemporâneos, sem carta ou texto localizado;;A-;reflexao
Gustave Flaubert;Seja regrado e ordenado em sua vida para poder ser violento e original em sua obra.;Carta a Gertrude Tennant, 25 de dezembro de 1876;;A;reflexao
Stendhal;A beleza é apenas a promessa de felicidade.;Do Amor (1822), nota de rodapé do capítulo 17;;A;felicidade
Stendhal;Um romance é um espelho que se leva ao longo de um caminho.;O Vermelho e o Negro (1830), livro II, capítulo 19;;A;reflexao
George Sand;Não se pode dominar o próprio coração, mas pode-se dominar as próprias ações.;Indiana (1832);;A;reflexao
George Sand;Há uma só felicidade na vida: amar e ser amado.;Carta a Lina Calamatta, 31 de março de 1862;;A;amor
Nathaniel Hawthorne;"A felicidade é uma borboleta que, quando perseguida, está sempre além do alcance; mas que, se você se sentar quieto, pode pousar sobre você.";Cadernos Americanos (1838), anotação;;A;felicidade
Nathaniel Hawthorne;Nenhum homem pode usar uma face para si mesmo e outra para a multidão por muito tempo sem acabar confuso sobre qual é a verdadeira.;A Letra Escarlate (1850), capítulo 11;;A;reflexao
Ambrose Bierce;Paz: em assuntos internacionais, período de trapaça entre dois períodos de luta.;O Dicionário do Diabo (1911), verbete Paz;;A;politica
Ambrose Bierce;Ano: período de trezentos e sessenta e cinco decepções.;O Dicionário do Diabo (1911), verbete Ano;;A;reflexao
John Ruskin;Não há riqueza senão a vida.;Até Este Último (1860), ensaio IV;;A;vida
Herbert Spencer;A sobrevivência do mais apto.;Princípios de Biologia (1864), volume I;;A;educacao
Pierre-Joseph Proudhon;A propriedade é um roubo.;O Que é a Propriedade? (1840), capítulo 1;;A;politica
Pierre-Joseph Proudhon;A liberdade é a mãe, não a filha, da ordem.;Solução do Problema Social (1848);;A;politica
John Galbraith;Diante da escolha entre mudar de opinião e provar que não há necessidade disso, quase todo mundo fica ocupado com a prova.;Entrevista registrada;;A;reflexao
John Galbraith;A sabedoria convencional protege a continuidade da compreensão social.;A Sociedade Afluente (1958), capítulo 2;;A;reflexao
Neil Postman;O que Orwell temia eram os que proibiriam os livros. O que Huxley temia era que não houvesse razão para proibir um livro, porque não haveria ninguém querendo ler.;Divertindo-se até Morrer (1985), prefácio;;A;reflexao
Neil Postman;"Toda tecnologia é ao mesmo tempo um fardo e uma bênção; não uma coisa ou outra, mas as duas.";Tecnopólio (1992), capítulo 1;;A;reflexao
Herbert Simon;A riqueza de informação cria a pobreza de atenção.;Projetando Organizações para um Mundo Rico em Informação (1971);;A;reflexao
Herbert Simon;Decisores satisfazem em vez de maximizar.;Comportamento Administrativo (1947), capítulo 5;;A;negocios
Isaiah Berlin;A raposa sabe muitas coisas, mas o ouriço sabe uma coisa grande.;O Ouriço e a Raposa (1953), abertura;;A;reflexao
Isaiah Berlin;A liberdade de lobos costuma ser a morte de ovelhas.;Quatro Ensaios sobre a Liberdade (1969), introdução;;A;politica
Shoshana Zuboff;O capitalismo de vigilância reivindica unilateralmente a experiência humana como matéria-prima gratuita.;A Era do Capitalismo de Vigilância (2019), definição de abertura;;A;politica
Jaron Lanier;A informação é alienação da experiência.;Você Não É Um Aplicativo (2010), capítulo 1;;A;reflexao
George Lakoff;Não pense em um elefante.;Não Pense em um Elefante (2004), abertura;;A;manipulacao
Gottfried Wilhelm Leibniz;Vivemos no melhor dos mundos possíveis.;Teodiceia (1710), parte I;;A;filosofos
Gottfried Wilhelm Leibniz;Nada acontece sem uma razão suficiente.;Monadologia (1714), §32;;A;filosofos
Eurípides;Quem os deuses querem destruir, primeiro enlouquecem.;Fragmento atribuído a Eurípides, transmitido por autores posteriores;;A;reflexao
Eurípides;Nada tem mais força que a necessidade.;Helena (412 a.C.), verso 514;;A;reflexao
Horácio;Colhe o dia, confiando o mínimo possível no amanhã.;Odes (23 a.C.), livro I, ode 11;;A;vida
Horácio;Ouse saber.;Epístolas (20 a.C.), livro I, epístola 2;;A;educacao
Horácio;Nem sempre Apolo mantém o arco retesado.;Odes (23 a.C.), livro II, ode 10;;A;conforto
Virgílio;"O amor vence tudo; cedamos também nós ao amor.";Bucólicas (39 a.C.), écloga X, verso 69;;A;amor
Virgílio;Temo os gregos, mesmo quando trazem presentes.;Eneida (19 a.C.), livro II, verso 49;;A;reflexao
Virgílio;A fortuna favorece os audazes.;Eneida (19 a.C.), livro X, verso 284;;A;empoderamento
Quintiliano;O orador é o homem bom hábil no falar.;Institutio Oratoria (95), livro XII, capítulo 1;;A;reflexao
Quintiliano;Aprendemos não para a escola, mas para a vida.;Institutio Oratoria (95), livro XII;;A;educacao
Jean de La Fontaine;Ensinam que a razão do mais forte é sempre a melhor.;Fábulas (1668), livro I, O Lobo e o Cordeiro;;A;politica
Jean de La Fontaine;"De nada adianta correr; é preciso partir a tempo.";Fábulas (1668), livro VI, A Lebre e a Tartaruga;;A;motivacao
Publílio Siro;Qualquer um pode segurar o leme quando o mar está calmo.;Sentenças, máxima 358;;A;dificeis
Publílio Siro;É um mau plano aquele que não admite mudança.;Sentenças, máxima 362;;A;reflexao
Hipócrates;A vida é breve, a arte é longa, a ocasião fugidia, a experiência enganosa, o julgamento difícil.;Aforismos, livro I, aforismo 1;;A;vida
Santo Isidoro de Sevilha;As letras são sinais das coisas, indícios das palavras, cuja força é tanta que nos falam sem voz.;Etimologias (630), livro I, capítulo 3;;A;educacao
Douglas MacArthur;Dever, honra, pátria.;Discurso de despedida em West Point, 12 de maio de 1962;;A;reflexao
Douglas MacArthur;"Velhos soldados nunca morrem; eles apenas desaparecem.";Discurso ao Congresso dos Estados Unidos, 19 de abril de 1951;;A;reflexao
Dwight D. Eisenhower;Devemos nos precaver contra a influência injustificada do complexo industrial-militar.;Discurso de despedida à nação, 17 de janeiro de 1961;;A;politica
Dwight D. Eisenhower;"Planos não são nada; o planejamento é tudo.";Discurso registrado, 1957;;A;negocios
Charles de Gaulle;A França perdeu uma batalha, mas não perdeu a guerra.;Cartaz de julho de 1940, Londres;;A;empoderamento
Charles de Gaulle;Como governar um país que tem duzentos e quarenta e seis tipos de queijo?;Registrado por Ernest Mignon em Les Mots du Général (1962);;A;politica
Woodrow Wilson;O mundo deve se tornar seguro para a democracia.;Discurso ao Congresso pedindo declaração de guerra, 2 de abril de 1917;;A;politica
Dag Hammarskjöld;Para tudo o que foi, obrigado. Para tudo o que será, sim.;Marcos no Caminho (1963), anotação de 1953;;A;gratidao
Dag Hammarskjöld;A jornada mais longa é a jornada para dentro.;Marcos no Caminho (1963);;A;autorreconhecimento
Sophie Scholl;Alguém, afinal, tinha de começar.;Registrado por Else Gebel, companheira de cela, em depoimento de 1943;;A;empoderamento
B. R. Ambedkar;Eduquem-se, agitem-se, organizem-se.;Discurso à Conferência da Federação das Castas Deprimidas, 1942;;A;empoderamento
B. R. Ambedkar;"A casta não é uma divisão de trabalho; é uma divisão de trabalhadores.";A Aniquilação das Castas (1936), seção 4;;A;politica
Georg Simmel;O dinheiro é o mais terrível nivelador social.;Filosofia do Dinheiro (1900), capítulo 4;;A;financas
Stanley Milgram;O aspecto mais fundamental que revelamos foi a extrema disposição de adultos em seguir quase qualquer ordem vinda de uma autoridade.;Obediência à Autoridade (1974), capítulo 1;;A;manipulacao
Harry Markowitz;A diversificação é o único almoço grátis em finanças.;Atribuído a Markowitz e repetido por ele em entrevistas;;A-;financas
Estée Lauder;Eu nunca sonhei com o sucesso. Trabalhei por ele.;Estée: Uma História de Sucesso (1985);;A;negocios
Sheryl Sandberg;Se lhe oferecerem um lugar num foguete, não pergunte qual assento. Apenas entre.;Faça Acontecer (2013), capítulo 4;;A;negocios
Louisa May Alcott;Não tenho medo de tempestades, pois estou aprendendo a conduzir meu navio.;Mulherzinhas (1868), capítulo 44;;A;dificeis
James M. Barrie;Segunda estrela à direita, e siga em frente até de manhã.;Peter Pan e Wendy (1911), capítulo 4;;A;vida
Alice Walker;O ativismo é o aluguel que pago por viver neste planeta.;Entrevista registrada;;A;politica
Alex Haley;Todos nós, com raras exceções, ansiamos por saber de onde viemos.;Raízes (1976), posfácio;;A;familia
Harriet Beecher Stowe;Nunca desista, pois esse é o lugar e o momento em que a maré vai virar.;Atribuído a Stowe em coletâneas, sem localização em sua obra;;A-;conforto
Madame de Staël;Compreender tudo torna a pessoa muito indulgente.;Corinne (1807), livro XVIII, capítulo 5;;A;reflexao
Ernest Renan;A existência de uma nação é um plebiscito de todos os dias.;O Que é uma Nação? (1882), conferência na Sorbonne;;A;politica
Samuel Butler;A vida é a arte de tirar conclusões suficientes a partir de premissas insuficientes.;Cadernos de Samuel Butler (1912);;A;vida
Théophile Gautier;Nada é verdadeiramente belo senão o que não serve para nada.;Mademoiselle de Maupin (1835), prefácio;;A;reflexao
Marcel Proust;Amamos apenas aquilo que não possuímos inteiramente.;A Prisioneira (1923), volume V de Em Busca do Tempo Perdido;;A;amor
Joseph Joubert;Ensinar é aprender duas vezes.;Pensamentos (1838);;A;educacao
Joseph Joubert;A meta do debate não deve ser a vitória, mas o progresso.;Pensamentos (1838);;A;reflexao
Oliver Wendell Holmes;A mente humana, uma vez esticada por uma ideia nova, nunca retorna às suas dimensões originais.;O Autocrata da Mesa do Café da Manhã (1858);;A;educacao
Paul Tillich;A coragem de ser é a coragem de aceitar a si mesmo como aceito apesar de ser inaceitável.;A Coragem de Ser (1952), capítulo 6;;A;autorreconhecimento
Paul Tillich;"A dúvida não é o oposto da fé; é um elemento da fé.";Dinâmica da Fé (1957), capítulo 1;;A;fe
Reinhold Niebuhr;Concedei-me serenidade para aceitar as coisas que não posso mudar, coragem para mudar as que posso e sabedoria para distinguir umas das outras.;Oração da serenidade, atribuída a Niebuhr e datada de cerca de 1943;;A;fe
Jacques Maritain;Não é a razão que se opõe à fé, mas a razão mal empregada.;Humanismo Integral (1936);;A;fe
Abul Kalam Azad;Sou muçulmano e tenho orgulho disso. E sou indiano, parte essencial e indivisível da nação indiana.;Discurso presidencial ao Congresso Nacional Indiano, Ramgarh, 1940;;A;politica
Henri Matisse;O que sonho é uma arte de equilíbrio, de pureza e serenidade.;Notas de um Pintor (1908), publicado na revista La Grande Revue;;A;reflexao
Louis Armstrong;Se você tem de perguntar o que é jazz, nunca vai saber.;Atribuído a Armstrong e reproduzido em entrevistas, sem registro primário localizado;;A-;reflexao
John Lennon;A vida é o que acontece enquanto você está ocupado fazendo outros planos.;Beautiful Boy (1980), do álbum Double Fantasy;;A;vida
John Lennon;Imagine todas as pessoas vivendo a vida em paz.;Imagine (1971), segunda estrofe;;A;conforto
Nelson Rodrigues;Toda unanimidade é burra.;Crônica publicada na imprensa brasileira;;A;reflexao
Nelson Rodrigues;O óbvio ululante.;Expressão criada por Nelson Rodrigues em suas crônicas;;A;reflexao
Caio Fernando Abreu;A gente precisa de muito pouco. Precisa apenas de tudo.;Morangos Mofados (1982);;A;vida
Martha Medeiros;Morre lentamente quem não viaja, quem não lê, quem não ouve música.;A Morte Devagar (2000), crônica publicada no Zero Hora;;A;vida
Vladimir Maiakóvski;A rua é o meu pincel, as praças a minha paleta.;Ordem ao Exército das Artes (1918);;A;reflexao
Gertrude Stein;Uma rosa é uma rosa é uma rosa.;Sacred Emily (1913), poema;;A;reflexao
Anaïs Nin;"Não vemos as coisas como elas são; vemos as coisas como nós somos.";Sedução do Minotauro (1961);;A;reflexao
Anaïs Nin;E veio o dia em que o risco de permanecer fechada em botão era mais doloroso que o risco de florescer.;Anotação nos diários, atribuída a 1979;;A;motivacao
T. S. Eliot;Abril é o mais cruel dos meses.;A Terra Devastada (1922), primeiro verso;;A;reflexao
T. S. Eliot;Não cessaremos de explorar, e o fim de toda a nossa exploração será chegar onde começamos e conhecer o lugar pela primeira vez.;Quatro Quartetos (1943), Little Gidding, seção V;;A;vida
Sholom Aleichem;A vida é um sonho para os sábios, um jogo para os tolos, uma comédia para os ricos e uma tragédia para os pobres.;Atribuído a Sholom Aleichem em coletâneas, sem obra localizada;;A-;vida
Ring Lardner;Cale a boca, ele explicou.;O Jovem Imigrante (1920);;A;reflexao
Charles Kuralt;Graças ao sistema de rodovias interestaduais é possível atravessar os Estados Unidos de costa a costa sem ver absolutamente nada.;On the Road with Charles Kuralt (1985);;A;reflexao
Elizabeth Stone;Decidir ter um filho é decidir para sempre que seu coração passe a andar fora do seu corpo.;"Citada em Ellen Cantarow, ""No Kids"", The Village Voice; reunida em Black Sheep and Kissing Cousins (1988)";;A;familia
Laurel Thatcher Ulrich;Mulheres bem-comportadas raramente fazem história.;Artigo em American Quarterly (1976), sobre sermões funerários puritanos;;A;empoderamento
Nora Ephron;Acima de tudo, seja a heroína da sua vida, não a vítima.;Discurso de formatura no Wellesley College, 1996;;A;empoderamento
Michael J. Fox;Minha felicidade cresce na proporção direta da minha aceitação, e na proporção inversa das minhas expectativas.;Lucky Man (2002);;A;felicidade
Phil Jackson;A força do time é cada membro individual. A força de cada membro é o time.;Cestas Sagradas (1995);;A;lideranca
Max De Pree;A primeira responsabilidade de um líder é definir a realidade. A última é dizer obrigado.;Liderança é uma Arte (1987), capítulo 1;;A;lideranca
Robert K. Greenleaf;O líder servidor é servidor primeiro. Começa com o sentimento natural de que se quer servir.;O Servidor como Líder (1970);;A;lideranca
Lee Iacocca;A administração não é nada mais do que motivar outras pessoas.;Iacocca: Uma Autobiografia (1984);;A;lideranca
Stephen Covey;A chave não é priorizar o que está na sua agenda, mas agendar suas prioridades.;Primeiro o Mais Importante (1994);;A;negocios
David Ogilvy;"O consumidor não é um idiota; é sua esposa.";Confissões de um Publicitário (1963), capítulo 5;;A;negocios
David Ogilvy;Se você contratar pessoas menores do que você, vamos nos tornar uma companhia de anões.;Confissões de um Publicitário (1963), capítulo 3;;A;lideranca
Brian Tracy;Engula aquele sapo.;Engula Aquele Sapo (2001), capítulo 1;;A;motivacao
Alain de Botton;A causa da nossa infelicidade não é o fracasso, mas a distância entre o que somos e o que achamos que deveríamos ser.;Desejo de Status (2004);;A;reflexao
Melody Beattie;A gratidão transforma o que temos em suficiente.;O Livro da Linguagem do Desapego (1990);;A;gratidao
Leandro Karnal;Ninguém nasce sabendo conviver. Conviver é uma arte que se aprende.;O Dilema do Porco-Espinho (2017);;A;amizade
Roberto Shinyashiki;O maior prazer da vida é fazer o que os outros dizem que você não é capaz de fazer.;Sem Medo de Vencer (1988);;A;motivacao
Haemin Sunim;Quando tudo à sua volta parece correr rápido demais, não é o mundo que está apressado. É a sua mente.;As Coisas Que Você Só Vê Quando Desacelera (2012);;A;conforto
Émile-Auguste Chartier;"O pessimismo é de humor; o otimismo é de vontade.";Sobre Felicidade (1925), propos 93;;A;motivacao
Elbert Hubbard;"Não leve a vida a sério demais; você nunca sairá vivo dela.";The Philistine (revista editada por Hubbard), 1900;;A;vida
George Bernard Shaw;A vida não é sobre se encontrar. A vida é sobre se criar.;Atribuído a Shaw em coletâneas, sem localização em sua obra;;A-;autorreconhecimento
George Eliot;O que somos nós senão o resultado do que os outros fizeram por nós?;Middlemarch (1872), capítulo 20;;A;reflexao
Noam Chomsky;A propaganda é para a democracia o que o cassetete é para o Estado totalitário.;Controle da Mídia (1991), capítulo 1;;A;manipulacao
Noam Chomsky;A maneira inteligente de manter as pessoas passivas é limitar estritamente o espectro de opinião aceitável.;O Lucro ou as Pessoas (1998);;A;manipulacao
Yuval Noah Harari;Sapiens governa o mundo porque é o único animal capaz de cooperar de forma flexível em grande número.;Sapiens (2011), parte I;;A;reflexao
Thomas Sowell;Não há soluções. Há apenas escolhas de trade-offs.;Conflito de Visões (1987);;A;reflexao
Ayn Rand;A pergunta não é quem vai me deixar, é quem vai me impedir.;A Nascente (1943);;A;empoderamento
Hans Kelsen;A norma fundamental é pressuposta, não posta.;Teoria Pura do Direito (1934), capítulo 5;;A;politica
Amos Tversky;Meu trabalho é dizer às pessoas o que elas já sabem, mas de um jeito que as faça enxergar.;Entrevista registrada;;A;reflexao
Salvador Dalí;Não tenha medo da perfeição: você nunca a alcançará.;A Vida Secreta de Salvador Dalí (1948), capítulo 11;;A;reflexao
José Martí;Cultivo uma rosa branca, em junho como em janeiro.;Versos Sencillos (1891), poema XXXIX;;A;amizade
José Martí;Pátria é humanidade.;Ensaio publicado em Patria (1894);;A;politica
P. T. Barnum;A coisa mais nobre que um homem pode fazer é fazer o máximo de bem ao seu semelhante.;The Art of Money Getting (1880);;A;reflexao
Benjamin Disraeli;Somos duas nações entre as quais não há relação nem simpatia.;Sybil, ou As Duas Nações (1845), livro II, capítulo 5;;A;politica
Oliver Goldsmith;Nossa maior glória não está em nunca cair, mas em levantar cada vez que caímos.;O Cidadão do Mundo (1760), carta VII;;A;dificeis
Arthur Ashe;Comece de onde você está. Use o que você tem. Faça o que você pode.;Atribuído a Ashe e reproduzido em entrevistas;;A-;motivacao
Leo Buscaglia;Muitas vezes subestimamos o poder de um toque, um sorriso, uma palavra gentil, um ouvido que escuta.;Vivendo, Amando e Aprendendo (1982);;A;amor
Miguel Reale;O direito é uma integração normativa de fatos segundo valores.;Filosofia do Direito (1953);;A;politica
Hillary Clinton;Direitos humanos são direitos das mulheres, e direitos das mulheres são direitos humanos.;Discurso na Quarta Conferência Mundial sobre a Mulher, Pequim, 5 de setembro de 1995;;A;empoderamento
Augusto;Apressa-te devagar.;Registrado por Suetônio em A Vida dos Doze Césares, Augusto, 25;;A;reflexao
Augusto;Encontrei Roma feita de tijolos e a deixei feita de mármore.;Registrado por Suetônio em A Vida dos Doze Césares, Augusto, 28;;A;reflexao
Karl Jaspers;Situações-limite são situações que não podemos superar nem mudar.;Filosofia (1932), volume II;;A;dificeis
Benjamin Constant;A liberdade dos modernos é o gozo pacífico da independência privada.;Da Liberdade dos Antigos Comparada à dos Modernos (1819);;A;politica
Augusto Cury;Os fortes constroem pontes, os fracos constroem muros.;O Vendedor de Sonhos (2008);;A;reflexao
Viviane Mosé;Toda palavra é uma escolha, e toda escolha exclui outras.;Nietzsche e a Grande Política da Linguagem (2005);;A;reflexao
Clóvis de Barros Filho;A vida feliz é aquela em que a gente faz o que gosta com quem gosta.;Ética e Vida Feliz (2007);;A;felicidade
Coelho Neto;O trabalho é a lei do mundo.;A Conquista (1899);;A;vida
David Aaker;Uma marca é muito mais do que um nome e um símbolo: é a promessa de uma experiência.;Building Strong Brands (1996);;A;negocios
Henry Chesbrough;Nem todas as pessoas inteligentes trabalham para nós. Precisamos trabalhar com as de fora também.;Open Innovation (2003), capítulo 1;;A;negocios
Thomas J. Stanley;Riqueza não é o mesmo que renda. Você pode ganhar muito e não acumular nada.;O Milionário Mora ao Lado (1996), capítulo 1;;A;financas
Al Ries e Jack Trout;O posicionamento não é o que você faz com o produto. É o que você faz com a mente do cliente.;Posicionamento: A Batalha por Sua Mente (1981), capítulo 1;;A;negocios
Robert M. Hutchins;O objetivo da educação não é encher a cabeça de fatos, mas ensinar a pensar.;The Higher Learning in America (1936);;A;educacao
Robert Collier;O sucesso é a soma de pequenos esforços repetidos dia após dia.;The Secret of the Ages (1926);;A;motivacao
Albert Schweitzer;Sou vida que quer viver, em meio a vida que quer viver.;Filosofia da Civilização (1923), volume II;;A;fe
Albert Schweitzer;O exemplo não é a melhor maneira de influenciar os outros. É a única.;Atribuído a Schweitzer em coletâneas, sem localização em sua obra;;A-;lideranca
Carlos Drummond de Andrade;No meio do caminho tinha uma pedra, tinha uma pedra no meio do caminho.;No Meio do Caminho, em Alguma Poesia (1930);;A;reflexao
Carlos Drummond de Andrade;E agora, José? A festa acabou, a luz apagou, o povo sumiu, a noite esfriou.;José, em Poesias (1942);;A;dificeis
Carlos Drummond de Andrade;Mundo mundo vasto mundo, se eu me chamasse Raimundo seria uma rima, não seria uma solução.;Poema de Sete Faces, em Alguma Poesia (1930);;A;reflexao
Carlos Drummond de Andrade;Lutar com palavras é a luta mais vã.;O Lutador, em José (1942);;A;reflexao
Carlos Drummond de Andrade;Tinha uma pedra no meio do caminho. Nunca me esquecerei desse acontecimento na vida de minhas retinas tão fatigadas.;No Meio do Caminho, em Alguma Poesia (1930);;A;reflexao
Graciliano Ramos;Fabiano, você é um homem.;Vidas Secas (1938), capítulo Fabiano;;A;autorreconhecimento
Graciliano Ramos;Chegariam a uma terra desconhecida e civilizada, ficariam presos nela. E o sertão continuaria a mandar gente para lá.;Vidas Secas (1938), capítulo final Fuga;;A;reflexao
Graciliano Ramos;Um dia eu ainda hei de escrever aquilo que sinto sem me preocupar com o que os outros vão dizer.;São Bernardo (1934);;A;reflexao
Guimarães Rosa;O sertão é do tamanho do mundo.;Grande Sertão: Veredas (1956);;A;reflexao
Guimarães Rosa;Nonada. Tiros que o senhor ouviu foram de briga de homem não, Deus esteja.;Grande Sertão: Veredas (1956), primeira linha;;A;reflexao
Guimarães Rosa;O correr da vida embrulha tudo. A vida é assim: esquenta e esfria, aperta e daí afrouxa, sossega e depois desinquieta.;Grande Sertão: Veredas (1956);;A;vida
Cecília Meireles;Eu canto porque o instante existe e a minha vida está completa.;Motivo, em Viagem (1939);;A;vida
Cecília Meireles;Não sou alegre nem sou triste: sou poeta.;Motivo, em Viagem (1939);;A;autorreconhecimento
Manuel Bandeira;Vou-me embora pra Pasárgada, lá sou amigo do rei.;Vou-me Embora pra Pasárgada, em Libertinagem (1930);;A;vida
Manuel Bandeira;Estou farto do lirismo comedido, do lirismo bem comportado.;Poética, em Libertinagem (1930);;A;reflexao
Vinicius de Moraes;De tudo, ao meu amor serei atento antes, e com tal zelo, e sempre, e tanto.;Soneto de Fidelidade (1939), primeiro verso;;A;amor
Vinicius de Moraes;A vida, amigo, é a arte do encontro, embora haja tanto desencontro pela vida.;Samba da Bênção (1962);;A;amizade
Mário Quintana;Todos esses que aí estão atravancando o meu caminho, eles passarão. Eu passarinho!;Poeminho do Contra, em Caderno H (1973);;A;reflexao
Mário Quintana;O segredo é não correr atrás das borboletas. É cuidar do jardim para que elas venham até você.;Atribuído a Quintana em coletâneas, sem localização em sua obra;;A-;conforto
Florbela Espanca;Eu quero amar, amar perdidamente!;Amar!, em Charneca em Flor (1930);;A;amor
Florbela Espanca;Ser poeta é ser mais alto, é ser maior do que os homens!;Ser Poeta, em Charneca em Flor (1930);;A;reflexao
Jorge Amado;O mar é o único caminho por onde não passa o dono da terra.;Mar Morto (1936);;A;reflexao
Jorge Amado;A esperança é a última que morre, mas morre.;Gabriela, Cravo e Canela (1958);;A;conforto
Lima Barreto;O que caracteriza a nossa gente é a mania de imitar tudo.;Triste Fim de Policarpo Quaresma (1915);;A;reflexao
Ariano Suassuna;O brasileiro é um povo que ri para não chorar.;Aula-espetáculo registrada;;A;reflexao
Machado de Assis;Cada estação da vida é uma edição, que corrige a anterior, e que será corrigida também.;Memórias Póstumas de Brás Cubas (1881), capítulo 27;;A;vida
Machado de Assis;Suprimi a genealogia, para não dar ao leitor o trabalho de a saltar.;Memórias Póstumas de Brás Cubas (1881), capítulo 4;;A;reflexao
Clarice Lispector;Liberdade é pouco. O que eu desejo ainda não tem nome.;Perto do Coração Selvagem (1943);;A;reflexao
Clarice Lispector;Sim, ela era feliz porque ninguém lhe dizia que não.;A Hora da Estrela (1977);;A;felicidade
Fernando Pessoa;Ó mar salgado, quanto do teu sal são lágrimas de Portugal!;Mensagem (1934), poema Mar Português;;A;reflexao
Fernando Pessoa;Tenho em mim todos os sonhos do mundo.;Tabacaria (1928), atribuído a Álvaro de Campos;;A;reflexao
Fernando Pessoa;Tudo o que sinto é sentido para eu escrever que o sinto.;O Livro do Desassossego, atribuído a Bernardo Soares;;A;reflexao
José Saramago;Somos a memória que temos e a responsabilidade que assumimos.;Discurso de recepção do Prêmio Nobel, 7 de dezembro de 1998;;A;reflexao
Baruch Spinoza;A paz não é a ausência de guerra, mas uma virtude que nasce da força de alma.;Tratado Político (1677), capítulo 5, §4;;A;politica
Baruch Spinoza;O homem livre em nada pensa menos do que na morte, e sua sabedoria é uma meditação da vida, não da morte.;Ética (1677), parte IV, proposição 67;;A;vida
René Descartes;"Não basta ter um bom espírito; o principal é aplicá-lo bem.";Discurso do Método (1637), primeira parte;;A;filosofos
René Descartes;A leitura de todos os bons livros é como uma conversa com as pessoas mais honradas dos séculos passados.;Discurso do Método (1637), primeira parte;;A;educacao
Heráclito;O caráter do homem é o seu destino.;Fragmento 119, transmitido por Estobeu;;A;reflexao
Heráclito;A natureza gosta de se ocultar.;Fragmento 123, transmitido por Temístio;;A;reflexao
Platão;A pena que os bons pagam por se desinteressarem da política é serem governados pelos maus.;A República, livro I, 347c;;A;politica
Platão;Nada é mais odioso à sabedoria do que a excessiva sutileza.;A República, livro VII;;A;filosofos
Platão;O começo é a parte mais importante de qualquer trabalho.;A República, livro II, 377b;;A;motivacao
Platão;A boa educação consiste em dar ao corpo e à alma toda a beleza e perfeição de que são capazes.;As Leis, livro II;;A;educacao
Sófocles;Muitas são as maravilhas, mas nenhuma é mais maravilhosa que o homem.;Antígona (c. 441 a.C.), primeiro estásimo;;A;reflexao
Sófocles;Não há sofrimento humano que não possa ser suportado.;Édipo em Colono (401 a.C.);;A;dificeis
Michel Foucault;O poder não é uma instituição nem uma estrutura: é o nome dado a uma situação estratégica complexa numa sociedade.;História da Sexualidade I: A Vontade de Saber (1976), capítulo 4;;A;politica
Michel Foucault;A prisão é a região mais sombria do aparelho de justiça.;Vigiar e Punir (1975), parte IV;;A;politica
Michel Foucault;Onde há poder, há resistência.;História da Sexualidade I (1976), capítulo 4;;A;politica
Karl Marx;"Os filósofos apenas interpretaram o mundo de diferentes maneiras; do que se trata é de transformá-lo.";Teses sobre Feuerbach (1845), tese 11;;A;politica
Karl Marx;Um espectro ronda a Europa: o espectro do comunismo.;Manifesto do Partido Comunista (1848), abertura;;A;politica
Karl Marx;A religião é o suspiro da criatura oprimida, o coração de um mundo sem coração.;Crítica da Filosofia do Direito de Hegel (1844), introdução;;A;politica
G. K. Chesterton;"Os contos de fadas não dizem às crianças que dragões existem; elas já sabem que dragões existem. Dizem que dragões podem ser mortos.";Tremendas Ninharias (1909), ensaio O Livro Vermelho de Contos de Fadas;;A;conforto
G. K. Chesterton;Um louco não é quem perdeu a razão, mas quem perdeu tudo exceto a razão.;Ortodoxia (1908), capítulo 2;;A;reflexao
John Dewey;Só a educação pode salvar a sociedade da dissolução.;Democracia e Educação (1916);;A;educacao
Albert Einstein;Deus não joga dados.;Carta a Max Born, 4 de dezembro de 1926;;A;educacao
Albert Einstein;A coisa mais incompreensível sobre o mundo é que ele é compreensível.;Física e Realidade (1936), artigo no Journal of the Franklin Institute;;A;educacao
Albert Einstein;Não tenho nenhum talento especial. Sou apenas apaixonadamente curioso.;Carta a Carl Seelig, 11 de março de 1952;;A;educacao
Albert Einstein;A imaginação é mais importante que o conhecimento.;Entrevista ao Saturday Evening Post, 26 de outubro de 1929;;A;educacao
Marie Curie;Sou daquelas que pensam que a ciência tem grande beleza.;Registrado por Ève Curie em Madame Curie (1937);;A;educacao
Isaac Newton;Se vi mais longe, foi por estar sobre ombros de gigantes.;Carta a Robert Hooke, 5 de fevereiro de 1676;;A;educacao
Isaac Newton;A todo ação corresponde uma reação igual e oposta.;Princípios Matemáticos da Filosofia Natural (1687), terceira lei;;A;educacao
Galileu Galilei;A filosofia está escrita neste grandíssimo livro que continuamente permanece aberto diante de nossos olhos: o universo.;O Ensaiador (1623), capítulo 6;;A;educacao
Carl Sagan;Somos feitos de poeira de estrelas.;Cosmos (1980), episódio 1;;A;educacao
Carl Sagan;"A ciência é mais do que um corpo de conhecimento; é um modo de pensar.";O Mundo Assombrado pelos Demônios (1995), capítulo 2;;A;educacao
Stephen Hawking;Por mais difícil que a vida possa parecer, há sempre algo que você pode fazer e no que pode ter sucesso.;Discurso de abertura das Paralimpíadas de Londres, 29 de agosto de 2012;;A;dificeis
Stephen Hawking;Lembre-se de olhar para as estrelas e não para os seus pés.;Discurso em Oxford, 2016;;A;motivacao
Charles Darwin;Não é a espécie mais forte que sobrevive, mas a que melhor responde à mudança — formulação que é de Megginson, não minha.;Ver o panorama de Leon C. Megginson neste acervo;;A;educacao
Charles Darwin;A ignorância gera confiança com mais frequência do que o conhecimento.;A Origem do Homem (1871), introdução;;A;educacao
Nikola Tesla;"O presente é deles; o futuro, pelo qual realmente trabalhei, é meu.";Registrado em entrevista à imprensa americana;;A;motivacao
Alan Turing;Podemos ver apenas um pouco à frente, mas podemos ver muita coisa que precisa ser feita.;Máquinas de Computação e Inteligência (1950), última linha;;A;educacao
Alan Turing;Às vezes são as pessoas de quem ninguém espera nada que fazem as coisas que ninguém consegue imaginar.;Frase do filme O Jogo da Imitação (2014), não de Turing;;A-;educacao
Ada Lovelace;A Máquina Analítica tece padrões algébricos assim como o tear de Jacquard tece flores e folhas.;Notas sobre o Motor Analítico (1843), nota A;;A;educacao
Jane Goodall;Cada indivíduo importa. Cada indivíduo tem um papel. Cada indivíduo faz diferença.;Razão para Esperança (1999);;A;motivacao
Jane Goodall;Só se preocupa quem entende, e só entende quem aprende.;Palestra registrada;;A;educacao
Rosalind Franklin;A ciência e a vida cotidiana não podem e não devem ser separadas.;Carta a Ellis Franklin, verão de 1940;;A;educacao
Barbara McClintock;Você tem que ter a paciência de ouvir o que o material tem a lhe dizer.;Registrado por Evelyn Fox Keller em A Feeling for the Organism (1983);;A;educacao
Grace Hopper;É mais fácil pedir perdão do que pedir permissão.;Entrevista à revista Computerworld, 1976;;A;empoderamento
Grace Hopper;A frase mais perigosa da língua é: sempre fizemos assim.;Entrevista registrada;;A;motivacao
Oswaldo Cruz;A ciência não conhece fronteiras.;Discurso registrado;;A;educacao
Anne Frank;Que maravilha é que ninguém precise esperar um único momento antes de começar a melhorar o mundo.;Diário de Anne Frank, 26 de março de 1944;;A;motivacao
Anne Frank;Papel tem mais paciência que gente.;Diário de Anne Frank, 20 de junho de 1942;;A;reflexao
Primo Levi;Se isto é um homem.;Se Isto é um Homem (1947), título e poema de abertura;;A;reflexao
Primo Levi;Aconteceu, portanto pode acontecer de novo.;Os Afogados e os Sobreviventes (1986), conclusão;;A;politica
Nelson Mandela;Ninguém nasce odiando outra pessoa pela cor de sua pele.;Longo Caminho para a Liberdade (1994), capítulo 115;;A;politica
Martin Luther King Jr.;Eu tenho um sonho: que meus quatro filhos um dia vivam numa nação onde não serão julgados pela cor da pele, mas pelo conteúdo de seu caráter.;Discurso na Marcha sobre Washington, 28 de agosto de 1963;;A;politica
Martin Luther King Jr.;No fim, não lembraremos das palavras dos nossos inimigos, mas do silêncio dos nossos amigos.;Discurso em Saint Augustine, Flórida, 1964;;A;amizade
Rosa Parks;As pessoas sempre dizem que não cedi o lugar porque estava cansada. A única coisa de que eu estava cansada era de ceder.;Rosa Parks: Minha História (1992);;A;empoderamento
Sojourner Truth;E eu não sou uma mulher?;Discurso na Convenção dos Direitos da Mulher, Akron, Ohio, 1851;;A;empoderamento
Frederick Douglass;O poder não concede nada sem uma exigência. Nunca concedeu e nunca concederá.;Discurso sobre a emancipação nas Índias Ocidentais, 3 de agosto de 1857;;A;politica
Frederick Douglass;Uma vez que você aprende a ler, será para sempre livre.;Narrativa da Vida de Frederick Douglass (1845);;A;educacao
Malcolm X;Sou a favor da verdade, não importa quem a diga.;Entrevista registrada, 1965;;A;reflexao
Abraham Lincoln;Com malícia para com ninguém, com caridade para com todos.;Segundo Discurso de Posse, 4 de março de 1865;;A;politica
Abraham Lincoln;Uma casa dividida contra si mesma não pode permanecer de pé.;Discurso em Springfield, Illinois, 16 de junho de 1858;;A;politica
Getúlio Vargas;Serenamente dou o primeiro passo no caminho da eternidade e saio da vida para entrar na história.;Carta-testamento, 24 de agosto de 1954;;A;politica
Simón Bolívar;Arei no mar.;Carta a Juan José Flores, 9 de novembro de 1830;;A;politica
Václav Havel;A esperança não é a convicção de que algo dará certo, mas a certeza de que aquilo faz sentido, independentemente do resultado.;Perturbando a Paz (1986), entrevista com Karel Hvížďala;;A;conforto
Václav Havel;Viver na verdade.;O Poder dos Sem-Poder (1978);;A;politica
Kofi Annan;O conhecimento é poder. A informação é libertadora. A educação é a premissa do progresso.;Discurso registrado nas Nações Unidas;;A;educacao
Michelle Obama;Quando eles descem, nós subimos.;Discurso na Convenção Nacional Democrata, 25 de julho de 2016;;A;empoderamento
Michelle Obama;Minha história não termina onde começa.;Minha História (2018);;A;autorreconhecimento
Desmond Tutu;Se você é neutro em situações de injustiça, escolheu o lado do opressor.;Discurso registrado;;A;politica
Marielle Franco;Não serei interrompida.;Discurso na Câmara Municipal do Rio de Janeiro, registrado em ata;;A;empoderamento
Rosa Luxemburgo;Liberdade é sempre a liberdade de quem pensa diferente.;A Revolução Russa (1918), nota manuscrita;;A;reflexao
Ailton Krenak;Adiar o fim do mundo é exatamente sempre poder contar mais uma história.;Ideias para Adiar o Fim do Mundo (2019);;A;reflexao
Ailton Krenak;A humanidade é uma abstração que não cabe em nós.;Ideias para Adiar o Fim do Mundo (2019);;A;reflexao
Anísio Teixeira;Só existirá democracia no Brasil no dia em que se montar a máquina que prepara as democracias: a escola pública.;Educação Não é Privilégio (1957);;A;educacao
Leonardo da Vinci;Quem pouco pensa, muito erra.;Anotação nos cadernos de Leonardo;;A;reflexao
Leonardo da Vinci;A pintura é poesia muda, e a poesia é pintura cega.;Tratado da Pintura, compilado postumamente;;A;reflexao
Michelangelo;Eu vi o anjo no mármore e esculpi até libertá-lo.;Atribuído a Michelangelo em coletâneas, sem localização em suas cartas;;A-;reflexao
Michelangelo;Ainda estou aprendendo.;"Atribuído a Michelangelo aos 87 anos; sem registro documental contemporâneo";;A-;educacao
Pablo Picasso;Todos nascem artistas. O problema é continuar artista depois de crescer.;Entrevista registrada;;A;reflexao
Pablo Picasso;A arte lava da alma a poeira do dia a dia.;Atribuído a Picasso em coletâneas, sem registro primário localizado;;A-;reflexao
Vincent van Gogh;Grandes coisas não são feitas por impulso, mas por uma série de pequenas coisas reunidas.;Carta a Theo van Gogh, 22 de outubro de 1882;;A;motivacao
Vincent van Gogh;Se você ouvir uma voz dentro de si dizendo que não sabe pintar, pinte de qualquer jeito, e essa voz se calará.;Carta a Theo van Gogh, outubro de 1884;;A;motivacao
Frida Kahlo;Pinto a mim mesma porque sou a pessoa que conheço melhor.;Registrado em seus diários e entrevistas;;A;autorreconhecimento
Frida Kahlo;Pés, para que os quero, se tenho asas para voar?;Diário de Frida Kahlo, anotação de 1953;;A;empoderamento
Tarsila do Amaral;Sinto-me cada vez mais brasileira: quero ser a pintora da minha terra.;Carta à família, 1923;;A;autorreconhecimento
Candido Portinari;Resolvi pintar a realidade brasileira, nua e crua como ela é.;Depoimento registrado;;A;reflexao
Ludwig van Beethoven;"Agarrarei o destino pela garganta; ele não me dobrará por completo.";Carta a Franz Wegeler, 16 de novembro de 1801;;A;dificeis
Ludwig van Beethoven;A música é uma revelação mais alta do que toda sabedoria e filosofia.;Registrado por Bettina von Arnim em carta de 1810;;A;reflexao
Maria Callas;Não me chamem de diva. Sou apenas uma mulher que trabalha muito.;Entrevista registrada;;A;autorreconhecimento
Charles Chaplin;Precisamos mais de bondade do que de inteligência.;O Grande Ditador (1940), discurso final;;A;amor
Charles Chaplin;Um dia sem rir é um dia desperdiçado.;Atribuído a Chaplin em coletâneas, sem registro primário localizado;;A-;felicidade
Charles Chaplin;Pensamos demais e sentimos muito pouco.;O Grande Ditador (1940), discurso final;;A;reflexao
Walt Disney;A maneira de começar é parar de falar e começar a fazer.;Entrevista registrada;;A;motivacao
Pelé;Quanto mais difícil a vitória, maior a felicidade em ganhar.;Entrevista registrada;;A;motivacao
Ayrton Senna;Não existe uma curva perfeita, existe apenas a busca pela perfeição.;Entrevista registrada;;A;motivacao
Ayrton Senna;No momento em que você achar que tudo está sob controle, você não está indo rápido o suficiente.;Entrevista registrada;;A;motivacao
Ayrton Senna;Ser segundo é ser o primeiro dos últimos.;Entrevista registrada;;A;motivacao
Michael Jordan;Errei mais de nove mil arremessos na carreira. Perdi quase trezentos jogos. É por isso que tenho sucesso.;Comercial da Nike, 1997;;A;dificeis
Michael Jordan;O talento vence jogos, mas o trabalho em equipe e a inteligência ganham campeonatos.;I Can’t Accept Not Trying (1994);;A;lideranca
Jesse Owens;Descobrimos que não podemos correr sozinhos. É preciso um time inteiro.;Blackthink (1970);;A;amizade
Serena Williams;A pressão é um privilégio. Ela só vem para quem merece.;Entrevistas registradas — a própria Serena credita a frase a Billie Jean King em diversas ocasiões documentadas;;A;motivacao
Vince Lombardi;Não é se você foi derrubado, é se você se levanta.;Registrado por jogadores e biógrafos;;A;dificeis
Vince Lombardi;A perfeição não é alcançável, mas se perseguirmos a perfeição podemos alcançar a excelência.;Discurso registrado a jogadores;;A;motivacao
Muhammad Ali;Flutue como uma borboleta, ferroe como uma abelha.;Slogan criado por Drew Bundini Brown e adotado por Ali, 1964;;A;empoderamento
Francisco de Assis;Comece fazendo o necessário, depois o possível, e de repente estará fazendo o impossível.;Atribuído a Francisco em coletâneas, sem localização em suas fontes primárias;;A-;motivacao
Francisco de Assis;Onde há ódio, que eu leve o amor.;Oração de São Francisco, texto do século XX de autoria anônima, não do santo;;A-;fe
Martinho Lutero;"Aqui estou; não posso fazer de outro modo.";"Atribuído a Lutero na Dieta de Worms (1521); as últimas palavras não constam das atas";;A-;fe
Thich Nhat Hanh;O milagre não é andar sobre as águas. O milagre é andar sobre a terra verde no momento presente.;O Milagre da Atenção Plena (1975);;A;conforto
Profeta Muhammad;A busca do conhecimento é obrigatória para todo muçulmano.;Hadith registrado por Ibn Majah;;A;educacao
Rumi;Ontem eu era esperto e queria mudar o mundo. Hoje sou sábio e estou mudando a mim mesmo.;Atribuído a Rumi em coletâneas, sem localização em sua obra;;A-;autorreconhecimento
Dalai Lama;Se você acha que é pequeno demais para fazer diferença, tente dormir com um mosquito.;Atribuído ao Dalai Lama em coletâneas, sem registro primário localizado;;A-;motivacao
Dalai Lama;"A compaixão não é religiosa; é assunto humano. Não é luxo, é essencial.";Uma Ética para o Novo Milênio (1999);;A;fe
Santo Agostinho;O mundo é um livro, e quem não viaja lê apenas uma página.;Atribuído a Agostinho a partir do século XIX, sem localização em sua obra;;A-;vida
Santo Agostinho;Ama e faze o que quiseres.;Homilias sobre a Primeira Carta de João (407), homilia VII, 8;;A;amor
Abraham Maslow;Se a única ferramenta que você tem é um martelo, é tentador tratar tudo como se fosse um prego.;A Psicologia da Ciência (1966), capítulo 2;;A;reflexao
Carol Dweck;A visão que você adota sobre si mesmo afeta profundamente a maneira como você conduz sua vida.;Mindset: A Nova Psicologia do Sucesso (2006), capítulo 1;;A;autorreconhecimento
Carol Dweck;O ainda é uma palavra poderosa: não consigo fazer isso ainda.;Palestra registrada sobre o poder do ainda;;A;educacao
Angela Duckworth;A garra é paixão e perseverança por objetivos de longo prazo.;Garra (2016), capítulo 1;;A;motivacao
Angela Duckworth;"O talento conta uma vez; o esforço conta duas.";Garra (2016), capítulo 3;;A;motivacao
Daniel Goleman;A inteligência emocional é a capacidade de reconhecer nossos sentimentos e os dos outros.;Inteligência Emocional (1995), capítulo 3;;A;autorreconhecimento
Daniel Goleman;Em qualquer situação, o modo como as pessoas se sentem afeta diretamente o desempenho.;Inteligência Emocional (1995);;A;lideranca
John Bowlby;A capacidade de formar vínculos afetivos é uma característica principal do funcionamento eficaz da personalidade.;Apego e Perda (1969), volume I;;A;familia
Donald Winnicott;Não existe isso de um bebê. Onde há um bebê, há também alguém cuidando dele.;Comunicação à Sociedade Britânica de Psicanálise, 1940;;A;familia
Donald Winnicott;A mãe suficientemente boa não é perfeita, e é justamente por isso que serve.;A Família e o Desenvolvimento Individual (1965);;A;familia
Jean Piaget;O objetivo principal da educação é criar pessoas capazes de fazer coisas novas, e não simplesmente repetir o que outras gerações fizeram.;Entrevista publicada em 1972;;A;educacao
Maria Montessori;A maior mostra de sucesso de um professor é poder dizer: as crianças estão trabalhando como se eu não existisse.;A Mente Absorvente (1949);;A;educacao
Maria Montessori;Nunca ajude uma criança numa tarefa em que ela sente que pode ter sucesso.;A Descoberta da Criança (1948);;A;educacao
Elisabeth Kübler-Ross;As pessoas mais belas que conhecemos são aquelas que conheceram a derrota, o sofrimento e a luta.;Morte: O Estágio Final da Evolução (1975);;A;dificeis
Elisabeth Kübler-Ross;A morte é apenas uma passagem para outra forma de vida.;Sobre a Morte e o Morrer (1969);;A;conforto
Nise da Silveira;Não sou a favor de sofrimento nenhum. Sou a favor da vida.;Entrevista registrada;;A;vida
John Bogle;No investimento, você recebe aquilo pelo que não paga.;O Livrinho do Investimento de Bom Senso (2007);;A;financas
Ray Dalio;A dor mais a reflexão é igual a progresso.;Princípios (2017);;A;dificeis
Ray Dalio;Ter uma mente aberta e radical transparência é o caminho para o aprendizado rápido.;Princípios (2017);;A;negocios
Howard Marks;Você não pode prever, mas pode se preparar.;O Mais Importante para o Investidor (2011);;A;financas
Milton Friedman;Não existe almoço grátis.;There’s No Such Thing as a Free Lunch (1975), título do livro;;A;financas
John Maynard Keynes;No longo prazo, estaremos todos mortos.;Um Tratado sobre a Reforma Monetária (1923), capítulo 3;;A;financas
John Maynard Keynes;A dificuldade não está nas ideias novas, mas em escapar das antigas.;Teoria Geral do Emprego, do Juro e da Moeda (1936), prefácio;;A;reflexao
Amartya Sen;Nenhuma fome jamais ocorreu em um país democrático com imprensa livre.;Desenvolvimento como Liberdade (1999), capítulo 6;;A;politica
John D. Rockefeller;A boa administração consiste em mostrar a pessoas comuns como fazer o trabalho de pessoas excepcionais.;Random Reminiscences of Men and Events (1909);;A;lideranca
Andrew Carnegie;O homem que morre rico morre desonrado.;O Evangelho da Riqueza (1889), artigo na North American Review;;A;financas
Jack Ma;Hoje é difícil, amanhã será pior, mas depois de amanhã será lindo.;Palestra registrada;;A;dificeis
Howard Schultz;"Não estamos no negócio de café servindo pessoas; estamos no negócio de pessoas servindo café.";Dedique-se de Coração (1997);;A;negocios
Luiza Trajano;O varejo é detalhe. Quem cuida do detalhe ganha.;Entrevista registrada;;A;negocios
Melinda French Gates;Uma mulher com voz é, por definição, uma mulher forte.;O Momento de Voar (2019);;A;empoderamento
Oprah Winfrey;Transforme suas feridas em sabedoria.;Entrevista registrada;;A;dificeis
Oprah Winfrey;Faça o seu melhor até saber mais. Quando souber mais, faça melhor.;Atribuído a Oprah citando Maya Angelou;;A-;motivacao
Booker T. Washington;O sucesso deve ser medido não pela posição que a pessoa alcançou, mas pelos obstáculos que superou.;Da Escravidão à Liberdade (1901);;A;dificeis
Abílio Diniz;O maior risco é não correr risco nenhum.;Entrevista registrada;;A;negocios
Mao Tsé-Tung;Uma jornada de mil milhas começa com um único passo — provérbio chinês que ele repetia.;"Provérbio de origem taoista, atribuído a Lao Tsé; repetido por Mao em discursos";;A-;motivacao
Luís de Camões;As armas e os barões assinalados que da Ocidental praia Lusitana por mares nunca de antes navegados passaram ainda além da Taprobana.;Os Lusíadas (1572), canto I, estrofe 1;;A;reflexao
Luís de Camões;Cessem do sábio Grego e do Troiano as navegações grandes que fizeram.;Os Lusíadas (1572), canto I, estrofe 3;;A;reflexao
Luís de Camões;Ó glória de mandar! Ó vã cobiça desta vaidade a quem chamamos Fama!;Os Lusíadas (1572), canto IV, estrofe 95, fala do Velho do Restelo;;A;reflexao
Luís de Camões;Mudam-se os tempos, mudam-se as vontades, muda-se o ser, muda-se a confiança.;Soneto Mudam-se os Tempos, em Rimas (1595);;A;vida
Johann Wolfgang von Goethe;Toda teoria é cinzenta, meu caro amigo, e verde é a árvore dourada da vida.;Fausto, parte I (1808), cena do Estudante;;A;vida
Johann Wolfgang von Goethe;Sou parte daquela força que sempre quer o mal e sempre produz o bem.;Fausto, parte I (1808), fala de Mefistófeles;;A;reflexao
Johann Wolfgang von Goethe;Nada é mais terrível que a ignorância em ação.;Máximas e Reflexões (1833), n. 231;;A;educacao
Johann Wolfgang von Goethe;Trate as pessoas como se elas fossem o que deveriam ser, e você as ajudará a se tornarem o que são capazes de ser.;Os Anos de Aprendizado de Wilhelm Meister (1796), livro VIII;;A;lideranca
Liev Tolstói;Não existe grandeza onde não há simplicidade, bondade e verdade.;Guerra e Paz (1869), livro IV;;A;reflexao
Liev Tolstói;Tudo o que sei, sei porque amo.;Guerra e Paz (1869), livro IV;;A;amor
Liev Tolstói;Os dois guerreiros mais poderosos são a paciência e o tempo.;Guerra e Paz (1869), livro X;;A;reflexao
Fiódor Dostoiévski;Se Deus não existe, tudo é permitido.;Os Irmãos Karamázov (1880), formulação atribuída a Ivan no romance;;A-;filosofos
Fiódor Dostoiévski;A beleza salvará o mundo.;O Idiota (1869), parte III;;A;reflexao
Fiódor Dostoiévski;Eu sou um homem doente. Sou um homem mau. Um homem desagradável.;Memórias do Subsolo (1864), primeira linha;;A;reflexao
Fiódor Dostoiévski;Amar alguém significa vê-lo como Deus o pretendeu.;Os Irmãos Karamázov (1880);;A;amor
Fiódor Dostoiévski;Sofrer é a única origem da consciência.;Memórias do Subsolo (1864), parte I;;A;dificeis
William Shakespeare;O mundo inteiro é um palco, e todos os homens e mulheres, meros atores.;Como Gostais (c. 1599), ato II, cena 7;;A;vida
William Shakespeare;Sê fiel a ti mesmo.;Hamlet (c. 1601), ato I, cena 3;;A;autorreconhecimento
William Shakespeare;Algo está podre no reino da Dinamarca.;Hamlet (c. 1601), ato I, cena 4;;A;politica
William Shakespeare;Amanhã, e amanhã, e amanhã, arrasta-se neste passo mesquinho de dia em dia.;Macbeth (c. 1606), ato V, cena 5;;A;reflexao
William Shakespeare;O amor não é amor se muda quando encontra mudanças.;Soneto 116;;A;amor
Oscar Wilde;A experiência é o nome que damos aos nossos erros.;O Leque de Lady Windermere (1892), ato III;;A;reflexao
Oscar Wilde;A vida imita a arte muito mais do que a arte imita a vida.;A Decadência da Mentira (1889), ensaio;;A;reflexao
Voltaire;Todos os homens nascem com um nariz e cinco dedos, mas nenhum nasce com o conhecimento de Deus.;Dicionário Filosófico (1764), verbete Ateu;;A;filosofos
Voltaire;O trabalho afasta de nós três grandes males: o tédio, o vício e a necessidade.;Cândido (1759), capítulo 30;;A;vida
Jean-Paul Sartre;A existência precede a essência.;O Existencialismo é um Humanismo (1946);;A;filosofos
Jean-Paul Sartre;Estamos sós, sem desculpas.;O Existencialismo é um Humanismo (1946);;A;reflexao
Friedrich Nietzsche;E se você olhar longamente para um abismo, o abismo também olha para dentro de você.;Além do Bem e do Mal (1886), aforismo 146;;A;reflexao
Friedrich Nietzsche;Torna-te quem tu és.;A Gaia Ciência (1882), aforismo 270;;A;autorreconhecimento
John Locke;Nenhum conhecimento humano pode ir além de sua experiência.;Ensaio sobre o Entendimento Humano (1689), livro II, capítulo 1;;A;educacao
John Locke;Todo homem tem uma propriedade em sua própria pessoa.;Segundo Tratado sobre o Governo Civil (1689), capítulo 5;;A;politica
John Locke;O que preocupa os homens não são as coisas, mas as opiniões que eles têm delas.;Ensaio sobre o Entendimento Humano (1689);;A;reflexao
Karl Marx;A história de todas as sociedades até hoje existentes é a história da luta de classes.;Manifesto do Partido Comunista (1848), capítulo 1;;A;politica
Karl Marx;De cada um segundo sua capacidade, a cada um segundo sua necessidade.;Crítica do Programa de Gotha (1875);;A;politica
Michel Foucault;A alma é a prisão do corpo.;Vigiar e Punir (1975), parte I, capítulo 2;;A;reflexao
Heráclito;A guerra é o pai de todas as coisas.;Fragmento 53, transmitido por Hipólito;;A;politica
Aristóteles;Todos os homens, por natureza, desejam conhecer.;Metafísica, livro I, 980a, primeira linha;;A;educacao
Sêneca;Não é que temos pouco tempo, é que perdemos muito dele.;Sobre a Brevidade da Vida (49), capítulo 1;;A;vida
Epicteto;Algumas coisas dependem de nós, outras não.;Manual (Encheirídion), capítulo 1, primeira linha;;A;reflexao
Epicteto;Temos duas orelhas e uma boca para ouvirmos o dobro do que falamos.;Atribuído a Epicteto por Diógenes Laércio;;A-;reflexao
Marco Aurélio;Você tem poder sobre sua mente, não sobre os acontecimentos externos. Perceba isso e encontrará força.;Meditações, livro VIII, 47;;A;empoderamento
Marco Aurélio;A felicidade da sua vida depende da qualidade dos seus pensamentos.;Meditações, livro V;;A;felicidade
Marco Aurélio;"Logo terás esquecido tudo; logo todos te terão esquecido.";Meditações, livro VII, 21;;A;reflexao
Albert Einstein;Tudo deveria ser feito o mais simples possível, mas não mais simples que isso.;Formulação derivada de conferência de Einstein em Oxford (1933), popularizada em versão condensada;;A-;educacao
Marie Curie;Na vida, nada deve ser temido, tudo deve ser compreendido.;Registrado por Ève Curie em Madame Curie (1937);;A;educacao
Stephen Hawking;A inteligência é a capacidade de se adaptar à mudança.;Atribuído a Hawking em coletâneas, sem localização em sua obra;;A-;educacao
Carl Sagan;Se você quiser fazer uma torta de maçã do zero, primeiro precisa inventar o universo.;Cosmos (1980), episódio 9;;A;educacao
Isaac Newton;Não sei o que pareço ao mundo, mas para mim sou apenas um menino brincando na praia.;Registrado por Joseph Spence em Anecdotes (1820);;A;autorreconhecimento
Vincent van Gogh;Eu coloco meu coração e minha alma no meu trabalho, e perdi a razão no processo.;Carta a Theo van Gogh, 1889;;A;reflexao
Leonardo da Vinci;Aprender é a única coisa de que a mente nunca se cansa, nunca tem medo e nunca se arrepende.;Anotação nos cadernos de Leonardo;;A;educacao
Charles Chaplin;A vida é uma tragédia quando vista de perto, mas uma comédia quando vista de longe.;Atribuído a Chaplin em coletâneas, sem registro primário localizado;;A-;reflexao
Charles Chaplin;Nada é permanente neste mundo maldito, nem mesmo nossos problemas.;Atribuído a Chaplin em coletâneas, sem registro primário localizado;;A-;conforto
Coco Chanel;A simplicidade é a chave de toda a verdadeira elegância.;Entrevista registrada;;A;reflexao
J.K. Rowling;A felicidade pode ser encontrada mesmo nas horas mais sombrias, se a pessoa se lembrar de acender a luz.;Harry Potter e o Prisioneiro de Azkaban (1999), capítulo 22;;A;conforto
Ariano Suassuna;O otimista é um tolo, o pessimista é um chato. Bom mesmo é ser um realista esperançoso.;Aula-espetáculo registrada;;A;conforto
Cecília Meireles;A vida só é possível reinventada.;Poema Reinvenção, em Vaga Música (1942);;A;vida
Manuel Bandeira;A vida é uma ópera e uma grande ópera — mas é preciso saber que a gente canta desafinado.;Atribuído a Bandeira em coletâneas, sem localização em sua obra;;A-;vida
Mário Quintana;A vida é o dever que nós trouxemos para fazer em casa.;"Atribuído a Quintana; o verso é de Mario Quintana em Espelho Mágico (1951)";;A-;vida
Graciliano Ramos;Viviam como bichos, mas eram gente.;Vidas Secas (1938);;A;reflexao
Guimarães Rosa;Mestre não é quem sempre ensina, mas quem de repente aprende.;Grande Sertão: Veredas (1956);;A;educacao
Guimarães Rosa;A gente vive repetido, o repetido, e, escorregável, num mim minuto, já está empurrado noutro galho.;Grande Sertão: Veredas (1956);;A;vida
Clarice Lispector;Que ninguém se engane, só se consegue a simplicidade através de muito trabalho.;Crônica publicada no Jornal do Brasil, reunida em A Descoberta do Mundo;;A;reflexao
Chico Xavier;"Nem todos os que sorriem estão contentes; nem todos os que choram estão tristes.";Atribuído a Chico Xavier em coletâneas, sem obra localizada;;A-;reflexao
Ailton Krenak;Nós somos a terra, e não donos dela.;Ideias para Adiar o Fim do Mundo (2019);;A;reflexao
Darcy Ribeiro;Fracassei em tudo o que tentei na vida. Mas o fracasso foram sempre meios de me realizar.;Confissões (1997);;A;dificeis
Conceição Evaristo;Combatemos a escravidão de ontem e a de hoje com a escrita.;Palestras e conferências registradas da autora;;A;empoderamento
Paulo Freire;Se a educação sozinha não transforma a sociedade, sem ela tampouco a sociedade muda.;Pedagogia da Indignação (2000);;A;educacao
Paulo Freire;Não há saber mais nem saber menos: há saberes diferentes.;Pedagogia do Oprimido (1968);;A;educacao
Bertrand Russell;A guerra não determina quem está certo, apenas quem sobra.;Atribuído a Russell em coletâneas, sem localização em sua obra;;A-;politica
Bertrand Russell;A boa vida é inspirada pelo amor e guiada pelo conhecimento.;O Que Eu Acredito (1925), capítulo 2;;A;vida
Carl Gustav Jung;Tudo o que nos irrita nos outros pode nos levar a um entendimento de nós mesmos.;Memórias, Sonhos, Reflexões (1962);;A;autorreconhecimento
Carl Gustav Jung;Conheça todas as teorias, domine todas as técnicas, mas ao tocar uma alma humana seja apenas outra alma humana.;Atribuído a Jung em coletâneas, sem localização em sua obra;;A-;amor
Sigmund Freud;Um dia, em retrospecto, os anos de luta lhe parecerão os mais belos.;Atribuído a Freud em coletâneas, sem localização em sua obra;;A-;dificeis
Sigmund Freud;O ego não é senhor em sua própria casa.;Uma Dificuldade da Psicanálise (1917);;A;autorreconhecimento
Erich Fromm;A tarefa principal do homem na vida é dar à luz a si mesmo.;O Homem para Si Mesmo (1947);;A;autorreconhecimento
Viktor Frankl;A última das liberdades humanas é escolher a atitude diante de qualquer circunstância.;Em Busca de Sentido (1946), primeira parte;;A;reflexao
Peter Drucker;A melhor maneira de prever o futuro é criá-lo — atribuição disputada, origem provável em Alan Kay.;Ver o veredito registrado neste acervo;;A-;negocios
Peter Drucker;"Eficiência é fazer as coisas direito; eficácia é fazer as coisas certas.";O Gerente Eficaz (1967);;A;negocios
Peter Drucker;O que não se pode medir, não se pode melhorar — atribuição refutada, ver nota.;Ver o veredito registrado neste acervo;;A-;negocios
John C. Maxwell;Um líder é alguém que conhece o caminho, percorre o caminho e mostra o caminho.;As 21 Irrefutáveis Leis da Liderança (1998);;A;lideranca
John C. Maxwell;As pessoas não se importam com o quanto você sabe até saberem o quanto você se importa.;As 21 Irrefutáveis Leis da Liderança (1998), lei do vínculo;;A;lideranca
Seth Godin;Pessoas como nós fazem coisas como esta.;Isto é Marketing (2018);;A;negocios
Seth Godin;"Não encontre clientes para seus produtos; encontre produtos para seus clientes.";Isto é Marketing (2018);;A;negocios
Tom Peters;Se uma janela de oportunidade aparecer, não baixe a persiana.;Atribuído a Tom Peters em coletâneas, sem localização em sua obra;;A-;negocios
Peter Thiel;"Todas as empresas felizes são diferentes; todas as empresas fracassadas são iguais.";De Zero a Um (2014), capítulo 3;;A;negocios
Guy Kawasaki;As ideias são fáceis. A implementação é difícil.;A Arte do Começo (2004);;A;empreendedorismo
Mihaly Csikszentmihalyi;Os melhores momentos ocorrem quando o corpo ou a mente são levados ao limite num esforço voluntário.;Fluxo (1990), capítulo 1;;A;vida
Robert Kiyosaki;Os ricos compram ativos. Os pobres compram passivos achando que são ativos.;Pai Rico, Pai Pobre (1997), lição 2;;A;financas
Will Durant;"A civilização é um rio com margens. O rio às vezes está cheio de sangue; nas margens, as pessoas constroem casas e criam filhos.";Entrevista registrada, republicada em coletâneas de Will Durant;;A;reflexao
Warren Buffett;Leva vinte anos para construir uma reputação e cinco minutos para arruiná-la.;Fala a estudantes registrada em vídeo;;A;negocios
Warren Buffett;Só quando a maré baixa é que se descobre quem estava nadando pelado.;Carta aos acionistas da Berkshire Hathaway, 2001;;A;financas
Charlie Munger;Inverta, sempre inverta.;Poor Charlie’s Almanack (2005);;A;reflexao
Frida Kahlo;Eu não pinto sonhos nem pesadelos. Pinto a minha própria realidade.;Declaração registrada, em resposta ao rótulo surrealista atribuído por André Breton;;A;autorreconhecimento
Frida Kahlo;Pinto autorretratos porque estou muito sozinha, e porque sou o tema que conheço melhor.;Registrado em entrevistas e nos diários da artista;;A;autorreconhecimento
Maya Angelou;Tente ser um arco-íris na nuvem de alguém.;Carta à Minha Filha (2008);;A;amor
Maya Angelou;Você pode enfrentar muitas derrotas, mas não pode ser derrotado.;Carta à Minha Filha (2008), prefácio;;A;dificeis
Marguerite Yourcenar;A amizade é, antes de tudo, certeza — e é isso que a distingue do amor.;Memórias de Adriano (1951), seção Varius Multiplex Multiformis;;A;amizade
Agatha Christie;Não há nada mais fascinante do que ter um filho que é seu e, ao mesmo tempo, um estranho.;Uma Autobiografia (1977);;A;familia
Agatha Christie;A melhor hora para planejar um livro é enquanto se lava a louça.;Uma Autobiografia (1977);;A;reflexao
Max Planck;"Para o crente, Deus está no princípio; para o cientista, no fim de toda reflexão.";Religião e Ciência Natural (1937), conferência;;A;fe
Max Planck;Uma verdade nova não triunfa convencendo seus opositores, mas porque eles morrem e uma nova geração cresce familiarizada com ela.;Autobiografia Científica (1948);;A;educacao
Rubem Alves;Ensinar é um exercício de imortalidade. De alguma forma continuamos a viver naqueles cujos olhos aprenderam a ver o mundo pela magia da nossa palavra.;A Alegria de Ensinar (1994);;A;educacao
Rubem Alves;"O cientista estuda o que já existe; o poeta cria o que não existe.";Entre a Ciência e a Sapiência (1999);;A;educacao
Hannah Arendt;A tragédia começou não quando a liberdade de opinião foi abolida, mas quando ninguém mais soube distinguir fato de opinião.;"Formulação difundida a partir de Verdade e Política (1967); não é citação literal do ensaio";;A-;politica
Hannah Arendt;A verdade factual, como toda verdade, exige ser reconhecida peremptoriamente.;Verdade e Política (1967), ensaio publicado na The New Yorker;;A;politica
Søren Kierkegaard;"Arriscar causa ansiedade; não arriscar é perder a si mesmo.";O Conceito de Angústia (1844);;A;reflexao
Søren Kierkegaard;O maior perigo, o de perder a si mesmo, pode acontecer no mundo de forma silenciosa, como se não fosse nada.;O Desespero Humano (1849), primeira parte;;A;autorreconhecimento
Arthur Schopenhauer;A saúde não é tudo, mas sem ela tudo o mais é nada.;Aforismos para a Sabedoria de Vida (1851), capítulo 2;;A;vida
Arthur Schopenhauer;Cada um toma os limites do próprio campo de visão pelos limites do mundo.;Parerga e Paralipomena (1851), volume II;;A;reflexao
John Stuart Mill;A única liberdade que merece o nome é a de buscar o nosso próprio bem à nossa própria maneira.;Sobre a Liberdade (1859), capítulo 1;;A;politica
John Stuart Mill;Quem só conhece o próprio lado da questão conhece pouco dela.;Sobre a Liberdade (1859), capítulo 2;;A;educacao
Francis Bacon;"A leitura torna o homem completo; a conversa, ágil; a escrita, exato.";Ensaios (1625), Dos Estudos;;A;educacao
Francis Bacon;O que é mais buscado nos homens não é o entendimento, mas a memória.;Novum Organum (1620), livro I;;A;educacao
William James;A maior arma contra o estresse é a nossa capacidade de escolher um pensamento em vez de outro.;Atribuído a James em coletâneas, sem localização em sua obra;;A-;reflexao
William James;Somos como ilhas no mar, separados na superfície e ligados no fundo.;Atribuído a James em coletâneas, sem localização em sua obra;;A-;amizade
William James;O hábito é o enorme volante da sociedade, seu agente conservador mais precioso.;Princípios de Psicologia (1890), capítulo 4;;A;reflexao
Carl Gustav Jung;O encontro de duas personalidades é como o contato entre duas substâncias químicas: se há alguma reação, ambas se transformam.;Psicologia Moderna (1933), capítulo sobre problemas da psicoterapia;;A;reflexao
Paulo Freire;Ninguém liberta ninguém, ninguém se liberta sozinho: os homens se libertam em comunhão.;Pedagogia do Oprimido (1968), capítulo 2;;A;educacao
Paulo Freire;É preciso ter esperança, mas ter esperança do verbo esperançar, porque tem gente que tem esperança do verbo esperar.;"Formulação difundida a partir de falas de Freire; sem localização em obra publicada";;A-;conforto
Victor Hugo;Aquele que abre uma escola fecha uma prisão.;Atribuído a Victor Hugo em coletâneas, sem localização em sua obra;;A-;educacao
Victor Hugo;"O futuro tem muitos nomes: para os fracos é o inatingível; para os temerosos, o desconhecido; para os valentes, a oportunidade.";Atribuído a Victor Hugo em coletâneas, sem localização em sua obra;;A-;motivacao
Bertrand Russell;"A ciência é o que sabemos; a filosofia é o que não sabemos.";Conferência O Valor da Filosofia, reproduzida em Ensaios Impopulares (1950);;A;filosofos
Eleanor Roosevelt;Faça uma coisa todo dia que te dê medo.;Você Aprende Vivendo (1960);;A;reflexao
Eleanor Roosevelt;O futuro pertence àqueles que acreditam na beleza de seus sonhos.;Atribuído a Eleanor Roosevelt em coletâneas, sem registro documental localizado;;A-;motivacao
Machado de Assis;O menino é o pai do homem.;Dom Casmurro (1899), capítulo 2;;A;familia
Fernando Pessoa;Tudo vale a pena quando a alma não é pequena.;Mensagem (1934), poema Mar Português;;A;reflexao
Dalai Lama;Amor e compaixão são necessidades, não luxos. Sem eles, a humanidade não sobrevive.;Uma Ética para o Novo Milênio (1999);;A;amor
Dalai Lama;Nossa principal finalidade nesta vida é ajudar os outros. E se você não pode ajudá-los, ao menos não os machuque.;Palestras e conferências registradas do Dalai Lama;;A;amor
Dinah Maria Craik;A amizade é o conforto indescritível de nos sentirmos seguros com uma pessoa, sem ter de pesar pensamentos nem medir palavras.;A Life for a Life (1859), capítulo 16;Circula em massa atribuída a George Eliot. É de Dinah Maria Mulock Craik, romancista inglesa contemporânea dela.;A;amizade
Simon Sinek;"As pessoas não compram o que você faz; elas compram por que você faz.";Comece pelo Porquê;;A;lideranca
Simon Sinek;Há líderes e há aqueles que lideram. Os líderes ocupam uma posição de poder ou de autoridade, mas aqueles que lideram nos inspiram.;Comece pelo Porquê;;A;lideranca
Simon Sinek;"Os grandes líderes não são responsáveis pelo trabalho; são responsáveis pelas pessoas que fazem o trabalho.";Líderes se Servem por Último;;A;lideranca
Michael Porter;A intensidade da concorrência em um setor não é questão de coincidência nem de má sorte: ela tem raízes na estrutura econômica do próprio setor.;Estratégia Competitiva;;A;negocios
Michael Porter;A vantagem competitiva nasce do valor que uma empresa consegue criar para seus compradores e que excede o custo de criá-lo.;Vantagem Competitiva;;A;negocios
Jonathan Haidt;"As intuições vêm primeiro; o raciocínio estratégico vem depois.";A Mente Moralista;;A;reflexao
Jonathan Haidt;A mente moral é como uma língua com seis receptores de sabor.;A Mente Moralista;;A;reflexao
Jonathan Haidt;Substituímos a infância baseada em brincadeiras por uma infância baseada em telefones.;A Geração Ansiosa;;A;educacao
Albert Bandura;Felizmente, a maior parte do comportamento humano é aprendida pela observação, por meio da modelação.;Teoria da Aprendizagem Social;;A;educacao
Albert Bandura;As teorias que explicam o comportamento humano como produto de forças unilaterais, internas ou externas, não resistem ao exame.;Teoria da Aprendizagem Social;;A;reflexao
José Ortega y Gasset;A civilização não é dada, não se sustenta a si mesma. É artificial: quem quiser conservá-la precisa cuidar dela.;A Rebelião das Massas;;A;reflexao
José Ortega y Gasset;A característica do momento é que a alma medíocre, sabendo-se medíocre, tem o atrevimento de afirmar o direito da mediocridade e o impõe onde quer.;A Rebelião das Massas;;A;politica
Amartya Sen;O que nos move não é a percepção de que o mundo não é inteiramente justo, e sim a de que existem à nossa volta injustiças claramente remediáveis.;A Ideia de Justiça;;A;politica
Erving Goffman;O normal e o estigmatizado não são pessoas, mas perspectivas.;Estigma;;A;reflexao
Erving Goffman;A sociedade é organizada sobre o princípio de que todo indivíduo que possui certas características sociais tem o direito moral de esperar que os outros o valorizem e o tratem de modo apropriado.;A Representação do Eu na Vida Cotidiana;;A;reflexao
Theodore Levitt;Toda indústria já foi, um dia, uma indústria em crescimento.;Miopia em Marketing;;A;negocios
Theodore Levitt;"As ferrovias não pararam de crescer porque a necessidade de transporte diminuiu; ela cresceu. Elas entraram em dificuldade porque deixaram que outros atendessem a essa necessidade.";Miopia em Marketing;;A;negocios
Jack Welch;Nos negócios, a falta de franqueza bloqueia as ideias inteligentes, a ação rápida e a contribuição integral das boas pessoas.;Paixão por Vencer;;A;lideranca
Jack Welch;Antes de ser líder, crescer significa crescer você mesmo. Quando você se torna líder, crescer passa a significar fazer os outros crescerem.;Jack: Definitivo;;A;lideranca
Friedrich Hayek;Quem controla toda a atividade econômica controla os meios para todos os nossos fins.;O Caminho da Servidão;;A;politica
Friedrich Hayek;O problema econômico da sociedade é sobretudo um problema de adaptação rápida a mudanças nas circunstâncias particulares de tempo e lugar.;O Uso do Conhecimento na Sociedade;;A;financas
Thomas Hobbes;Durante o tempo em que os homens vivem sem um poder comum capaz de os manter a todos em respeito, eles se encontram naquela condição a que se chama guerra: uma guerra de todos contra todos.;Leviatã;;A;politica
Thomas Hobbes;A vida do homem, nessa condição, é solitária, pobre, sórdida, embrutecida e curta.;Leviatã;;A;reflexao
Nassim Nicholas Taleb;Algumas coisas se beneficiam de choques: prosperam e crescem quando expostas à volatilidade, ao acaso, à desordem e ao estresse.;Antifrágil;;A;reflexao
Nassim Nicholas Taleb;"Não me diga o que você pensa; diga-me o que você tem na sua carteira.";Arriscando a Própria Pele;;A;financas
Milton Friedman;Uma sociedade que coloca a igualdade de resultado à frente da liberdade terminará sem uma nem outra.;Livre para Escolher;;A;politica
Milton Friedman;Existe uma e só uma responsabilidade social da empresa: usar seus recursos e engajar-se em atividades destinadas a aumentar seus lucros, dentro das regras do jogo.;Capitalismo e Liberdade;;A;negocios
Adam Smith;Por mais egoísta que se suponha o homem, existem evidentemente em sua natureza princípios que o fazem interessar-se pela sorte dos outros.;Teoria dos Sentimentos Morais;;A;reflexao
Adam Smith;Cada indivíduo, ao buscar apenas seu próprio ganho, é conduzido por uma mão invisível a promover um fim que não fazia parte de sua intenção.;A Riqueza das Nações;;A;financas
David Hume;O homem sábio ajusta sua crença à evidência.;Investigação sobre o Entendimento Humano;;A;reflexao
David Hume;Não é contrário à razão preferir a destruição do mundo inteiro a um arranhão no meu dedo.;Tratado da Natureza Humana;;A;filosofos
Jim Collins;O bom é inimigo do ótimo.;Empresas Feitas para Vencer;;A;negocios
Jim Collins;As pessoas não são o seu ativo mais importante. As pessoas certas são.;Empresas Feitas para Vencer;;A;lideranca
Jim Collins;Construa o relógio, em vez de dar a hora.;Feitas para Durar;;A;empreendedorismo
Max Weber;A política consiste em furar tábuas duras, devagar e com firmeza.;Ciência e Política: Duas Vocações;;A;politica
Max Weber;"O puritano quis ser um profissional; nós somos obrigados a sê-lo.";A Ética Protestante e o Espírito do Capitalismo;;A;reflexao
Martin Seligman;O desamparo aprendido é a desistência que se segue à crença de que nada que você faça importa.;Felicidade Autêntica;;A;dificeis
Martin Seligman;O bem-estar tem cinco elementos mensuráveis: emoção positiva, engajamento, sentido, realização e relacionamentos.;Florescer;;A;felicidade
Norberto Bobbio;O problema grave de nosso tempo, quanto aos direitos do homem, não é mais o de fundamentá-los, e sim o de protegê-los.;A Era dos Direitos;;A;politica
Pierre Bourdieu;O gosto une e separa.;A Distinção: Crítica Social do Julgamento;;A;reflexao
Edward Bernays;Se compreendemos o mecanismo e os motivos da mente coletiva, é possível controlar e arregimentar as massas conforme nossa vontade, sem que elas o saibam.;Propaganda;;A;manipulacao
J. R. R. Tolkien;É preciso ter coragem para sair pela porta de casa.;O Senhor dos Anéis;;A;motivacao
Henry David Thoreau;Se um homem não acompanha o passo de seus companheiros, talvez seja porque ouve um tambor diferente.;Walden;;A;autorreconhecimento
Erich Fromm;A tarefa mais importante da vida humana é dar à luz a si mesmo, tornar-se aquilo que se é potencialmente.;A Arte de Amar;;A;autorreconhecimento
Dale Carnegie;Quando lidamos com pessoas, lembremos que não estamos lidando com criaturas de lógica, mas com criaturas de emoção.;Como Fazer Amigos e Influenciar Pessoas;;A;reflexao
Jean-Jacques Rousseau;Renunciar à liberdade é renunciar à condição de homem.;O Contrato Social;;A;politica
Benjamin Graham;O principal problema do investidor — e seu pior inimigo — é ele mesmo.;O Investidor Inteligente;;A;financas
Carl Sagan;Em algum lugar, algo incrível está esperando para ser conhecido.;Cosmos;;A;reflexao
Antoine de Saint-Exupéry;A terra nos ensina mais sobre nós mesmos do que todos os livros, porque nos oferece resistência.;Terra dos Homens;;A;reflexao
Aldous Huxley;Um amor pela servidão não se estabelece a não ser como resultado de uma revolução profunda e pessoal nas mentes e nos corpos humanos.;Admirável Mundo Novo;;A;politica
Aldous Huxley;Cada um de nós é potencialmente Mente Ampla. Mas, na medida em que somos animais, nosso negócio é sobreviver a todo custo.;As Portas da Percepção;;A;reflexao
Alexandre Dumas;Um por todos, todos por um.;Os Três Mosqueteiros;;A;amizade
Alice Walker;Acho que incomoda Deus quando passamos pela cor púrpura num campo e não notamos.;A Cor Púrpura;;A;gratidao
Ambrose Bierce;Amizade: um navio grande o bastante para levar dois em tempo bom, mas apenas um em tempo ruim.;O Dicionário do Diabo;;A;amizade
Ambrose Bierce;Otimista: o defensor da doutrina de que o preto é branco.;O Dicionário do Diabo;;A;reflexao
Andrew Carnegie;O dever do homem rico é dar o exemplo de uma vida modesta e administrar seus excedentes como fundos confiados a ele em benefício da comunidade.;O Evangelho da Riqueza;;A;financas
Andy Grove;O sucesso gera complacência. A complacência gera fracasso. Só os paranoicos sobrevivem.;Só os Paranoicos Sobrevivem;;A;negocios
Andy Grove;A produção de um gerente é a produção das unidades organizacionais sob sua supervisão ou influência.;Administração de Alta Performance;;A;lideranca
Ayn Rand;Contradições não existem. Quando achar que encontrou uma, verifique suas premissas: descobrirá que uma delas está errada.;A Revolta de Atlas;;A;reflexao
Brené Brown;A vulnerabilidade é o berço da inovação, da criatividade e da mudança.;A Coragem de Ser Imperfeito;;A;empoderamento
Brené Brown;A vergonha é o medo da desconexão.;A Coragem de Ser Imperfeito;;A;dificeis
Emily Dickinson;A esperança é a coisa com penas que se aninha na alma e canta a melodia sem palavras, e nunca para.;Poemas completos;;A;conforto
Emily Dickinson;Porque eu não podia parar para a Morte, ela gentilmente parou para mim.;Poemas completos;;A;reflexao
Ernest Hemingway;O homem pode ser destruído, mas não derrotado.;O Velho e o Mar;;A;dificeis
Esopo;Devagar e sempre se vence a corrida.;Fábulas;;A;motivacao
Esopo;Nenhum ato de bondade, por pequeno que seja, é desperdiçado.;Fábulas;;A;gratidao
Eurípides;De todas as criaturas que respiram e se movem sobre a terra, nada nasce mais desamparado que a mulher.;Medeia;;A;empoderamento
Eurípides;Não é sabedoria ser sábio em excesso.;As Bacantes;;A;filosofos
Frederick Douglass;O que é, para o escravo americano, o Quatro de Julho? Um dia que lhe revela, mais do que todos os outros do ano, a injustiça e a crueldade grosseiras de que é vítima constante.;O que é o 4 de Julho para o escravo?;;A;politica
Galileu Galilei;"Não se pode ensinar nada a um homem; só se pode ajudá-lo a descobrir por si mesmo.";Diálogo sobre os Dois Máximos Sistemas do Mundo;;A;educacao
Galileu Galilei;Descobri quatro planetas nunca vistos desde o princípio do mundo até nossos dias.;O Mensageiro das Estrelas;;A;reflexao
George Bernard Shaw;A diferença entre uma dama e uma florista não está em como ela se comporta, mas em como é tratada.;Pigmaleão;;A;reflexao
George Eliot;"O bem que cresce no mundo depende em parte de atos não históricos; e que as coisas não sejam piores para você e para mim se deve, em parte, ao número de vidas fielmente vividas e escondidas.";Middlemarch;;A;vida
Gustave Flaubert;A linguagem humana é como um caldeirão rachado em que batemos melodias para ursos dançarem, quando aspirávamos comover as estrelas.;Madame Bovary;;A;reflexao
Hipócrates;Antes de tudo, não causar dano.;Corpus Hippocraticum;;A;reflexao
Isaiah Berlin;Sou livre na medida em que nenhum homem interfere na minha atividade.;Dois Conceitos de Liberdade;;A;politica
James M. Barrie;Basta pensar em coisas alegres e o coração ganha asas.;Peter Pan;;A;felicidade
Jean Piaget;A inteligência organiza o mundo organizando-se a si mesma.;O Nascimento da Inteligência na Criança;;A;educacao
John Maynard Keynes;Não há meio mais sutil nem mais seguro de destruir a base existente de uma sociedade do que corromper sua moeda.;As Consequências Econômicas da Paz;;A;financas
Lev Vygotsky;O pensamento não se expressa simplesmente em palavras: é nelas que ele passa a existir.;Pensamento e Linguagem;;A;educacao
Lev Vygotsky;O que a criança consegue fazer hoje com ajuda, amanhã conseguirá fazer sozinha.;A Formação Social da Mente;;A;educacao
Charles de Gaulle;Toda a minha vida tive de mim mesmo uma certa ideia da França.;Memórias de Guerra;;A;politica
Dwight D. Eisenhower;Vocês estão prestes a embarcar na grande cruzada rumo à qual nos empenhamos por tantos meses.;Cruzada na Europa;;A;lideranca
Douglas MacArthur;Dever, honra, pátria: essas três palavras sagradas ditam reverentemente o que vocês devem ser, o que podem ser, o que serão.;Discurso de Despedida em West Point;;A;lideranca
David Ogilvy;Se não vende, não é criativo.;Ogilvy on Advertising;;A;negocios
Desmond Tutu;"Sem perdão não há futuro; mas sem confissão não pode haver perdão.";Não Há Futuro sem Perdão;;A;fe
Alan Turing;Proponho considerar a seguinte pergunta: podem as máquinas pensar?;Máquinas de Computação e Inteligência;;A;reflexao
Ernest Renan;Uma nação é uma alma, um princípio espiritual.;O Que é uma Nação?;;A;politica
Georg Simmel;O habitante da metrópole reage com a cabeça, e não com o coração.;As Grandes Cidades e a Vida do Espírito;;A;reflexao
Herbert Simon;A capacidade da mente humana para formular e resolver problemas complexos é muito pequena diante do tamanho dos problemas cuja solução o comportamento racional exigiria.;Comportamento Administrativo;;A;reflexao
Lord Byron;A verdade é sempre mais estranha que a ficção.;Dom Juan;;A;reflexao
Lord Byron;Amo não menos o homem, mas mais a Natureza.;A Peregrinação de Childe Harold;;A;reflexao
Ludwig van Beethoven;Foi somente a minha arte que me impediu de dar cabo da minha vida.;Testamento de Heiligenstadt;;A;dificeis
Ludwig van Beethoven;Ó vós, homens que me julgais hostil, teimoso ou misantropo, como me injuriais: não conheceis a causa secreta do que assim vos parece.;Testamento de Heiligenstadt;;A;conforto
Malcolm X;Será o voto ou a bala.;O Voto ou a Bala;;A;politica
Marguerite Yourcenar;Fundar bibliotecas é como construir celeiros públicos: amontoar reservas contra um inverno do espírito.;Memórias de Adriano;;A;educacao
Michael Jordan;"Posso aceitar o fracasso; todo mundo fracassa em algo. Mas não posso aceitar não tentar.";Eu Não Posso Aceitar Não Tentar;;A;motivacao
Mihaly Csikszentmihalyi;A felicidade não é algo que simplesmente acontece: não é resultado de boa sorte nem de acaso, é algo que se prepara.;Fluxo;;A;felicidade
Noam Chomsky;Os meios de comunicação servem para mobilizar apoio aos interesses especiais que dominam o Estado e a atividade privada.;Manufaturando Consenso (com Edward Herman);;A;manipulacao
Noam Chomsky;É responsabilidade dos intelectuais dizer a verdade e desmascarar mentiras.;A Responsabilidade dos Intelectuais;;A;politica
Peter Thiel;Que verdade importante muito pouca gente concorda com você?;De Zero a Um;;A;empreendedorismo
Peter Thiel;Cada momento nos negócios acontece apenas uma vez. O próximo Bill Gates não vai criar um sistema operacional.;De Zero a Um;;A;empreendedorismo
Publílio Siro;Ninguém sabe do que é capaz até ter tentado.;Sentenças;;A;motivacao
Reid Hoffman;Toda pessoa é uma empresa em estágio inicial, e sua carreira é o produto.;O Startup de Você;;A;empreendedorismo
Robert Louis Stevenson;O homem não é verdadeiramente um, e sim dois.;O Médico e o Monstro;;A;autorreconhecimento
Rosa Luxemburgo;A liberdade apenas para os partidários do governo, apenas para os membros de um partido, não é liberdade.;Obra e cartas de Rosa Luxemburgo;;A;politica
Stanley Milgram;Pessoas comuns, apenas fazendo seu trabalho e sem nenhuma hostilidade particular, podem tornar-se agentes de um processo terrível de destruição.;Obediência à Autoridade;;A;manipulacao
Stephen Covey;Comece com o fim em mente.;Os 7 Hábitos das Pessoas Altamente Eficazes;;A;motivacao
Thomas Sowell;A economia é o estudo do uso de recursos escassos que têm usos alternativos.;Economia Básica;;A;financas
Tom Peters;Uma inclinação para a ação: fazer, corrigir, tentar.;Em Busca da Excelência;;A;negocios
Will Durant;A educação é a descoberta progressiva de nossa própria ignorância.;A História da Filosofia;;A;educacao
Will Durant;Uma grande civilização não é conquistada de fora antes de ter se destruído por dentro.;A História da Civilização;;A;politica
Yuval Noah Harari;Não há deuses no universo, nem nações, nem dinheiro, nem direitos humanos, nem leis, nem justiça, fora da imaginação coletiva dos seres humanos.;Sapiens;;A;reflexao
Yuval Noah Harari;A história começou quando os humanos inventaram os deuses, e terminará quando os humanos se tornarem deuses.;Homo Deus;;A;reflexao
Woodrow Wilson;Deve ser formada uma associação geral de nações, com o propósito de garantir independência política e integridade territorial a Estados grandes e pequenos igualmente.;Os Quatorze Pontos;;A;politica
Oliver Wendell Holmes;A grande coisa neste mundo não é tanto onde estamos, mas em que direção nos movemos.;O Autocrata da Mesa do Café da Manhã;;A;motivacao
Melinda French Gates;Quando você levanta as mulheres, você levanta a humanidade.;O Momento de Voar;;A;empoderamento
Sheryl Sandberg;O que você faria se não tivesse medo?;Faça Acontecer;;A;empoderamento
Sheryl Sandberg;A resiliência não é um traço fixo: é um músculo que se constrói.;Plano B;;A;dificeis
Wangari Maathai;Quando plantamos árvores, plantamos as sementes da paz e da esperança.;Unbowed;;A;fe
Sophie Scholl;Nada é tão indigno de um povo civilizado quanto deixar-se governar, sem resistência, por uma camarilha irresponsável e movida por instintos obscuros.;Panfletos da Rosa Branca;;A;politica
Albert Schweitzer;A ética é a reverência infinitamente ampliada por toda forma de vida.;Filosofia da Civilização;;A;fe
Amos Tversky;As pessoas recorrem a um número limitado de heurísticas que reduzem a tarefa complexa de avaliar probabilidades a operações de julgamento mais simples.;Julgamento sob Incerteza: Heurísticas e Vieses;;A;reflexao
Amos Tversky;As perdas pesam mais do que os ganhos de mesma magnitude.;Teoria do Prospecto;;A;financas
Angela Davis;A prisão funciona ideologicamente como um espaço abstrato onde se depositam os indesejáveis, aliviando-nos da responsabilidade de pensar sobre as verdadeiras questões.;Estarão as Prisões Obsoletas?;;A;politica
Augusto;Com dezenove anos de idade, por iniciativa própria e com meus próprios recursos, reuni um exército com o qual devolvi a liberdade à república oprimida.;Res Gestae Divi Augusti;;A;politica
B. R. Ambedkar;A religião que estabelece preceitos diferentes para classes diferentes não é religião: é apenas uma ordem de punições.;A Aniquilação das Castas;;A;politica
Benjamin Constant;"A liberdade dos antigos consistia na participação ativa e constante no poder coletivo; a dos modernos consiste na garantia tranquila dos gozos privados.";Da Liberdade dos Antigos Comparada à dos Modernos;;A;politica
Cleantes;Nada acontece na terra sem ti, ó Deus, nem na esfera divina do céu, nem no mar.;Hino a Zeus;;A;fe
Elbert Hubbard;O mundo concede seus grandes prêmios, tanto em dinheiro quanto em honras, por uma só coisa: iniciativa.;Uma Mensagem a Garcia;;A;negocios
Francisco de Assis;Louvado sejas, meu Senhor, com todas as tuas criaturas, especialmente o senhor irmão sol, que é o dia e por quem nos dás a luz.;Cântico das Criaturas;;A;gratidao
Francisco de Assis;Os frades não se apropriem de nada: nem casa, nem lugar, nem coisa alguma.;Regra dos Frades Menores;;A;fe
George Lakoff;A metáfora não é apenas questão de linguagem: nosso sistema conceitual cotidiano é em grande parte metafórico.;Metáforas da Vida Cotidiana;;A;reflexao
George Lakoff;Enquadrar é escolher a linguagem que se ajusta à sua visão de mundo, e não à do adversário.;Não Pense em um Elefante;;A;manipulacao
Guy Kawasaki;Faça sentido, não faça dinheiro. As melhores empresas nascem porque os fundadores querem mudar o mundo, não ficar ricos.;A Arte do Começo;;A;empreendedorismo
Guy Kawasaki;Não se preocupe em ser péssimo: lançar um produto imperfeito é melhor do que não lançar nenhum.;A Arte do Começo;;A;empreendedorismo
Haemin Sunim;Quando sua mente descansa, o mundo também descansa.;As Coisas Que Você Só Vê Quando Desacelera;;A;conforto
Harry Markowitz;A diversificação é ao mesmo tempo observada na prática e sensata: uma regra de comportamento que não implique a superioridade da diversificação deve ser rejeitada.;Seleção de Carteiras;;A;financas
Henry Chesbrough;As empresas devem usar tanto ideias externas quanto internas, e tanto caminhos internos quanto externos para chegar ao mercado.;Open Innovation;;A;empreendedorismo
Jacques Maritain;A pessoa humana transcende a sociedade por aquilo que nela há de mais profundo, e lhe pertence por aquilo que nela há de material.;Humanismo Integral;;A;filosofos
Jaron Lanier;Você não é o cliente das empresas de redes sociais: você é o produto.;Dez Argumentos para Você Deletar Agora Suas Redes Sociais;;A;manipulacao
Jean de La Fontaine;Ajuda-te, e o céu te ajudará.;Fábulas;;A;motivacao
John Galbraith;A riqueza é implacável inimiga da compreensão.;A Sociedade Afluente;;A;financas
John Galbraith;Nas coisas do dinheiro, nada é mais notável do que a brevidade da memória.;A Crise Econômica de 1929;;A;financas
José Martí;As trincheiras de ideias valem mais do que as trincheiras de pedra.;Nossa América;;A;educacao
Karl Jaspers;Existe uma culpa política que consiste em que todo cidadão responde pela maneira como é governado.;A Questão da Culpa Alemã;;A;politica
Karl Jaspers;Compreender não é explicar.;Psicopatologia Geral;;A;reflexao
Lee Iacocca;Aplique-se. Busque toda a educação que puder e depois, por Deus, faça alguma coisa. Nada de grande foi conquistado sem entusiasmo.;Iacocca: Uma Autobiografia;;A;motivacao
Martinho Lutero;Nosso Senhor e Mestre Jesus Cristo, ao dizer arrepende-te, quis que toda a vida dos fiéis fosse arrependimento.;95 Teses;;A;fe
Al Ries e Jack Trout;É melhor ser o primeiro do que ser o melhor.;As 22 Consagradas Leis do Marketing;;A;negocios
Estée Lauder;Não cheguei até aqui sonhando nem pensando: cheguei até aqui trabalhando.;Estée: Uma História de Sucesso;;A;empreendedorismo
Georg Simmel;O dinheiro é o exemplo mais puro de um meio que se converteu em fim absoluto.;Filosofia do Dinheiro;;A;financas
Adélia Prado;Quando nasci, um anjo esbelto, desses que tocam trombeta, anunciou: vai carregar bandeira.;Bagagem;;A;autorreconhecimento
Abraham Maslow;O que um homem pode ser, ele precisa ser.;Motivação e Personalidade;;A;autorreconhecimento
Abraham Maslow;É bem verdade que o homem vive só de pão — quando não há pão.;Motivação e Personalidade;;A;vida
Booker T. Washington;Ninguém consegue rebaixar-me ao ponto de me fazer odiá-lo.;Da Escravidão à Liberdade;;A;empoderamento
Booker T. Washington;Lancem seu balde onde vocês estão.;Instituto Tuskegee;;A;motivacao
Sojourner Truth;Eu arei, plantei e enchi celeiros, e nenhum homem podia me superar. E não sou eu uma mulher?;Não Sou Eu uma Mulher?;;A;empoderamento
Sojourner Truth;Se a primeira mulher que Deus fez foi forte o bastante para virar o mundo de cabeça para baixo sozinha, estas mulheres juntas deveriam ser capazes de virá-lo de volta.;Não Sou Eu uma Mulher?;;A;empoderamento
Max Planck;A ciência não consegue resolver o mistério último da natureza, porque nós mesmos somos parte do enigma que tentamos resolver.;Autobiografia Científica;;A;reflexao
Meister Eckhart;Se a única oração que você fizer em toda a vida for obrigado, já será suficiente.;Sermões Alemães;;A;gratidao
Meister Eckhart;Deus está mais perto de mim do que eu estou de mim mesmo.;Sermões Alemães;;A;fe
Darcy Ribeiro;"Ninguém vale mais do que o outro; todos somos filhos da mesma tragédia e da mesma esperança.";O Povo Brasileiro;;A;vida
Anísio Teixeira;Só existe democracia onde a educação é um direito de todos e não o privilégio de alguns.;Educação Não é Privilégio;;A;educacao
John Bowlby;A criança precisa de uma base segura a partir da qual possa explorar o mundo e à qual possa retornar.;Apego;;A;familia
John Bowlby;O que para o psicanalista é a perda da mãe, para o etólogo é a perda da proteção contra o perigo.;Apego;;A;familia
Oprah Winfrey;A gratidão é o caminho mais rápido para transformar o que você tem no bastante.;O Que Eu Sei com Certeza;;A;gratidao
Oliver Goldsmith;Escolhi minha esposa como ela escolheu o vestido de noiva: não pelo brilho da superfície, mas por qualidades que durassem bem.;O Vigário de Wakefield;;A;amor
Norman Schwarzkopf;A liderança é uma combinação poderosa de estratégia e caráter. Mas, se você tiver de ficar sem um dos dois, fique sem a estratégia.;It Doesn’t Take a Hero;;A;lideranca
Nora Ephron;Se eu contar a história, controlo a versão. Se eu contar a história, posso fazer você rir — e prefiro que você ria de mim a sentir pena de mim.;Heartburn;;A;dificeis
Reinhold Niebuhr;Os grupos sociais são menos capazes de autocrítica e de justiça do que os indivíduos que os compõem.;Moral Man and Immoral Society;;A;politica
Walt Disney;A todos que vêm a este lugar feliz: bem-vindos. Aqui a idade revive boas lembranças do passado, e a juventude saboreia o desafio e a promessa do futuro.;Disneylândia;;A;felicidade
Plutarco;"Não escrevo histórias, e sim vidas; e nem sempre é nas ações mais gloriosas que se revela a virtude ou o vício.";Vidas Paralelas;;A;reflexao
Robert Kiyosaki;Os pobres e a classe média trabalham por dinheiro. Os ricos fazem o dinheiro trabalhar para eles.;Pai Rico, Pai Pobre;;A;financas
Oliver Wendell Holmes;O jovem conhece as regras, mas o velho conhece as exceções.;O Autocrata da Mesa do Café da Manhã;;A;reflexao
Neil Postman;A infância é uma invenção social, e não uma categoria biológica.;O Desaparecimento da Infância;;A;educacao
Nikola Tesla;Nossas virtudes e nossos defeitos são inseparáveis, como a força e a matéria: quando se separam, o homem deixa de existir.;Minhas Invenções;;A;autorreconhecimento
Mihaly Csikszentmihalyi;Chamo de fluxo o estado em que a pessoa está tão envolvida numa atividade que nada mais parece importar.;Fluxo;;A;felicidade
Miguel de Cervantes;A pena é a língua da alma.;Dom Quixote;;A;reflexao
Stephen Covey;Ser proativo é mais do que tomar iniciativa: é reconhecer que somos responsáveis pelas nossas próprias escolhas.;Os 7 Hábitos das Pessoas Altamente Eficazes;;A;empoderamento
T. S. Eliot;Medi minha vida em colheres de café.;A Canção de Amor de J. Alfred Prufrock;;A;reflexao
Paul Tillich;A coragem é a autoafirmação do ser apesar do fato do não-ser.;A Coragem de Ser;;A;fe
Rosa Parks;Aprendi ao longo dos anos que, quando a pessoa já tomou sua decisão, isso diminui o medo.;Rosa Parks: Minha História;;A;dificeis
Sophie Scholl;Cada indivíduo consciente da responsabilidade que carrega deve defender-se nesta última hora.;Panfletos da Rosa Branca;;A;politica
Stanley Milgram;A obediência é o elemento psicológico que liga o indivíduo ao sistema de autoridade.;Obediência à Autoridade;;A;manipulacao
Reid Hoffman;Nenhuma carreira é garantida: todos estamos em beta permanente.;O Startup de Você;;A;empreendedorismo
Robert K. Greenleaf;O teste é este: aqueles a quem se serve crescem como pessoas? Tornam-se mais saudáveis, mais sábios, mais livres, mais autônomos?;O Servidor como Líder;;A;lideranca
Pelé;O sucesso não é acidente: é trabalho duro, perseverança, estudo, sacrifício e, acima de tudo, amor pelo que se está fazendo.;Pelé: A Autobiografia;;A;motivacao
Angela Duckworth;Talento vezes esforço resulta em habilidade. Habilidade vezes esforço resulta em realização.;Garra;;A;motivacao
Ayn Rand;A realização do próprio bem-estar e da própria felicidade é o mais alto propósito moral do ser humano.;A Virtude do Egoísmo;;A;autorreconhecimento
Ernest Hemingway;O mundo é um bom lugar e vale a pena lutar por ele.;Por Quem os Sinos Dobram;;A;vida
Ernest Hemingway;Como você foi à falência? De duas maneiras: gradualmente, e depois de repente.;O Sol Também Se Levanta;;A;financas
J.K. Rowling;Não adianta viver de sonhos e esquecer de viver.;Harry Potter e a Pedra Filosofal;;A;vida
Harriet Tubman;Fui condutora da Ferrovia Subterrânea por oito anos, e posso dizer o que a maioria dos condutores não pode: nunca descarrilei meu trem e nunca perdi um passageiro.;Rotas da Ferrovia Subterrânea;;A;empoderamento
Hans Kelsen;A ciência jurídica deve descrever o direito tal como ele é, e não como deveria ser.;Teoria Pura do Direito;;A;politica
Howard Schultz;É na adversidade e na mudança que descobrimos quem realmente somos e o que defendemos.;Dedique-se de Coração;;A;dificeis
Jean Piaget;Conhecer um objeto é agir sobre ele e transformá-lo.;A Epistemologia Genética;;A;educacao
Jane Goodall;Você não atravessa um único dia sem causar algum efeito no mundo à sua volta. O que você faz importa, e cabe a você decidir que tipo de diferença quer fazer.;Razão para Esperança;;A;empoderamento
Jaron Lanier;As pessoas se rebaixam para tornar as máquinas mais impressionantes.;Você Não É Um Aplicativo;;A;manipulacao
Ada Lovelace;A Máquina Analítica não tem nenhuma pretensão de originar coisa alguma: ela pode fazer o que quer que saibamos ordenar-lhe que execute.;Notas sobre a Máquina Analítica;;A;reflexao
Angela Davis;As mulheres negras eram iguais a seus companheiros na opressão que sofriam e resistiam à escravidão com uma paixão igual à deles.;Mulheres, Raça e Classe;;A;empoderamento
Arthur Ashe;O verdadeiro heroísmo é notavelmente sóbrio e nada dramático: não é o impulso de superar os outros a qualquer custo, mas de servi-los a qualquer custo.;Days of Grace;;A;lideranca
Brian Tracy;Seu sapo é a maior e mais importante tarefa do dia — justamente aquela que você tem mais chance de adiar.;Engula Aquele Sapo;;A;motivacao
Conceição Evaristo;A nossa escrevivência não pode ser lida como história para ninar os da casa-grande, e sim para incomodá-los em seus sonos injustos.;Escrevivência;;A;empoderamento
Donald Winnicott;É no brincar, e somente no brincar, que a criança ou o adulto é inteiramente ele mesmo.;O Brincar e a Realidade;;A;felicidade
Elisabeth Kübler-Ross;Se você proteger os cânions das tempestades, nunca verá a beleza de suas formas esculpidas.;Sobre a Morte e o Morrer;;A;dificeis
Elisabeth Kübler-Ross;Os que morrem podem nos ensinar muito, se tivermos a paciência de escutá-los.;Sobre a Morte e o Morrer;;A;conforto
Esopo;Não conte os pintinhos antes de chocarem os ovos.;Fábulas;;A;reflexao
Esopo;Aparências enganam.;Fábulas;;A;reflexao
Elbert Hubbard;A civilização é uma longa e ansiosa busca por pessoas assim.;Uma Mensagem a Garcia;;A;lideranca
Joseph Joubert;É melhor debater uma questão sem resolvê-la do que resolvê-la sem debatê-la.;Pensamentos;;A;reflexao
Joseph Joubert;As crianças precisam mais de modelos do que de críticos.;Pensamentos;;A;educacao
Gottfried Wilhelm Leibniz;Nada há no intelecto que não tenha estado antes nos sentidos — exceto o próprio intelecto.;Novos Ensaios sobre o Entendimento Humano;;A;filosofos
Dag Hammarskjöld;Não busques a morte: ela te encontrará. Busca o caminho que faz da morte uma realização.;Marcos no Caminho;;A;vida
Desmond Tutu;A alegria é muito maior que a felicidade: a felicidade depende de circunstâncias externas, a alegria não.;O Livro da Alegria (com o Dalai Lama);;A;felicidade
Al Ries e Jack Trout;Marketing não é uma batalha de produtos: é uma batalha de percepções.;As 22 Consagradas Leis do Marketing;;A;negocios
Andy Grove;Deixe o caos reinar e, depois, contenha o caos.;Administração de Alta Performance;;A;lideranca
Rosa Luxemburgo;Ser humano é o principal de tudo, e isso significa ser firme, claro e alegre — sim, alegre apesar de tudo.;Cartas da Prisão;;A;dificeis
Wangari Maathai;Não se protege o meio ambiente sem fortalecer as pessoas e ajudá-las a entender que esses recursos são delas.;Movimento Cinturão Verde;;A;politica
Coco Chanel;A elegância não consiste em vestir um vestido novo.;Vestido preto simples;;A;autorreconhecimento
Jacques Maritain;A finalidade da educação não é adaptar o jovem às condições da vida social, mas despertar nele a liberdade interior.;Humanismo Integral;;A;educacao
Haemin Sunim;Quando você se aceita como é, o mundo também passa a aceitá-lo.;As Coisas Que Você Só Vê Quando Desacelera;;A;autorreconhecimento
Cleantes;Conduz-me, ó Zeus, e tu, Destino, para onde quer que tenhais decretado que eu vá: seguirei sem hesitar.;Hino a Zeus;;A;fe
Harry Markowitz;A carteira com o maior retorno esperado não é necessariamente a que tem o menor risco.;Seleção de Carteiras;;A;financas
Estée Lauder;Telefone, telégrafo, conte a uma mulher.;Estée: Uma História de Sucesso;;A;negocios
James M. Barrie;Todas as crianças crescem — menos uma.;Peter Pan;;A;familia
Anaïs Nin;Cada amigo representa um mundo dentro de nós, um mundo que talvez só nasça quando ele chega.;Diário de Anaïs Nin;;A;amizade
Alexandre Dumas;Só quem já esteve na miséria mais profunda é capaz de sentir a felicidade mais alta.;O Conde de Monte Cristo;;A;conforto
Ayn Rand;Toda obra criadora nasce de um indivíduo que pensa sozinho, e não de um coletivo que aprova.;A Nascente;;A;empreendedorismo
Angela Davis;Numa sociedade racista, não basta não ser racista: é preciso ser antirracista.;A Liberdade é uma Luta Constante;;A;politica
Conceição Evaristo;Combinamos de não morrer.;Olhos d'Água;;A;empoderamento
Pierre-Joseph Proudhon;Se me perguntassem o que é a escravidão, eu responderia num instante: é o assassinato.;O Que é a Propriedade?;;A;politica
Quintiliano;Ensina mais quem faz aprender.;Institutio Oratoria;;A;educacao
Salvador Dalí;Aos seis anos eu queria ser cozinheiro. Aos sete, queria ser Napoleão. Minha ambição não parou de crescer desde então.;A Vida Secreta de Salvador Dalí;;A;autorreconhecimento
Michelangelo;O melhor artista não tem conceito algum que um só mármore não encerre em si, com seu excesso.;Rime;;A;reflexao
Alice Walker;A maneira mais comum de as pessoas abrirem mão do seu poder é achando que não têm nenhum.;Em Busca dos Jardins de Nossas Mães;;A;empoderamento
Louisa May Alcott;Ela gosta demais de livros, e isso lhe virou a cabeça.;Mulherzinhas;;A;educacao
Madame de Staël;A glória é o luto brilhante da felicidade.;Corinne;;A;reflexao
Benjamin Constant;A liberdade dos modernos exige que as instituições garantam ao indivíduo o direito de não ser perturbado em sua vida privada.;Da Liberdade dos Antigos Comparada à dos Modernos;;A;politica
Hans Kelsen;A validade de uma norma jurídica não depende de seu conteúdo, mas do modo como ela foi produzida.;Teoria Pura do Direito;;A;politica
Henry Chesbrough;Nem toda ideia precisa nascer aqui para gerar valor aqui.;Open Innovation;;A;empreendedorismo
Howard Schultz;Quando você se preocupa com as pessoas que trabalham com você, elas se preocupam com o cliente.;Dedique-se de Coração;;A;lideranca
John Ruskin;A qualidade nunca é acidente: é sempre resultado de esforço inteligente.;As Pedras de Veneza;;A;negocios
Lee Iacocca;Gerenciar é, no fim das contas, motivar outras pessoas.;Iacocca: Uma Autobiografia;;A;lideranca
David Aaker;Construir marca é construir memória: o que as pessoas lembram vale mais do que o que você diz.;Managing Brand Equity;;A;negocios
Brian Tracy;A clareza é o fator mais importante do sucesso pessoal: saber exatamente o que se quer.;Metas;;A;motivacao
Charles Kuralt;A estrada secundária mostra o país que a rodovia esconde.;On the Road with Charles Kuralt;;A;vida
Ernest Renan;O esquecimento, e eu diria até o erro histórico, é um fator essencial na criação de uma nação.;O Que é uma Nação?;;A;politica
Arthur Ashe;O sucesso é uma viagem, não um destino: fazer é muitas vezes mais importante do que chegar.;Days of Grace;;A;motivacao
Gertrude Stein;Não há resposta. Não haverá resposta. Nunca houve resposta. Essa é a resposta.;A Autobiografia de Alice B. Toklas;;A;filosofos
Abul Kalam Azad;A unidade da Índia não é um acidente da história: é o resultado de séculos de convivência entre povos diferentes.;India Wins Freedom;;A;politica
Harriet Beecher Stowe;As lágrimas mais amargas derramadas sobre túmulos são por palavras não ditas e atos não feitos.;Little Foxes (1866);;A;familia
Benjamin Disraeli;A vida é curta demais para ser pequena.;Coningsby, or The New Generation (1844);;A;vida
Nelson Rodrigues;O dinheiro compra até amor sincero.;Flor de Obsessão;;A;financas
Samuel Butler;"Qualquer tolo pode dizer a verdade; é preciso algum juízo para mentir bem.";Cadernos de Notas;;A;reflexao
Pablo Picasso;Eu não procuro: eu encontro.;Declarações e conversas registradas;;A;reflexao
Pablo Picasso;Um quadro não é pensado e fixado de antemão: enquanto é feito, ele muda com o pensamento de quem o faz.;Declarações e conversas registradas;;A;reflexao
Barbara McClintock;É preciso ter um sentimento pelo organismo.;Declarações sobre método científico;;A;reflexao
Ada Lovelace;A ciência das operações, derivada da matemática, é uma ciência em si mesma, com sua própria verdade abstrata e seu próprio valor.;Notas sobre a Máquina Analítica;;A;reflexao
Alain de Botton;Nossa posição na vida não é determinada pelo que temos, mas por como nos comparamos com aqueles que consideramos nossos iguais.;Desejo de Status;;A;reflexao
David Aaker;Uma marca forte é um ativo, e precisa ser gerida como qualquer outro ativo da empresa.;Building Strong Brands;;A;negocios
Henri Matisse;Quem quiser dedicar-se à pintura deve começar por cortar a própria língua.;Jazz;;A;reflexao
Herbert Spencer;A sociedade é um organismo: cresce, diferencia-se e torna-se mais interdependente à medida que se desenvolve.;Princípios de Sociologia;;A;politica
Madame de Staël;O entusiasmo é o que há de melhor no ser humano: é a alma da poesia, do amor e da religião.;Da Alemanha;;A;motivacao
Max De Pree;Não podemos tornar-nos aquilo que precisamos ser permanecendo aquilo que somos.;Liderança é uma Arte;;A;empoderamento
Melody Beattie;Cuidar de si mesmo não é egoísmo: é autopreservação.;Codependência Nunca Mais;;A;autorreconhecimento
Michael J. Fox;Aceitar não é resignar-se: é entender que algo é o que é e que há de haver um jeito de atravessá-lo.;Lucky Man;;A;dificeis
Miguel Reale;O direito é fato, valor e norma: os três elementos são inseparáveis na experiência jurídica.;Filosofia do Direito;;A;politica
Nathaniel Hawthorne;Sê verdadeiro! Mostra livremente ao mundo, se não o teu pior, ao menos algum traço pelo qual o pior possa ser inferido.;A Letra Escarlate;;A;autorreconhecimento
P. T. Barnum;O engano consiste em cobrir com aparências falsas aquilo que se quer mostrar, para despertar a atenção do público.;As Fraudes do Mundo;;A;manipulacao
Padre Antônio Vieira;O pregador há de pregar como quem semeia, e não como quem ladrilha.;Sermão da Sexagésima;;A;educacao
Robert M. Hutchins;"A educação implica ensino; o ensino implica conhecimento; conhecimento é verdade — e a verdade é a mesma em toda parte.";The Higher Learning in America;;A;educacao
Stendhal;A política numa obra literária é um tiro de pistola no meio de um concerto.;O Vermelho e o Negro;;A;politica
Théophile Gautier;Tudo passa. Só a arte robusta tem eternidade.;Esmaltes e Camafeus;;A;reflexao
Woodrow Wilson;Acordos de paz abertos, abertamente alcançados, após os quais não haverá entendimentos internacionais privados de espécie alguma.;Os Quatorze Pontos;;A;politica
Émile-Auguste Chartier;É preciso querer ser feliz e fazer por isso.;Sobre Felicidade;;A;felicidade
Dinah Maria Craik;Que conforto é sentir-se seguro com alguém: não precisar pesar pensamentos nem medir palavras, e sim derramá-los como são.;Uma Vida por uma Vida;;A;amizade
Leon C. Megginson;Não é a espécie mais intelectual que sobrevive, nem a mais forte: é a que melhor consegue ajustar-se e adaptar-se ao ambiente em que se encontra.;Lições da História para a Administração;;A;dificeis
São Jerônimo;Ignorar as Escrituras é ignorar a Cristo.;Comentário ao Livro de Isaías;;A;fe
Leo Buscaglia;Ninguém dá o que não tem: por isso é preciso primeiro aprender a amar a si mesmo.;Amor;;A;amor
Norman Schwarzkopf;Quando estiver no comando, comande.;It Doesn’t Take a Hero;;A;lideranca
Phil Jackson;Liderar não é impor a própria vontade aos outros: é dominar a arte de soltar.;Onze Anéis;;A;lideranca
Shoshana Zuboff;A era digital começou com a promessa de democratizar o conhecimento e terminou numa concentração de conhecimento sem precedentes.;A Era do Capitalismo de Vigilância;;A;manipulacao
Serena Williams;Um campeão não se define pelas vitórias, e sim pela forma como se recupera quando cai.;Rainha da Quadra;;A;dificeis
Thomas J. Stanley;Ninguém enriquece em uma geração vivendo ao lado de quem gasta sem parar.;O Milionário Mora ao Lado;;A;financas
Robert Collier;Comece de onde está, com o que tem: você descobrirá que já era suficiente.;The Robert Collier Letter Book;;A;motivacao
Santo Isidoro de Sevilha;A gramática é a origem e o fundamento das artes liberais.;Etimologias;;A;educacao
Rosalind Franklin;A ciência, para mim, dá uma explicação parcial da vida: até onde vai, apoia-se em fato, experiência e experimento.;Cartas a John Franklin;;A;reflexao
Maria Callas;Uma ópera começa muito antes de a cortina subir e termina muito depois de ela descer.;Aulas na Juilliard;;A;reflexao
Maria Callas;Nasce-se com uma voz, mas é preciso aprender o que se está dizendo e por quê.;Aulas na Juilliard;;A;educacao
Jesse Owens;Hitler não me esnobou: foi o meu próprio presidente que não me mandou sequer um telegrama.;Jesse: O Homem que Correu Mais que Hitler;;A;politica
Jesse Owens;Todos temos sonhos. Mas, para transformar sonhos em realidade, é preciso muitíssima determinação, dedicação, autodisciplina e esforço.;Jesse: O Homem que Correu Mais que Hitler;;A;motivacao
Tarsila do Amaral;Amo o mato, amo o branco, amo o caboclo: quero pintar tudo isso.;Cartas de Paris;;A;autorreconhecimento
Wolfgang Amadeus Mozart;Não presto atenção aos elogios nem às censuras: sigo apenas o meu próprio sentimento.;Cartas;;A;autorreconhecimento
Henry Stanley Haskins;As palavras são o trocado do pensamento.;Meditações em Wall Street;;A;reflexao
Laurel Thatcher Ulrich;A história não é o passado: é a história que contamos sobre o passado.;Mulheres Bem-Comportadas Raramente Fazem História;;A;reflexao
Ring Lardner;Não sou o tipo de sujeito que se queixa — mas você devia ver o que eles fizeram comigo.;You Know Me Al;;A;reflexao
São Jerônimo;O que não se conhece não se ama.;Comentário ao Livro de Isaías;;A;educacao
Louis Armstrong;Nunca quis ser uma grande estrela. Só queria tocar o meu instrumento.;Satchmo: Minha Vida em Nova Orleans;;A;motivacao
Érico Veríssimo;Não sou um escritor engajado, mas sou um homem engajado.;Solo de Clarineta;;A;autorreconhecimento
Coelho Neto;O chão, em volta dos jasmineiros, era uma alcatifa aromal mosqueada de abelhas.;"Rei Negro (1914), capítulo I; edição digital da Fundação Darcy Ribeiro, p. 3";;A;reflexao
Padre Antônio Vieira;Vós, diz Cristo, Senhor nosso, falando com os pregadores, sois o sal da terra: e chama-lhes sal da terra, porque quer que façam na terra o que faz o sal.;Sermão de Santo Antônio aos Peixes (1654), exórdio;;A;reflexao
John Ruskin;Não é, a rigor, o trabalho que se divide, mas os homens: divididos em meros segmentos de homens.;"As Pedras de Veneza (1853), vol. II, ""A Natureza do Gótico"", § 16";;A;reflexao
Rabindranath Tagore;A mesma corrente de vida que percorre minhas veias, noite e dia, percorre o mundo e dança em medidas rítmicas.;Gitanjali (1912), poema 69;;A;vida
Oliver Goldsmith;O homem pouco precisa aqui embaixo, e não precisa desse pouco por muito tempo.;"O Vigário de Wakefield (1766), capítulo VIII, do poema ""O Eremita"" recitado no romance";;A;reflexao
Andrew Carnegie;O problema da nossa era é a administração adequada da riqueza, para que os laços de fraternidade continuem a unir ricos e pobres em harmoniosa relação.;"O Evangelho da Riqueza (1889; publicado originalmente como “Wealth”, North American Review, jun. 1889), frase de abertura";;A;financas
Benjamin Disraeli;A juventude de uma nação é a depositária da posteridade.;Sybil, ou As Duas Nações (1845), livro VI, capítulo 13 (parágrafo final);;A;politica
Nikola Tesla;O desenvolvimento progressivo do homem depende vitalmente da invenção.;"Minhas Invenções (1919; série na Electrical Experimenter), parte I, “My Early Life”, parágrafo de abertura";;A;reflexao
Santos Dumont;Sem pretender ser gênio, teimei em ser um grande paciente. As invenções são, sobretudo, o resultado de um trabalho teimoso, em que não deve haver lugar para o esmorecimento.;O Que Eu Vi, o Que Nós Veremos (1918), parte I (“O que eu vi”);;A;motivacao
Santos Dumont;Sempre segui a divisa: “Quem quer vai, quem não quer manda”.;O Que Eu Vi, o Que Nós Veremos (1918), parte I (“O que eu vi”);"Dito popular que o próprio autor diz ter adotado como divisa; a frase registra o que ele escreveu, não uma criação sua.";A;motivacao
Lima Barreto;"A pátria que quisera ter era um mito; era um fantasma criado por ele no silêncio do seu gabinete.";Triste Fim de Policarpo Quaresma (1915), parte III, capítulo V;"Pensamento do protagonista, narrado em terceira pessoa; não é fala de Lima Barreto em primeira pessoa. Redação conforme a transcrição da Wikisource; a versão reproduzida em prova do ENEM 2012 traz “um fantasma” e “de seu gabinete”.";A;reflexao
Martinho Lutero;O verdadeiro tesouro da Igreja é o santíssimo Evangelho da glória e da graça de Deus.;95 Teses (1517), tese 62;Tradução própria do latim, não de edição publicada.;A;fe