data_commit;lote;commit_base;commit_remocao;autor;frase;tipo;motivo;fontes_consultadas;qid_no_commit_base;fonte_anterior;status_anterior;categoria_anterior;contraparte_remanescente;similaridade_contraparte;origem_do_registro
2026-09-29;3º lote (Fase 75 real + fim da atribuição popular);2d04b2e;0ebade6;Albert Einstein;O mundo é um lugar perigoso de se viver, não por causa daqueles que fazem o mal, mas por causa daqueles que observam e deixam o mal acontecer.;historico-substituida;"Não era citação literal: paráfrase popular de nota real de 1953 sobre Pablo Casals; trocada pelo texto fiel à nota (CHECKPOINT, 3º lote, item 3).";"CHECKPOINT: ""terceiro lote""";qh14g3428p0tf;Entrevista registrada;A;manipulacao;Ele percebeu com muita clareza que o mundo corre maior perigo da parte dos que toleram ou encorajam o mal do que da parte daqueles que o cometem.;0.43;"recuperado de diff de curadoria-frases.csv entre os commits + CHECKPOINT; qid lido da execução do memotiva.js do commit base"
2026-09-29;3º lote (Fase 75 real + fim da atribuição popular);2d04b2e;0ebade6;Mahatma Gandhi;A felicidade é quando o que você pensa, o que você diz e o que você faz estão em harmonia.;historico-removida;"Frase sem fonte primária em nenhum dos volumes citáveis das Collected Works nem no Wikiquote; duas variantes de tradução removidas (CHECKPOINT, 3º lote, item 3).";"CHECKPOINT: ""terceiro lote""";qz1mfe01ruef5d;Autobiografia e Collected Works of Mahatma Gandhi;A-;felicidade;;;"recuperado de diff de curadoria-frases.csv entre os commits + CHECKPOINT; qid lido da execução do memotiva.js do commit base"
2026-09-29;3º lote (Fase 75 real + fim da atribuição popular);2d04b2e;0ebade6;Mahatma Gandhi;A felicidade é alcançada quando aquilo que pensamos, dizemos e fazemos está em harmonia.;historico-removida;"Frase sem fonte primária em nenhum dos volumes citáveis das Collected Works nem no Wikiquote; duas variantes de tradução removidas (CHECKPOINT, 3º lote, item 3).";"CHECKPOINT: ""terceiro lote""";q193e2ig1awhiwk;Autobiografia e Collected Works of Mahatma Gandhi;A-;felicidade;;;"recuperado de diff de curadoria-frases.csv entre os commits + CHECKPOINT; qid lido da execução do memotiva.js do commit base"
2026-09-29;3º lote (Fase 75 real + fim da atribuição popular);2d04b2e;0ebade6;Rosa Parks;Aprendi ao longo dos anos que, quando a decisão está tomada, o medo diminui.;historico-fundida-duplicata;"Duplicata de tradução detectada pela Fase 75 executada de verdade pela primeira vez; a outra versão permanece no acervo (CHECKPOINT, 3º lote, itens 1-2).";"CHECKPOINT: ""terceiro lote""";q16ivioo1mqnn5a;Rosa Parks: My Story;A;dificeis;Aprendi ao longo dos anos que, quando a pessoa já tomou sua decisão, isso diminui o medo.;0.72;"recuperado de diff de curadoria-frases.csv entre os commits + CHECKPOINT; qid lido da execução do memotiva.js do commit base"
2026-09-29;3º lote (Fase 75 real + fim da atribuição popular);2d04b2e;0ebade6;Meister Eckhart;"Se a única oração que você fizer em toda a sua vida for ""obrigado"", isso será suficiente.";historico-fundida-duplicata;"Duplicata de tradução detectada pela Fase 75 executada de verdade pela primeira vez; a outra versão permanece no acervo (CHECKPOINT, 3º lote, itens 1-2).";"CHECKPOINT: ""terceiro lote""";q1kv4wnk1ncvlu2;Sermões Alemães;A;gratidao;Se a única oração que você fizer em toda a vida for obrigado, já será suficiente.;0.93;"recuperado de diff de curadoria-frases.csv entre os commits + CHECKPOINT; qid lido da execução do memotiva.js do commit base"
2026-09-29;3º lote (Fase 75 real + fim da atribuição popular);2d04b2e;0ebade6;Abraham Maslow;O que um homem pode ser, ele deve ser.;historico-fundida-duplicata;"Duplicata de tradução detectada pela Fase 75 executada de verdade pela primeira vez; a outra versão permanece no acervo (CHECKPOINT, 3º lote, itens 1-2).";"CHECKPOINT: ""terceiro lote""";q1a8slk1etaxcy;Motivation and Personality;A;autorreconhecimento;O que um homem pode ser, ele precisa ser.;0.85;"recuperado de diff de curadoria-frases.csv entre os commits + CHECKPOINT; qid lido da execução do memotiva.js do commit base"
2026-09-29;3º lote (Fase 75 real + fim da atribuição popular);2d04b2e;0ebade6;Marcel Proust;Os únicos paraísos são os paraísos que perdemos.;historico-fundida-duplicata;"Duplicata de tradução detectada pela Fase 75 executada de verdade pela primeira vez; a outra versão permanece no acervo (CHECKPOINT, 3º lote, itens 1-2). A Fase 75 havia mantido a redação errada (""únicos"" em vez de ""vrais""); removida esta, ficou a correta.";"CHECKPOINT: ""terceiro lote""";f2642xi1j;O Tempo Redescoberto (1927), volume VII de Em Busca do Tempo Perdido;A;reflexao;Os verdadeiros paraísos são os paraísos que perdemos.;0.87;"recuperado de diff de curadoria-frases.csv entre os commits + CHECKPOINT; qid lido da execução do memotiva.js do commit base"
2026-09-29;3º lote (Fase 75 real + fim da atribuição popular);2d04b2e;0ebade6;John Ruskin;"A qualidade nunca é um acidente; é sempre o resultado de esforço inteligente.";historico-fundida-duplicata;"Duplicata de tradução detectada pela Fase 75 executada de verdade pela primeira vez; a outra versão permanece no acervo (CHECKPOINT, 3º lote, itens 1-2).";"CHECKPOINT: ""terceiro lote""";f26164ocpf;Atribuído a Ruskin em coletâneas, sem localização em sua obra;A-;reflexao;A qualidade nunca é acidente: é sempre resultado de esforço inteligente.;0.98;"recuperado de diff de curadoria-frases.csv entre os commits + CHECKPOINT; qid lido da execução do memotiva.js do commit base"
2026-09-29;3º lote (Fase 75 real + fim da atribuição popular);2d04b2e;0ebade6;Cleantes;Conduze-me, ó Zeus, e tu, Destino, para onde quer que me tenhais designado.;historico-fundida-duplicata;"Duplicata de tradução detectada pela Fase 75 executada de verdade pela primeira vez; a outra versão permanece no acervo (CHECKPOINT, 3º lote, itens 1-2).";"CHECKPOINT: ""terceiro lote""";f26224d4nq;Hino a Zeus, versos finais;A;fe;Conduz-me, ó Zeus, e tu, Destino, para onde quer que tenhais decretado que eu vá: seguirei sem hesitar.;0.74;"recuperado de diff de curadoria-frases.csv entre os commits + CHECKPOINT; qid lido da execução do memotiva.js do commit base"
2026-09-29;3º lote (Fase 75 real + fim da atribuição popular);2d04b2e;0ebade6;São Jerônimo;Ignorar as Escrituras é ignorar Cristo.;historico-fundida-duplicata;"Duplicata de tradução detectada pela Fase 75 executada de verdade pela primeira vez; a outra versão permanece no acervo (CHECKPOINT, 3º lote, itens 1-2).";"CHECKPOINT: ""terceiro lote""";f26252dara;Comentário sobre Isaías (408), prólogo;A;fe;Ignorar as Escrituras é ignorar a Cristo.;0.99;"recuperado de diff de curadoria-frases.csv entre os commits + CHECKPOINT; qid lido da execução do memotiva.js do commit base"
2026-09-29;3º lote (Fase 75 real + fim da atribuição popular);2d04b2e;0ebade6;Norman Schwarzkopf;A liderança é uma combinação poderosa de estratégia e caráter. Mas se você tiver de ficar sem um deles, fique sem a estratégia.;historico-fundida-duplicata;"Duplicata de tradução detectada pela Fase 75 executada de verdade pela primeira vez; a outra versão permanece no acervo (CHECKPOINT, 3º lote, itens 1-2).";"CHECKPOINT: ""terceiro lote""";f26547qcd8;Entrevista registrada;A;lideranca;A liderança é uma combinação poderosa de estratégia e caráter. Mas, se você tiver de ficar sem um dos dois, fique sem a estratégia.;0.96;"recuperado de diff de curadoria-frases.csv entre os commits + CHECKPOINT; qid lido da execução do memotiva.js do commit base"
2026-09-29;3º lote (Fase 75 real + fim da atribuição popular);2d04b2e;0ebade6;Conceição Evaristo;A escrevivência não pode ser lida como história para ninar os da casa-grande, e sim para incomodá-los em seus sonos injustos.;historico-fundida-duplicata;"Duplicata de tradução detectada pela Fase 75 executada de verdade pela primeira vez; a outra versão permanece no acervo (CHECKPOINT, 3º lote, itens 1-2).";"CHECKPOINT: ""terceiro lote""";f28pvi1n3x;Palestra registrada, formulação da autora sobre escrevivência;A;empoderamento;A nossa escrevivência não pode ser lida como história para ninar os da casa-grande, e sim para incomodá-los em seus sonos injustos.;0.98;"recuperado de diff de curadoria-frases.csv entre os commits + CHECKPOINT; qid lido da execução do memotiva.js do commit base"
2026-09-29;3º lote (Fase 75 real + fim da atribuição popular);2d04b2e;0ebade6;Tarsila do Amaral;Quero ser a pintora da minha terra.;historico-fundida-duplicata;"Duplicata de tradução detectada pela Fase 75 executada de verdade pela primeira vez; a outra versão permanece no acervo (CHECKPOINT, 3º lote, itens 1-2). Esta era o fragmento truncado; a versão completa da carta de 1923 permanece.";"CHECKPOINT: ""terceiro lote""";f283j8ph4xa;Carta à família, 1923;A;autorreconhecimento;Sinto-me cada vez mais brasileira: quero ser a pintora da minha terra.;0.67;"recuperado de diff de curadoria-frases.csv entre os commits + CHECKPOINT; qid lido da execução do memotiva.js do commit base"
2026-09-29;3º lote (Fase 75 real + fim da atribuição popular);2d04b2e;0ebade6;Wolfgang Amadeus Mozart;Nem uma inteligência elevada nem a imaginação fazem o gênio. Amor, amor, amor: essa é a alma do gênio.;historico-removida;"Sem fonte primária em nenhuma variante e ausente do Wikiquote; duas variantes de tradução da mesma frase, ambas removidas (uma delas já estava entre as duplicatas fundidas pela Fase 75). (CHECKPOINT, 3º lote, item 3).";"CHECKPOINT: ""terceiro lote""";f283noubtxj;Atribuído a Mozart em coletâneas, sem localização em sua correspondência;A-;amor;;;"recuperado de diff de curadoria-frases.csv entre os commits + CHECKPOINT; qid lido da execução do memotiva.js do commit base"
2026-09-29;3º lote (Fase 75 real + fim da atribuição popular);2d04b2e;0ebade6;Pelé;Sucesso não é acidente. É trabalho duro, perseverança, aprendizado, estudo, sacrifício e, acima de tudo, amor pelo que se está fazendo.;historico-fundida-duplicata;"Duplicata de tradução detectada pela Fase 75 executada de verdade pela primeira vez; a outra versão permanece no acervo (CHECKPOINT, 3º lote, itens 1-2).";"CHECKPOINT: ""terceiro lote""";f283uwixazd;Entrevista registrada;A;motivacao;O sucesso não é acidente: é trabalho duro, perseverança, estudo, sacrifício e, acima de tudo, amor pelo que se está fazendo.;0.94;"recuperado de diff de curadoria-frases.csv entre os commits + CHECKPOINT; qid lido da execução do memotiva.js do commit base"
2026-09-29;3º lote (Fase 75 real + fim da atribuição popular);2d04b2e;0ebade6;Booker T. Washington;O sucesso deve ser medido não pela posição alcançada na vida, mas pelos obstáculos superados no caminho.;historico-fundida-duplicata;"Duplicata de tradução detectada pela Fase 75 executada de verdade pela primeira vez; a outra versão permanece no acervo (CHECKPOINT, 3º lote, itens 1-2).";"CHECKPOINT: ""terceiro lote""";f743m0wra2;Da Escravidão à Liberdade;A;dificeis;O sucesso deve ser medido não pela posição que a pessoa alcançou, mas pelos obstáculos que superou.;0.78;"recuperado de diff de curadoria-frases.csv entre os commits + CHECKPOINT; qid lido da execução do memotiva.js do commit base"
2026-09-29;3º lote (Fase 75 real + fim da atribuição popular);2d04b2e;0ebade6;Max Planck;Uma nova verdade científica não triunfa convencendo seus adversários: ela triunfa porque eles morrem e uma nova geração cresce familiarizada com ela.;historico-fundida-duplicata;"Duplicata de tradução detectada pela Fase 75 executada de verdade pela primeira vez; a outra versão permanece no acervo (CHECKPOINT, 3º lote, itens 1-2).";"CHECKPOINT: ""terceiro lote""";f748w9pe0i;Autobiografia Científica;A;reflexao;Uma verdade nova não triunfa convencendo seus opositores, mas porque eles morrem e uma nova geração cresce familiarizada com ela.;0.83;"recuperado de diff de curadoria-frases.csv entre os commits + CHECKPOINT; qid lido da execução do memotiva.js do commit base"
2026-09-29;3º lote (Fase 75 real + fim da atribuição popular);2d04b2e;0ebade6;Reinhold Niebuhr;Concedei-me a serenidade para aceitar o que não posso mudar, coragem para mudar o que posso, e sabedoria para distinguir uma coisa da outra.;historico-fundida-duplicata;"Duplicata de tradução detectada pela Fase 75 executada de verdade pela primeira vez; a outra versão permanece no acervo (CHECKPOINT, 3º lote, itens 1-2).";"CHECKPOINT: ""terceiro lote""";f74nsxuhfb;Oração da Serenidade;A;conforto;Concedei-me serenidade para aceitar as coisas que não posso mudar, coragem para mudar as que posso e sabedoria para distinguir umas das outras.;0.93;"recuperado de diff de curadoria-frases.csv entre os commits + CHECKPOINT; qid lido da execução do memotiva.js do commit base"
2026-09-29;3º lote (Fase 75 real + fim da atribuição popular);2d04b2e;0ebade6;Santo Isidoro de Sevilha;As letras são sinais das coisas e têm tanta força que nos dizem, sem voz, o que os ausentes disseram.;historico-fundida-duplicata;"Duplicata de tradução detectada pela Fase 75 executada de verdade pela primeira vez; a outra versão permanece no acervo (CHECKPOINT, 3º lote, itens 1-2). [similaridade textual com a contraparte baixa (0.59): confirmar manualmente]";"CHECKPOINT: ""terceiro lote""";f74qk8dci1;Etimologias;A;educacao;As letras são sinais das coisas, indícios das palavras, cuja força é tanta que nos falam sem voz.;0.59;"recuperado de diff de curadoria-frases.csv entre os commits + CHECKPOINT; qid lido da execução do memotiva.js do commit base"
2026-09-29;3º lote (Fase 75 real + fim da atribuição popular);2d04b2e;0ebade6;Thomas Sowell;Não há soluções: há apenas escolhas entre custos.;historico-fundida-duplicata;"Duplicata de tradução detectada pela Fase 75 executada de verdade pela primeira vez; a outra versão permanece no acervo (CHECKPOINT, 3º lote, itens 1-2).";"CHECKPOINT: ""terceiro lote""";f74sa8smqg;Conflito de Visões;A;politica;Não há soluções. Há apenas escolhas de trade-offs.;0.85;"recuperado de diff de curadoria-frases.csv entre os commits + CHECKPOINT; qid lido da execução do memotiva.js do commit base"
2026-09-29;3º lote (Fase 75 real + fim da atribuição popular);2d04b2e;0ebade6;Angela Duckworth;Garra é paixão e perseverança por objetivos de longo prazo.;historico-fundida-duplicata;"Duplicata de tradução detectada pela Fase 75 executada de verdade pela primeira vez; a outra versão permanece no acervo (CHECKPOINT, 3º lote, itens 1-2).";"CHECKPOINT: ""terceiro lote""";f770cjrvg7;Garra;A;motivacao;A garra é paixão e perseverança por objetivos de longo prazo.;0.99;"recuperado de diff de curadoria-frases.csv entre os commits + CHECKPOINT; qid lido da execução do memotiva.js do commit base"
2026-09-29;3º lote (Fase 75 real + fim da atribuição popular);2d04b2e;0ebade6;Henry Chesbrough;Nem todas as pessoas inteligentes trabalham para nós: precisamos trabalhar com as de dentro e com as de fora.;historico-fundida-duplicata;"Duplicata de tradução detectada pela Fase 75 executada de verdade pela primeira vez; a outra versão permanece no acervo (CHECKPOINT, 3º lote, itens 1-2).";"CHECKPOINT: ""terceiro lote""";f779mski6n;Open Innovation;A;empreendedorismo;Nem todas as pessoas inteligentes trabalham para nós. Precisamos trabalhar com as de fora também.;0.88;"recuperado de diff de curadoria-frases.csv entre os commits + CHECKPOINT; qid lido da execução do memotiva.js do commit base"
2026-09-29;3º lote (Fase 75 real + fim da atribuição popular);2d04b2e;0ebade6;Donald Winnicott;Não existe isso de um bebê sozinho: quando se encontra um bebê, encontra-se também alguém que dele cuida.;historico-fundida-duplicata;"Duplicata de tradução detectada pela Fase 75 executada de verdade pela primeira vez; a outra versão permanece no acervo (CHECKPOINT, 3º lote, itens 1-2).";"CHECKPOINT: ""terceiro lote""";f77jligxcc;A Criança e o Seu Mundo;A;familia;Não existe isso de um bebê. Onde há um bebê, há também alguém cuidando dele.;0.7;"recuperado de diff de curadoria-frases.csv entre os commits + CHECKPOINT; qid lido da execução do memotiva.js do commit base"
2026-09-29;3º lote (Fase 75 real + fim da atribuição popular);2d04b2e;0ebade6;Hillary Clinton;Direitos humanos são direitos das mulheres e direitos das mulheres são direitos humanos, de uma vez por todas.;historico-fundida-duplicata;"Duplicata de tradução detectada pela Fase 75 executada de verdade pela primeira vez; a outra versão permanece no acervo (CHECKPOINT, 3º lote, itens 1-2).";"CHECKPOINT: ""terceiro lote""";f79onb0c4d;O Que Aconteceu;A;empoderamento;Direitos humanos são direitos das mulheres, e direitos das mulheres são direitos humanos.;0.9;"recuperado de diff de curadoria-frases.csv entre os commits + CHECKPOINT; qid lido da execução do memotiva.js do commit base"
2026-09-29;3º lote (Fase 75 real + fim da atribuição popular);2d04b2e;0ebade6;Jean Piaget;O objetivo principal da educação é formar pessoas capazes de fazer coisas novas, e não de repetir o que outras gerações fizeram.;historico-fundida-duplicata;"Duplicata de tradução detectada pela Fase 75 executada de verdade pela primeira vez; a outra versão permanece no acervo (CHECKPOINT, 3º lote, itens 1-2).";"CHECKPOINT: ""terceiro lote""";f79rqw35of;A Epistemologia Genética;A;educacao;O objetivo principal da educação é criar pessoas capazes de fazer coisas novas, e não simplesmente repetir o que outras gerações fizeram.;0.92;"recuperado de diff de curadoria-frases.csv entre os commits + CHECKPOINT; qid lido da execução do memotiva.js do commit base"
2026-09-29;3º lote (Fase 75 real + fim da atribuição popular);2d04b2e;0ebade6;Wolfgang Amadeus Mozart;Nem um temperamento vivaz nem uma mente aguçada fazem o gênio: o amor é a alma do gênio.;historico-removida;"Sem fonte primária em nenhuma variante e ausente do Wikiquote; duas variantes de tradução da mesma frase, ambas removidas (uma delas já estava entre as duplicatas fundidas pela Fase 75). (CHECKPOINT, 3º lote, item 3).";"CHECKPOINT: ""terceiro lote""";f802ho66tf;Cartas;A;amor;;;"recuperado de diff de curadoria-frases.csv entre os commits + CHECKPOINT; qid lido da execução do memotiva.js do commit base"
2026-09-29;3º lote (Fase 75 real + fim da atribuição popular);2d04b2e;0ebade6;Marie Curie;Nada na vida deve ser temido: deve apenas ser compreendido. É hora de compreender mais, para temer menos.;historico-fundida-duplicata;"Duplicata de tradução detectada pela Fase 75 executada de verdade pela primeira vez; a outra versão permanece no acervo (CHECKPOINT, 3º lote, itens 1-2).";"CHECKPOINT: ""terceiro lote""";f808ligxcc;Pierre Curie;A;dificeis;Na vida, nada deve ser temido, tudo deve ser compreendido.;0.62;"recuperado de diff de curadoria-frases.csv entre os commits + CHECKPOINT; qid lido da execução do memotiva.js do commit base"
2026-09-29;3º lote (Fase 75 real + fim da atribuição popular);2d04b2e;0ebade6;George Sand;Não há mais do que uma felicidade na vida: amar e ser amado.;historico-fundida-duplicata;"Duplicata de tradução detectada pela Fase 75 executada de verdade pela primeira vez; a outra versão permanece no acervo (CHECKPOINT, 3º lote, itens 1-2).";"CHECKPOINT: ""terceiro lote""";f80pbs44jm;Indiana;A;amor;Há uma só felicidade na vida: amar e ser amado.;0.83;"recuperado de diff de curadoria-frases.csv entre os commits + CHECKPOINT; qid lido da execução do memotiva.js do commit base"
2026-09-29;3º lote (Fase 75 real + fim da atribuição popular);2d04b2e;0ebade6;Grace Hopper;É mais fácil pedir perdão do que obter permissão.;historico-fundida-duplicata;"Duplicata de tradução detectada pela Fase 75 executada de verdade pela primeira vez; a outra versão permanece no acervo (CHECKPOINT, 3º lote, itens 1-2).";"CHECKPOINT: ""terceiro lote""";f818a8smqg;Declarações e palestras registradas;A;empreendedorismo;É mais fácil pedir perdão do que pedir permissão.;0.93;"recuperado de diff de curadoria-frases.csv entre os commits + CHECKPOINT; qid lido da execução do memotiva.js do commit base"
2026-09-29;3º lote (Fase 75 real + fim da atribuição popular);2d04b2e;0ebade6;Florbela Espanca;Ser poeta é ser mais alto, é ser maior do que os homens! Morder como quem beija!;historico-fundida-duplicata;"Duplicata de tradução detectada pela Fase 75 executada de verdade pela primeira vez; a outra versão permanece no acervo (CHECKPOINT, 3º lote, itens 1-2).";"CHECKPOINT: ""terceiro lote""";f81efmev2j;Charneca em Flor;A;autorreconhecimento;Ser poeta é ser mais alto, é ser maior do que os homens!;0.82;"recuperado de diff de curadoria-frases.csv entre os commits + CHECKPOINT; qid lido da execução do memotiva.js do commit base"
2026-09-29;3º lote (Fase 75 real + fim da atribuição popular);2d04b2e;0ebade6;Henry Stanley Haskins;O que fica atrás de nós e o que fica à nossa frente são questões pequenas diante do que existe dentro de nós.;historico-fundida-duplicata;"Duplicata de tradução detectada pela Fase 75 executada de verdade pela primeira vez; a outra versão permanece no acervo (CHECKPOINT, 3º lote, itens 1-2).";"CHECKPOINT: ""terceiro lote""";f820m0wra2;Meditações em Wall Street;A;autorreconhecimento;O que está atrás de nós e o que está diante de nós são pequenas coisas comparadas ao que está dentro de nós.;0.65;"recuperado de diff de curadoria-frases.csv entre os commits + CHECKPOINT; qid lido da execução do memotiva.js do commit base"
2026-09-29;4º lote (atribuição popular, modo restrito);0ebade6;7cb1303;W. Edwards Deming;Sem dados, você é apenas mais uma pessoa com uma opinião.;historico-removida;"Veredito da Fase 21 do projeto: disputada; a política antiga mantinha com ressalva, a nova regra remove.";"CHECKPOINT: ""quarto lote""";q1c3s1uc1grg57h;;P;negocios;;;"recuperado de diff de curadoria-frases.csv entre os commits + CHECKPOINT; qid lido da execução do memotiva.js do commit base"
2026-09-29;4º lote (atribuição popular, modo restrito);0ebade6;7cb1303;Muhammad Ali;"Não conte os dias; faça os dias contarem.";historico-removida;"Veredito da Fase 21 do projeto: disputada; a política antiga mantinha com ressalva, a nova regra remove.";"CHECKPOINT: ""quarto lote""";q11ff9x21e6pnls;;P;motivacao;;;"recuperado de diff de curadoria-frases.csv entre os commits + CHECKPOINT; qid lido da execução do memotiva.js do commit base"
2026-09-29;4º lote (atribuição popular, modo restrito);0ebade6;7cb1303;Ken Blanchard;A liderança começa com uma visão e termina com resultados.;historico-removida;"Pesquisa dedicada não localizou a frase em obra do autor; parece resumo jornalístico, não citação (CHECKPOINT, 4º lote).";"CHECKPOINT: ""quarto lote""";q1krdp49h96ew0;;A-;lideranca;;;"recuperado de diff de curadoria-frases.csv entre os commits + CHECKPOINT; qid lido da execução do memotiva.js do commit base"
2026-09-29;4º lote (atribuição popular, modo restrito);0ebade6;7cb1303;Winston Churchill;O sucesso não é final, o fracasso não é fatal: é a coragem de continuar que conta.;historico-removida;"Veredito da Fase 21 do projeto: disputada; a política antiga mantinha com ressalva, a nova regra remove.";"CHECKPOINT: ""quarto lote""";q1x6frfc18tfpwk;Discurso registrado;P;lideranca;;;"recuperado de diff de curadoria-frases.csv entre os commits + CHECKPOINT; qid lido da execução do memotiva.js do commit base"
2026-09-29;4º lote (atribuição popular, modo restrito);0ebade6;7cb1303;Thomas Edison;O gênio é 1% inspiração e 99% transpiração.;historico-removida;"Veredito da Fase 21 do projeto: disputada; a política antiga mantinha com ressalva, a nova regra remove.";"CHECKPOINT: ""quarto lote""";qz4f1o4w5250r;Entrevista registrada;P;motivacao;;;"recuperado de diff de curadoria-frases.csv entre os commits + CHECKPOINT; qid lido da execução do memotiva.js do commit base"
2026-09-29;4º lote (atribuição popular, modo restrito);0ebade6;7cb1303;Robert Emmons;A gratidão é a mais saudável de todas as emoções humanas.;historico-removida;"Pesquisa dedicada não localizou a frase em obra do autor; parece resumo jornalístico, não citação (CHECKPOINT, 4º lote).";"CHECKPOINT: ""quarto lote""";q1wmym0l149mg9f;;A-;gratidao;;;"recuperado de diff de curadoria-frases.csv entre os commits + CHECKPOINT; qid lido da execução do memotiva.js do commit base"
2026-09-29;4º lote (atribuição popular, modo restrito);0ebade6;7cb1303;Peter Drucker;Cultura come estratégia no café da manhã.;historico-removida;Veredito da Fase 21 do projeto: refutada.;"CHECKPOINT: ""quarto lote""";qprl80sw9ei5s;;P;negocios;;;"recuperado de diff de curadoria-frases.csv entre os commits + CHECKPOINT; qid lido da execução do memotiva.js do commit base"
2026-09-29;4º lote (atribuição popular, modo restrito);0ebade6;7cb1303;Peter Drucker;O que é medido é gerenciado.;historico-removida;Veredito da Fase 21 do projeto: refutada.;"CHECKPOINT: ""quarto lote""";qmtot8s16qjczy;;P;negocios;;;"recuperado de diff de curadoria-frases.csv entre os commits + CHECKPOINT; qid lido da execução do memotiva.js do commit base"
2026-09-29;4º lote (atribuição popular, modo restrito);0ebade6;7cb1303;Andrew Carnegie;Tire minhas fábricas, mas deixe meu pessoal, e logo teremos fábricas melhores.;historico-removida;"Veredito da Fase 21 do projeto: disputada; a política antiga mantinha com ressalva, a nova regra remove.";"CHECKPOINT: ""quarto lote""";q15dw8o81roy314;;P;negocios;;;"recuperado de diff de curadoria-frases.csv entre os commits + CHECKPOINT; qid lido da execução do memotiva.js do commit base"
2026-09-29;4º lote (atribuição popular, modo restrito);0ebade6;7cb1303;Henry Ford;Reunir-se é um começo, permanecer juntos é um progresso, trabalhar juntos é um sucesso.;historico-removida;"Veredito da Fase 21 do projeto: disputada; a política antiga mantinha com ressalva, a nova regra remove.";"CHECKPOINT: ""quarto lote""";q1jv6ivcj0x23k;;P;negocios;;;"recuperado de diff de curadoria-frases.csv entre os commits + CHECKPOINT; qid lido da execução do memotiva.js do commit base"
2026-09-29;4º lote (atribuição popular, modo restrito);0ebade6;7cb1303;Aristóteles;É sinal de uma mente educada ser capaz de acolher um pensamento sem aceitá-lo.;historico-removida;Veredito da Fase 21 do projeto: refutada.;"CHECKPOINT: ""quarto lote""";q15ktfg8d03t3x;;P;filosofos;;;"recuperado de diff de curadoria-frases.csv entre os commits + CHECKPOINT; qid lido da execução do memotiva.js do commit base"
2026-09-29;4º lote (atribuição popular, modo restrito);0ebade6;7cb1303;Arthur Schopenhauer;Toda verdade passa por três estágios: primeiro é ridicularizada, depois é violentamente combatida, por fim é aceita como evidente.;historico-removida;Veredito da Fase 21 do projeto: refutada.;"CHECKPOINT: ""quarto lote""";qr9qnxng0bixa;;P;filosofos;;;"recuperado de diff de curadoria-frases.csv entre os commits + CHECKPOINT; qid lido da execução do memotiva.js do commit base"
2026-09-29;4º lote (atribuição popular, modo restrito);0ebade6;7cb1303;Charles Chaplin;A vida é uma tragédia em close-up e uma comédia em plano geral.;historico-removida;"Veredito da Fase 21 do projeto: disputada; a política antiga mantinha com ressalva, a nova regra remove.";"CHECKPOINT: ""quarto lote""";q103f5h8sg6ho;;P;felicidade;;;"recuperado de diff de curadoria-frases.csv entre os commits + CHECKPOINT; qid lido da execução do memotiva.js do commit base"
2026-09-29;4º lote (atribuição popular, modo restrito);0ebade6;7cb1303;Liev Tolstói;Se você quer ser feliz, seja.;historico-removida;"Veredito da Fase 21 do projeto: disputada; a política antiga mantinha com ressalva, a nova regra remove.";"CHECKPOINT: ""quarto lote""";q1fpaj367g0lbk;;P;vida;;;"recuperado de diff de curadoria-frases.csv entre os commits + CHECKPOINT; qid lido da execução do memotiva.js do commit base"
2026-09-29;5º lote (fim da fila de atribuição popular);7cb1303;b9daa7e;Simone de Beauvoir;Que nada nos defina, que nada nos sujeite. Que a liberdade seja a nossa própria substância, já que viver é ser livre.;historico-substituida;"Forma popular contraída no subjuntivo; restaurado o texto completo original de A Força da Idade (1960) (CHECKPOINT, 5º lote).";"CHECKPOINT: ""quinto lote""";q1xasnci1y9duzz;;A-;empoderamento;"Nada, portanto, nos limitava, nada nos definia, nada nos sujeitava: nossa ligação com o mundo, nós é que a criávamos; a liberdade era nossa própria substância.";0.59;"recuperado de diff de curadoria-frases.csv entre os commits + CHECKPOINT; qid lido da execução do memotiva.js do commit base"
2026-09-29;5º lote (fim da fila de atribuição popular);7cb1303;b9daa7e;Robert Emmons;Quando expressamos gratidão, reconhecemos que nossas vidas estão ligadas às dos outros.;historico-removida;"Pesquisa dedicada não localizou a frase em obra, entrevista ou palestra do autor; padrão de resumo/“principais aprendizados” de livro, não de citação direta (CHECKPOINT, 5º lote).";"CHECKPOINT: ""quinto lote""";q1gou3ei1z2nl8;;A-;gratidao;;;"recuperado de diff de curadoria-frases.csv entre os commits + CHECKPOINT; qid lido da execução do memotiva.js do commit base"
2026-09-29;5º lote (fim da fila de atribuição popular);7cb1303;b9daa7e;Brené Brown;A confiança é construída quando líderes demonstram competência, conexão e caráter.;historico-removida;"Pesquisa dedicada não localizou a frase em obra, entrevista ou palestra do autor; padrão de resumo/“principais aprendizados” de livro, não de citação direta (CHECKPOINT, 5º lote).";"CHECKPOINT: ""quinto lote""";q1f9nbz1acahbv;;A-;lideranca;;;"recuperado de diff de curadoria-frases.csv entre os commits + CHECKPOINT; qid lido da execução do memotiva.js do commit base"
2026-09-29;5º lote (fim da fila de atribuição popular);7cb1303;b9daa7e;Clayton Christensen;A inovação disruptiva cria novos mercados e transforma setores existentes.;historico-removida;"Pesquisa dedicada não localizou a frase em obra, entrevista ou palestra do autor; padrão de resumo/“principais aprendizados” de livro, não de citação direta (CHECKPOINT, 5º lote).";"CHECKPOINT: ""quinto lote""";q1ql2rql166uc1g;;A-;empreendedorismo;;;"recuperado de diff de curadoria-frases.csv entre os commits + CHECKPOINT; qid lido da execução do memotiva.js do commit base"
2026-09-29;5º lote (fim da fila de atribuição popular);7cb1303;b9daa7e;Robert Emmons;A gratidão é uma escolha que muda a forma como vemos a vida.;historico-removida;"Pesquisa dedicada não localizou a frase em obra, entrevista ou palestra do autor; padrão de resumo/“principais aprendizados” de livro, não de citação direta (CHECKPOINT, 5º lote).";"CHECKPOINT: ""quinto lote""";q450ptwzguazi;;A-;gratidao;;;"recuperado de diff de curadoria-frases.csv entre os commits + CHECKPOINT; qid lido da execução do memotiva.js do commit base"
2026-09-29;5º lote (fim da fila de atribuição popular);7cb1303;b9daa7e;Ken Blanchard;A liderança não é sobre controlar pessoas, mas sobre capacitá-las.;historico-removida;"Pesquisa dedicada não localizou a frase em obra, entrevista ou palestra do autor; padrão de resumo/“principais aprendizados” de livro, não de citação direta (CHECKPOINT, 5º lote).";"CHECKPOINT: ""quinto lote""";qpfm1p03lkbmq;;A-;lideranca;;;"recuperado de diff de curadoria-frases.csv entre os commits + CHECKPOINT; qid lido da execução do memotiva.js do commit base"
2026-09-29;5º lote (fim da fila de atribuição popular);7cb1303;b9daa7e;Ken Blanchard;O líder deve criar um ambiente onde as pessoas possam crescer e assumir responsabilidades.;historico-removida;"Pesquisa dedicada não localizou a frase em obra, entrevista ou palestra do autor; padrão de resumo/“principais aprendizados” de livro, não de citação direta (CHECKPOINT, 5º lote).";"CHECKPOINT: ""quinto lote""";q30lxyc11jjmna;;A-;lideranca;;;"recuperado de diff de curadoria-frases.csv entre os commits + CHECKPOINT; qid lido da execução do memotiva.js do commit base"
2026-09-29;5º lote (fim da fila de atribuição popular);7cb1303;b9daa7e;Ken Blanchard;O poder de um líder cresce quando ele ajuda outros a desenvolverem seu próprio poder.;historico-removida;"Pesquisa dedicada não localizou a frase em obra, entrevista ou palestra do autor; padrão de resumo/“principais aprendizados” de livro, não de citação direta (CHECKPOINT, 5º lote).";"CHECKPOINT: ""quinto lote""";q1al4ejqhf5424;;A-;lideranca;;;"recuperado de diff de curadoria-frases.csv entre os commits + CHECKPOINT; qid lido da execução do memotiva.js do commit base"
2026-09-29;5º lote (fim da fila de atribuição popular);7cb1303;b9daa7e;Ken Blanchard;Líderes eficazes criam líderes em todos os níveis.;historico-removida;"Pesquisa dedicada não localizou a frase em obra, entrevista ou palestra do autor; padrão de resumo/“principais aprendizados” de livro, não de citação direta (CHECKPOINT, 5º lote).";"CHECKPOINT: ""quinto lote""";q108wijwlt7oon;;A-;lideranca;;;"recuperado de diff de curadoria-frases.csv entre os commits + CHECKPOINT; qid lido da execução do memotiva.js do commit base"
2026-09-29;5º lote (fim da fila de atribuição popular);7cb1303;b9daa7e;Ken Blanchard;O líder deve criar mais valor nas pessoas do que encontra nelas.;historico-removida;"Pesquisa dedicada não localizou a frase em obra, entrevista ou palestra do autor; padrão de resumo/“principais aprendizados” de livro, não de citação direta (CHECKPOINT, 5º lote).";"CHECKPOINT: ""quinto lote""";q1wiyabgwfobe9;;A-;lideranca;;;"recuperado de diff de curadoria-frases.csv entre os commits + CHECKPOINT; qid lido da execução do memotiva.js do commit base"
2026-09-29;5º lote (fim da fila de atribuição popular);7cb1303;b9daa7e;Simone de Beauvoir;A mulher é o segundo sexo porque a sociedade a coloca nessa posição, não por causa de uma natureza feminina fixa.;historico-removida;Paráfrase do argumento/título de O Segundo Sexo, não passagem citável (CHECKPOINT, 5º lote).;"CHECKPOINT: ""quinto lote""";q1y8crjs1mfwljx;;A-;empoderamento;;;"recuperado de diff de curadoria-frases.csv entre os commits + CHECKPOINT; qid lido da execução do memotiva.js do commit base"
2026-09-29;5º lote (fim da fila de atribuição popular);7cb1303;b9daa7e;Robert Emmons;A gratidão é o sentimento que nasce quando percebemos que a vida nos oferece mais do que merecemos.;historico-removida;"Pesquisa dedicada não localizou a frase em obra, entrevista ou palestra do autor; padrão de resumo/“principais aprendizados” de livro, não de citação direta (CHECKPOINT, 5º lote).";"CHECKPOINT: ""quinto lote""";q1mqif40mn4yoj;;A-;gratidao;;;"recuperado de diff de curadoria-frases.csv entre os commits + CHECKPOINT; qid lido da execução do memotiva.js do commit base"
2026-09-29;5º lote (fim da fila de atribuição popular);7cb1303;b9daa7e;Robert Emmons;A gratidão permite reconhecer o valor das coisas boas da vida.;historico-removida;"Pesquisa dedicada não localizou a frase em obra, entrevista ou palestra do autor; padrão de resumo/“principais aprendizados” de livro, não de citação direta (CHECKPOINT, 5º lote).";"CHECKPOINT: ""quinto lote""";qkz4hwev0nnz;;A-;gratidao;;;"recuperado de diff de curadoria-frases.csv entre os commits + CHECKPOINT; qid lido da execução do memotiva.js do commit base"
2026-09-29;5º lote (fim da fila de atribuição popular);7cb1303;b9daa7e;Robert Emmons;"A gratidão não é apenas uma reação ao bem recebido; é uma forma de enxergar o mundo.";historico-removida;"Pesquisa dedicada não localizou a frase em obra, entrevista ou palestra do autor; padrão de resumo/“principais aprendizados” de livro, não de citação direta (CHECKPOINT, 5º lote).";"CHECKPOINT: ""quinto lote""";q15uefjw16jff6k;;A-;gratidao;;;"recuperado de diff de curadoria-frases.csv entre os commits + CHECKPOINT; qid lido da execução do memotiva.js do commit base"
2026-09-29;5º lote (fim da fila de atribuição popular);7cb1303;b9daa7e;Robert Emmons;A gratidão é uma das maneiras mais eficazes de fortalecer o bem-estar psicológico.;historico-removida;"Pesquisa dedicada não localizou a frase em obra, entrevista ou palestra do autor; padrão de resumo/“principais aprendizados” de livro, não de citação direta (CHECKPOINT, 5º lote).";"CHECKPOINT: ""quinto lote""";q1xaljowqfj7ux;;A-;gratidao;;;"recuperado de diff de curadoria-frases.csv entre os commits + CHECKPOINT; qid lido da execução do memotiva.js do commit base"
2026-09-29;5º lote (fim da fila de atribuição popular);7cb1303;b9daa7e;Robert Emmons;A gratidão permite que as pessoas reconheçam o valor das experiências positivas.;historico-removida;"Pesquisa dedicada não localizou a frase em obra, entrevista ou palestra do autor; padrão de resumo/“principais aprendizados” de livro, não de citação direta (CHECKPOINT, 5º lote).";"CHECKPOINT: ""quinto lote""";q11x18ac6hjufb;;A-;gratidao;;;"recuperado de diff de curadoria-frases.csv entre os commits + CHECKPOINT; qid lido da execução do memotiva.js do commit base"
2026-09-29;5º lote (fim da fila de atribuição popular);7cb1303;b9daa7e;Clayton Christensen;A inovação acontece quando você combina conhecimentos existentes de novas maneiras.;historico-removida;"Pesquisa dedicada não localizou a frase em obra, entrevista ou palestra do autor; padrão de resumo/“principais aprendizados” de livro, não de citação direta (CHECKPOINT, 5º lote).";"CHECKPOINT: ""quinto lote""";qn6tbhh1bh8kn3;;A-;empreendedorismo;;;"recuperado de diff de curadoria-frases.csv entre os commits + CHECKPOINT; qid lido da execução do memotiva.js do commit base"
2026-09-29;5º lote (fim da fila de atribuição popular);7cb1303;b9daa7e;Clayton Christensen;Grandes empresas frequentemente falham porque fazem muito bem aquilo que deixou de importar.;historico-removida;"Pesquisa dedicada não localizou a frase em obra, entrevista ou palestra do autor; padrão de resumo/“principais aprendizados” de livro, não de citação direta (CHECKPOINT, 5º lote).";"CHECKPOINT: ""quinto lote""";q1r9y5ba1tf2bec;;A-;empreendedorismo;;;"recuperado de diff de curadoria-frases.csv entre os commits + CHECKPOINT; qid lido da execução do memotiva.js do commit base"
2026-09-29;5º lote (fim da fila de atribuição popular);7cb1303;b9daa7e;Clayton Christensen;A disrupção acontece quando uma inovação cria uma nova maneira de atender necessidades.;historico-removida;"Pesquisa dedicada não localizou a frase em obra, entrevista ou palestra do autor; padrão de resumo/“principais aprendizados” de livro, não de citação direta (CHECKPOINT, 5º lote).";"CHECKPOINT: ""quinto lote""";qreffjgzd6rj3;;A-;empreendedorismo;;;"recuperado de diff de curadoria-frases.csv entre os commits + CHECKPOINT; qid lido da execução do memotiva.js do commit base"
2026-09-29;5º lote (fim da fila de atribuição popular);7cb1303;b9daa7e;Clayton Christensen;A melhor forma de criar valor é resolver problemas importantes.;historico-removida;"Pesquisa dedicada não localizou a frase em obra, entrevista ou palestra do autor; padrão de resumo/“principais aprendizados” de livro, não de citação direta (CHECKPOINT, 5º lote).";"CHECKPOINT: ""quinto lote""";qhw6pih1yrs3uo;;A-;empreendedorismo;;;"recuperado de diff de curadoria-frases.csv entre os commits + CHECKPOINT; qid lido da execução do memotiva.js do commit base"
2026-09-29;5º lote (fim da fila de atribuição popular);7cb1303;b9daa7e;Clayton Christensen;Grandes empresas podem fracassar quando deixam de ouvir as necessidades emergentes dos clientes.;historico-removida;"Pesquisa dedicada não localizou a frase em obra, entrevista ou palestra do autor; padrão de resumo/“principais aprendizados” de livro, não de citação direta (CHECKPOINT, 5º lote).";"CHECKPOINT: ""quinto lote""";q1xx8lts1ufcr0t;;A-;empreendedorismo;;;"recuperado de diff de curadoria-frases.csv entre os commits + CHECKPOINT; qid lido da execução do memotiva.js do commit base"
2026-09-29;5º lote (fim da fila de atribuição popular);7cb1303;b9daa7e;Robert Greene;O maior perigo para a maioria das pessoas é a crença de que sabem mais do que realmente sabem.;historico-removida;"Pesquisa dedicada não localizou a frase em obra, entrevista ou palestra do autor; padrão de resumo/“principais aprendizados” de livro, não de citação direta (CHECKPOINT, 5º lote).";"CHECKPOINT: ""quinto lote""";q1ke6n9b180exhs;;A-;manipulacao;;;"recuperado de diff de curadoria-frases.csv entre os commits + CHECKPOINT; qid lido da execução do memotiva.js do commit base"
2026-09-29;5º lote (fim da fila de atribuição popular);7cb1303;b9daa7e;Robert Greene;Compreender as emoções humanas é essencial para compreender o comportamento das pessoas.;historico-removida;"Pesquisa dedicada não localizou a frase em obra, entrevista ou palestra do autor; padrão de resumo/“principais aprendizados” de livro, não de citação direta (CHECKPOINT, 5º lote).";"CHECKPOINT: ""quinto lote""";q6614m0nuv7ie;;A-;manipulacao;;;"recuperado de diff de curadoria-frases.csv entre os commits + CHECKPOINT; qid lido da execução do memotiva.js do commit base"
2026-09-29;5º lote (fim da fila de atribuição popular);7cb1303;b9daa7e;Robert Greene;As pessoas tendem a ver o mundo através de seus próprios interesses e experiências.;historico-removida;"Pesquisa dedicada não localizou a frase em obra, entrevista ou palestra do autor; padrão de resumo/“principais aprendizados” de livro, não de citação direta (CHECKPOINT, 5º lote).";"CHECKPOINT: ""quinto lote""";q1nn9kng2s5yap;;A-;manipulacao;;;"recuperado de diff de curadoria-frases.csv entre os commits + CHECKPOINT; qid lido da execução do memotiva.js do commit base"
2026-09-29;5º lote (fim da fila de atribuição popular);7cb1303;b9daa7e;Robert Greene;A maior sabedoria é compreender as motivações e interesses das pessoas.;historico-removida;"Pesquisa dedicada não localizou a frase em obra, entrevista ou palestra do autor; padrão de resumo/“principais aprendizados” de livro, não de citação direta (CHECKPOINT, 5º lote).";"CHECKPOINT: ""quinto lote""";q1n9t5st5il1ih;;A-;manipulacao;;;"recuperado de diff de curadoria-frases.csv entre os commits + CHECKPOINT; qid lido da execução do memotiva.js do commit base"
2026-09-29;5º lote (fim da fila de atribuição popular);7cb1303;b9daa7e;Robert Greene;As pessoas frequentemente veem o mundo não como ele é, mas como seus desejos e emoções determinam.;historico-removida;"Pesquisa dedicada não localizou a frase em obra, entrevista ou palestra do autor; padrão de resumo/“principais aprendizados” de livro, não de citação direta (CHECKPOINT, 5º lote).";"CHECKPOINT: ""quinto lote""";q1udh27w53vs6n;;A-;manipulacao;;;"recuperado de diff de curadoria-frases.csv entre os commits + CHECKPOINT; qid lido da execução do memotiva.js do commit base"
2026-09-29;5º lote (fim da fila de atribuição popular);7cb1303;b9daa7e;Robert Greene;A capacidade de observar as pessoas sem julgá-las imediatamente é uma habilidade essencial.;historico-removida;"Pesquisa dedicada não localizou a frase em obra, entrevista ou palestra do autor; padrão de resumo/“principais aprendizados” de livro, não de citação direta (CHECKPOINT, 5º lote).";"CHECKPOINT: ""quinto lote""";q1efz3zwfih2dz;;A-;manipulacao;;;"recuperado de diff de curadoria-frases.csv entre os commits + CHECKPOINT; qid lido da execução do memotiva.js do commit base"
2026-09-29;5º lote (fim da fila de atribuição popular);7cb1303;b9daa7e;Robert Greene;A maioria das pessoas é guiada mais pelas emoções do que pela razão.;historico-removida;"Pesquisa dedicada não localizou a frase em obra, entrevista ou palestra do autor; padrão de resumo/“principais aprendizados” de livro, não de citação direta (CHECKPOINT, 5º lote).";"CHECKPOINT: ""quinto lote""";qfx93rhukc6l5;;A-;manipulacao;;;"recuperado de diff de curadoria-frases.csv entre os commits + CHECKPOINT; qid lido da execução do memotiva.js do commit base"
2026-09-29;5º lote (fim da fila de atribuição popular);7cb1303;b9daa7e;Robert Greene;Conhecer a natureza humana é compreender padrões recorrentes de comportamento.;historico-removida;"Pesquisa dedicada não localizou a frase em obra, entrevista ou palestra do autor; padrão de resumo/“principais aprendizados” de livro, não de citação direta (CHECKPOINT, 5º lote).";"CHECKPOINT: ""quinto lote""";qukjelyetb503;;A-;manipulacao;;;"recuperado de diff de curadoria-frases.csv entre os commits + CHECKPOINT; qid lido da execução do memotiva.js do commit base"
2026-09-30;6º lote (fila de atribuição popular zerada);b9daa7e;e0f3f78;Robert Greene;A primeira habilidade para lidar com pessoas é observar sem julgamentos precipitados.;historico-removida;"Pesquisa dedicada não localizou a frase em obra, entrevista ou palestra do autor; padrão de resumo/“principais aprendizados” de livro, não de citação direta (CHECKPOINT, 5º lote). (frase que escapara da lista de remoção da Fase 92 por prefixo; CHECKPOINT, 6º lote).";"CHECKPOINT: ""sexto lote""";q2v39p418y98pr;;A-;manipulacao;;;"recuperado de diff de curadoria-frases.csv entre os commits + CHECKPOINT; qid lido da execução do memotiva.js do commit base"
2026-09-30;6º lote (fila de atribuição popular zerada);b9daa7e;e0f3f78;Simone de Beauvoir;A mulher não é definida pelo que ela é, mas pelo que ela faz.;historico-removida;Sem nenhuma corroboração encontrada em pesquisa dedicada (CHECKPOINT, 6º lote).;"CHECKPOINT: ""sexto lote""";q7rc08ibib6mm;;A-;empoderamento;;;"recuperado de diff de curadoria-frases.csv entre os commits + CHECKPOINT; qid lido da execução do memotiva.js do commit base"
2026-09-30;6º lote (fila de atribuição popular zerada);b9daa7e;e0f3f78;Simone de Beauvoir;A mulher deve deixar de ser um objeto e tornar-se um sujeito de sua própria história.;historico-removida;Sem nenhuma corroboração encontrada em pesquisa dedicada (CHECKPOINT, 6º lote).;"CHECKPOINT: ""sexto lote""";q1k20vx82l9nr;;A-;empoderamento;;;"recuperado de diff de curadoria-frases.csv entre os commits + CHECKPOINT; qid lido da execução do memotiva.js do commit base"
2026-09-30;6º lote (fila de atribuição popular zerada);b9daa7e;e0f3f78;Simone de Beauvoir;A liberdade é uma conquista, não uma dádiva.;historico-removida;Sem nenhuma corroboração encontrada em pesquisa dedicada (CHECKPOINT, 6º lote).;"CHECKPOINT: ""sexto lote""";qcy1ui5cggkki;;A-;empoderamento;;;"recuperado de diff de curadoria-frases.csv entre os commits + CHECKPOINT; qid lido da execução do memotiva.js do commit base"
2026-09-30;6º lote (fila de atribuição popular zerada);b9daa7e;e0f3f78;John Dewey;A felicidade é um estado de atividade, não de repouso.;historico-reatribuida;"Misatribuição: a frase é de Aristóteles, Ética a Nicômaco; reatribuída (nova entrada sob Aristóteles) (CHECKPOINT, 6º lote).";"CHECKPOINT: ""sexto lote""";q1djbjj811pn79g;;A-;felicidade;A felicidade é um estado de atividade, não de repouso.;1.0;"recuperado de diff de curadoria-frases.csv entre os commits + CHECKPOINT; qid lido da execução do memotiva.js do commit base"
2026-09-30;6º lote (fila de atribuição popular zerada);b9daa7e;e0f3f78;Henry Kissinger;A política externa é a arte de equilibrar interesses nacionais.;historico-removida;Nenhuma fonte encontrada apesar de coerência com o vocabulário do autor (CHECKPOINT, 6º lote).;"CHECKPOINT: ""sexto lote""";ql8q1l8lgvwko;;A-;politica;;;"recuperado de diff de curadoria-frases.csv entre os commits + CHECKPOINT; qid lido da execução do memotiva.js do commit base"
2026-09-30;6º lote (fila de atribuição popular zerada);b9daa7e;e0f3f78;Henry Kissinger;A diplomacia é a adaptação de interesses nacionais às realidades do mundo.;historico-removida;Nenhuma fonte encontrada apesar de coerência com o vocabulário do autor (CHECKPOINT, 6º lote).;"CHECKPOINT: ""sexto lote""";q47o8pk10wunsv;;A-;politica;;;"recuperado de diff de curadoria-frases.csv entre os commits + CHECKPOINT; qid lido da execução do memotiva.js do commit base"
2026-09-30;"7º lote (atribuição fraca invisível ao regex ""Atribuído"")";e0f3f78;9f81582;Winston Churchill;Se você está atravessando o inferno, continue andando.;historico-removida;"Apêndice ""Red Herrings"" do maior especialista em citações de Churchill (frase ""atravessando o inferno"") não a atribui a ele. (CHECKPOINT, 7º lote, tabela das 18).";"CHECKPOINT: ""sétimo lote"", tabela das 18";q32r9v41546xv6;Atribuído em discursos de guerra, 1940;A;dificeis;;;"recuperado de diff de curadoria-frases.csv entre os commits + CHECKPOINT; qid lido da execução do memotiva.js do commit base"
2026-09-30;"7º lote (atribuição fraca invisível ao regex ""Atribuído"")";e0f3f78;9f81582;William Butler Yeats;A educação não é encher um balde, mas acender um fogo.;historico-removida;"Sem fonte; a versão ""próxima"" de Plutarco também já era contração moderna. (CHECKPOINT, 7º lote, tabela das 18).";"CHECKPOINT: ""sétimo lote"", tabela das 18";f26j38q38;"Atribuído a Yeats sem localização em sua obra; formulação próxima aparece em Plutarco";A-;educacao;;;"recuperado de diff de curadoria-frases.csv entre os commits + CHECKPOINT; qid lido da execução do memotiva.js do commit base"
2026-09-30;"7º lote (atribuição fraca invisível ao regex ""Atribuído"")";e0f3f78;9f81582;Hipócrates;Que teu alimento seja teu remédio.;historico-removida;Não consta em nenhum tratado do Corpus Hippocraticum. (CHECKPOINT, 7º lote, tabela das 18).;"CHECKPOINT: ""sétimo lote"", tabela das 18";f2624222pl;Atribuído ao Corpus Hippocraticum sem localização confirmada em tratado específico;A-;vida;;;"recuperado de diff de curadoria-frases.csv entre os commits + CHECKPOINT; qid lido da execução do memotiva.js do commit base"
2026-09-30;"7º lote (atribuição fraca invisível ao regex ""Atribuído"")";e0f3f78;9f81582;George Bernard Shaw;O maior problema da comunicação é a ilusão de que ela aconteceu.;historico-removida;"Classificada ""Spurious""; origem real: William H. Whyte, revista Fortune, 1950. (CHECKPOINT, 7º lote, tabela das 18).";"CHECKPOINT: ""sétimo lote"", tabela das 18";f26463xezr;Atribuído a Shaw em coletâneas, sem localização em sua obra;A-;reflexao;;;"recuperado de diff de curadoria-frases.csv entre os commits + CHECKPOINT; qid lido da execução do memotiva.js do commit base"
2026-09-30;"7º lote (atribuição fraca invisível ao regex ""Atribuído"")";e0f3f78;9f81582;George Eliot;Nunca é tarde demais para ser o que você poderia ter sido.;historico-removida;Contestada por estudiosos, não localizada em sua obra. (CHECKPOINT, 7º lote, tabela das 18).;"CHECKPOINT: ""sétimo lote"", tabela das 18";f26483jy4x;Atribuído a George Eliot em coletâneas, sem localização em sua obra;A-;motivacao;;;"recuperado de diff de curadoria-frases.csv entre os commits + CHECKPOINT; qid lido da execução do memotiva.js do commit base"
2026-09-30;"7º lote (atribuição fraca invisível ao regex ""Atribuído"")";e0f3f78;9f81582;Stephen Hawking;O maior inimigo do conhecimento não é a ignorância, é a ilusão de conhecimento.;historico-removida;"Pista já no acervo: é de Daniel Boorstin (não catalogado); removida em vez de reatribuída por proibição de autor novo na etapa. (CHECKPOINT, 7º lote, tabela das 18).";"CHECKPOINT: ""sétimo lote"", tabela das 18";f281zjpxikb;"Atribuído a Hawking em coletâneas; formulação próxima aparece em Daniel Boorstin";A-;educacao;;;"recuperado de diff de curadoria-frases.csv entre os commits + CHECKPOINT; qid lido da execução do memotiva.js do commit base"
2026-09-30;"7º lote (atribuição fraca invisível ao regex ""Atribuído"")";e0f3f78;9f81582;Nikola Tesla;Se você quer descobrir os segredos do universo, pense em termos de energia, frequência e vibração.;historico-removida;Citação pseudocientífica sem fonte primária. (CHECKPOINT, 7º lote, tabela das 18).;"CHECKPOINT: ""sétimo lote"", tabela das 18";f2824obvzzt;Atribuído a Tesla em coletâneas, sem localização em seus escritos;A-;educacao;;;"recuperado de diff de curadoria-frases.csv entre os commits + CHECKPOINT; qid lido da execução do memotiva.js do commit base"
2026-09-30;"7º lote (atribuição fraca invisível ao regex ""Atribuído"")";e0f3f78;9f81582;Harriet Tubman;Eu libertei mil escravos. Poderia ter libertado mais mil, se soubessem que eram escravos.;historico-removida;Contradiz achado do checkpoint v105: nenhuma palavra dela sobreviveu à verificação. (CHECKPOINT, 7º lote, tabela das 18).;"CHECKPOINT: ""sétimo lote"", tabela das 18";f282rm0wra2;Atribuído a Tubman em coletâneas, sem registro documental localizado;A-;reflexao;;;"recuperado de diff de curadoria-frases.csv entre os commits + CHECKPOINT; qid lido da execução do memotiva.js do commit base"
2026-09-30;"7º lote (atribuição fraca invisível ao regex ""Atribuído"")";e0f3f78;9f81582;Zumbi dos Palmares;Não somos nada sem a nossa liberdade.;historico-removida;Mesmo caso de Harriet Tubman (checkpoint v105). (CHECKPOINT, 7º lote, tabela das 18).;"CHECKPOINT: ""sétimo lote"", tabela das 18";f283897wyv0;"Atribuído a Zumbi na tradição oral; sem registro documental contemporâneo";A-;reflexao;;;"recuperado de diff de curadoria-frases.csv entre os commits + CHECKPOINT; qid lido da execução do memotiva.js do commit base"
2026-09-30;"7º lote (atribuição fraca invisível ao regex ""Atribuído"")";e0f3f78;9f81582;Walt Disney;Se você pode sonhar, você pode fazer.;historico-removida;Confirmado pelo arquivista oficial da Disney: escrita em 1981-82, 15 anos após sua morte. (CHECKPOINT, 7º lote, tabela das 18).;"CHECKPOINT: ""sétimo lote"", tabela das 18";f283t8yp1w5;Atribuído a Disney em coletâneas, sem registro primário localizado;A-;motivacao;;;"recuperado de diff de curadoria-frases.csv entre os commits + CHECKPOINT; qid lido da execução do memotiva.js do commit base"
2026-09-30;"7º lote (atribuição fraca invisível ao regex ""Atribuído"")";e0f3f78;9f81582;Martinho Lutero;Se eu soubesse que o mundo acabaria amanhã, ainda hoje plantaria minha macieira.;historico-removida;"Atribuição espúria conhecida (""macieira""); sem fonte em obra de Lutero. (CHECKPOINT, 7º lote, tabela das 18).";"CHECKPOINT: ""sétimo lote"", tabela das 18";f2849jz5fj6;Atribuído a Lutero a partir do século XX, sem registro em seus escritos;A-;conforto;;;"recuperado de diff de curadoria-frases.csv entre os commits + CHECKPOINT; qid lido da execução do memotiva.js do commit base"
2026-09-30;"7º lote (atribuição fraca invisível ao regex ""Atribuído"")";e0f3f78;9f81582;Chico Xavier;Embora ninguém possa voltar atrás e fazer um novo começo, qualquer um pode começar agora e fazer um novo fim.;historico-removida;"Pista já no acervo: é de Carl Bard, 1978 (não catalogado); removida em vez de reatribuída. (CHECKPOINT, 7º lote, tabela das 18).";"CHECKPOINT: ""sétimo lote"", tabela das 18";f284dreizm5;"Atribuído a Chico Xavier em coletâneas; formulação anterior é de Carl Bard";A-;motivacao;;;"recuperado de diff de curadoria-frases.csv entre os commits + CHECKPOINT; qid lido da execução do memotiva.js do commit base"
2026-09-30;"7º lote (atribuição fraca invisível ao regex ""Atribuído"")";e0f3f78;9f81582;Oscar Wilde;"Seja você mesmo; todos os outros já existem.";historico-removida;"A pesquisa que já existia no código do projeto concluía pela atribuição espúria; nunca tinha sido aplicada. (CHECKPOINT, 7º lote, tabela das 18).";"CHECKPOINT: ""sétimo lote"", tabela das 18";f31mmji8i6;Atribuído a Wilde em coletâneas, sem localização em sua obra;A-;autorreconhecimento;;;"recuperado de diff de curadoria-frases.csv entre os commits + CHECKPOINT; qid lido da execução do memotiva.js do commit base"
2026-09-30;"7º lote (atribuição fraca invisível ao regex ""Atribuído"")";e0f3f78;9f81582;Voltaire;Julgue um homem por suas perguntas, e não por suas respostas.;historico-removida;Origem real: duque de Lévis, 1808 (autor não catalogado no acervo na ocasião). (CHECKPOINT, 7º lote, tabela das 18).;"CHECKPOINT: ""sétimo lote"", tabela das 18";f31qvnz1nt;Atribuído a Voltaire em coletâneas, sem localização em sua obra;A-;reflexao;;;"recuperado de diff de curadoria-frases.csv entre os commits + CHECKPOINT; qid lido da execução do memotiva.js do commit base"
2026-09-30;"7º lote (atribuição fraca invisível ao regex ""Atribuído"")";e0f3f78;9f81582;Maya Angelou;As pessoas esquecerão o que você disse, esquecerão o que você fez, mas nunca esquecerão como você as fez sentir.;historico-removida;"Pista já no acervo: é de Carl W. Buehner, 1971 (não catalogado); removida em vez de reatribuída. (CHECKPOINT, 7º lote, tabela das 18).";"CHECKPOINT: ""sétimo lote"", tabela das 18";f3442i3gyhn;"Atribuído a Maya Angelou em coletâneas; formulação anterior aparece em Carl W. Buehner";A-;amor;;;"recuperado de diff de curadoria-frases.csv entre os commits + CHECKPOINT; qid lido da execução do memotiva.js do commit base"
2026-09-30;"7º lote (atribuição fraca invisível ao regex ""Atribuído"")";e0f3f78;9f81582;Albert Camus;Não caminhe atrás de mim, talvez eu não saiba liderar. Não caminhe à minha frente, talvez eu não queira seguir.;historico-removida;Origem real é uma coluna de jornal de 1971, sem ligação com Camus. (CHECKPOINT, 7º lote, tabela das 18).;"CHECKPOINT: ""sétimo lote"", tabela das 18";f34d2gfyhcd;Atribuído a Camus em coletâneas, sem localização em sua obra;A-;amizade;;;"recuperado de diff de curadoria-frases.csv entre os commits + CHECKPOINT; qid lido da execução do memotiva.js do commit base"
2026-09-30;"7º lote (atribuição fraca invisível ao regex ""Atribuído"")";e0f3f78;9f81582;Oscar Wilde;Somos todos feitos da mesma matéria, mas nem todos temos o mesmo destino.;historico-removida;"A pesquisa que já existia no código do projeto concluía pela atribuição espúria; nunca tinha sido aplicada. (CHECKPOINT, 7º lote, tabela das 18).";"CHECKPOINT: ""sétimo lote"", tabela das 18";f34111mopwpd;Atribuído a Wilde em coletâneas, sem localização em sua obra;A-;reflexao;;;"recuperado de diff de curadoria-frases.csv entre os commits + CHECKPOINT; qid lido da execução do memotiva.js do commit base"
2026-09-30;"7º lote (atribuição fraca invisível ao regex ""Atribuído"")";e0f3f78;9f81582;Cora Coralina;Sou aquela mulher a quem o tempo muito ensinou.;historico-removida;Autoria é controvérsia documentada na crítica literária brasileira. (CHECKPOINT, 7º lote, tabela das 18).;"CHECKPOINT: ""sétimo lote"", tabela das 18";f3414120syde;Poema Assim Eu Vejo a Vida, atribuído a Cora Coralina e não localizado em edição autorizada;A-;autorreconhecimento;;;"recuperado de diff de curadoria-frases.csv entre os commits + CHECKPOINT; qid lido da execução do memotiva.js do commit base"
2026-10-01;"Fase 96 (padrão ""[obra] ou declaração pública registrada"")";9f81582;376355e;John D. Rockefeller;Sempre tentei transformar todo desastre em uma oportunidade.;historico-removida;"Padrão ""[obra] ou declaração pública registrada"": sem verificação individual dentro do tempo da sessão, removida pela regra do projeto ""sem achar, não fica""; fila para sessão futura (CHECKPOINT, sessão 29/09/2026 e comentário da Fase 96).";"CHECKPOINT: ""sessão 29/09/2026 — novo padrão de fonte fraca""; comentário da Fase 96 em memotiva.js";q6y8vwc1kv8aw8;Random Reminiscences of Men and Events ou declaração pública registrada;A-;negocios;;;"recuperado de diff de curadoria-frases.csv entre os commits + CHECKPOINT; qid lido da execução do memotiva.js do commit base"
2026-10-01;"Fase 96 (padrão ""[obra] ou declaração pública registrada"")";9f81582;376355e;John D. Rockefeller;"Cada direito carrega uma responsabilidade; toda oportunidade, uma obrigação; toda posse, um dever.";historico-removida;"Padrão ""[obra] ou declaração pública registrada"": sem verificação individual dentro do tempo da sessão, removida pela regra do projeto ""sem achar, não fica""; fila para sessão futura (CHECKPOINT, sessão 29/09/2026 e comentário da Fase 96).";"CHECKPOINT: ""sessão 29/09/2026 — novo padrão de fonte fraca""; comentário da Fase 96 em memotiva.js";q1stvjl8pbghzi;Random Reminiscences of Men and Events ou declaração pública registrada;A-;financas;;;"recuperado de diff de curadoria-frases.csv entre os commits + CHECKPOINT; qid lido da execução do memotiva.js do commit base"
2026-10-01;"Fase 96 (padrão ""[obra] ou declaração pública registrada"")";9f81582;376355e;Malala Yousafzai;Nós subestimamos o nosso poder — e essa é a primeira coisa que precisamos combater.;historico-removida;"Padrão ""[obra] ou declaração pública registrada"": sem verificação individual dentro do tempo da sessão, removida pela regra do projeto ""sem achar, não fica""; fila para sessão futura (CHECKPOINT, sessão 29/09/2026 e comentário da Fase 96).";"CHECKPOINT: ""sessão 29/09/2026 — novo padrão de fonte fraca""; comentário da Fase 96 em memotiva.js";q1iyzp4qplcdtq;Eu Sou Malala ou declaração pública registrada;A-;empoderamento;;;"recuperado de diff de curadoria-frases.csv entre os commits + CHECKPOINT; qid lido da execução do memotiva.js do commit base"
2026-10-01;"Fase 96 (padrão ""[obra] ou declaração pública registrada"")";9f81582;376355e;Malala Yousafzai;Podiam tomar nossas canetas e nossos livros, mas não podiam impedir nossas mentes de pensar.;historico-removida;"Padrão ""[obra] ou declaração pública registrada"": sem verificação individual dentro do tempo da sessão, removida pela regra do projeto ""sem achar, não fica""; fila para sessão futura (CHECKPOINT, sessão 29/09/2026 e comentário da Fase 96).";"CHECKPOINT: ""sessão 29/09/2026 — novo padrão de fonte fraca""; comentário da Fase 96 em memotiva.js";q1sf804211pl164;Eu Sou Malala ou declaração pública registrada;A-;dificeis;;;"recuperado de diff de curadoria-frases.csv entre os commits + CHECKPOINT; qid lido da execução do memotiva.js do commit base"
2026-10-01;"Fase 96 (padrão ""[obra] ou declaração pública registrada"")";9f81582;376355e;Michelle Obama;Uma das lições com que cresci foi a de permanecer sempre verdadeira comigo mesma e nunca deixar que as palavras de alguém me afastem dos meus objetivos.;historico-removida;"Padrão ""[obra] ou declaração pública registrada"": sem verificação individual dentro do tempo da sessão, removida pela regra do projeto ""sem achar, não fica""; fila para sessão futura (CHECKPOINT, sessão 29/09/2026 e comentário da Fase 96).";"CHECKPOINT: ""sessão 29/09/2026 — novo padrão de fonte fraca""; comentário da Fase 96 em memotiva.js";qvtpo66im9fbv;Minha História ou declaração pública registrada;A-;autorreconhecimento;;;"recuperado de diff de curadoria-frases.csv entre os commits + CHECKPOINT; qid lido da execução do memotiva.js do commit base"
2026-10-01;"Fase 96 (padrão ""[obra] ou declaração pública registrada"")";9f81582;376355e;Michelle Obama;Fracassar é parte crucial do sucesso. Toda vez que você fracassa e se recupera, exercita a perseverança que é a chave da vida.;historico-removida;"Padrão ""[obra] ou declaração pública registrada"": sem verificação individual dentro do tempo da sessão, removida pela regra do projeto ""sem achar, não fica""; fila para sessão futura (CHECKPOINT, sessão 29/09/2026 e comentário da Fase 96).";"CHECKPOINT: ""sessão 29/09/2026 — novo padrão de fonte fraca""; comentário da Fase 96 em memotiva.js";q2q9w802bbhsf;Minha História ou declaração pública registrada;A-;dificeis;;;"recuperado de diff de curadoria-frases.csv entre os commits + CHECKPOINT; qid lido da execução do memotiva.js do commit base"
2026-10-01;"Fase 96 (padrão ""[obra] ou declaração pública registrada"")";9f81582;376355e;John D. Rockefeller;Uma amizade criada nos negócios é melhor do que negócios criados na amizade.;historico-removida;"Padrão ""[obra] ou declaração pública registrada"": sem verificação individual dentro do tempo da sessão, removida pela regra do projeto ""sem achar, não fica""; fila para sessão futura (CHECKPOINT, sessão 29/09/2026 e comentário da Fase 96).";"CHECKPOINT: ""sessão 29/09/2026 — novo padrão de fonte fraca""; comentário da Fase 96 em memotiva.js";q1ijm7g4tym54d;Random Reminiscences of Men and Events ou declaração pública registrada;A-;negocios;;;"recuperado de diff de curadoria-frases.csv entre os commits + CHECKPOINT; qid lido da execução do memotiva.js do commit base"
2026-10-01;"Fase 96 (padrão ""[obra] ou declaração pública registrada"")";9f81582;376355e;Henry Ford;Se o dinheiro for a sua esperança de independência, você nunca a terá. A única segurança verdadeira é uma reserva de sabedoria, experiência e competência.;historico-removida;"Padrão ""[obra] ou declaração pública registrada"": sem verificação individual dentro do tempo da sessão, removida pela regra do projeto ""sem achar, não fica""; fila para sessão futura (CHECKPOINT, sessão 29/09/2026 e comentário da Fase 96).";"CHECKPOINT: ""sessão 29/09/2026 — novo padrão de fonte fraca""; comentário da Fase 96 em memotiva.js";qangia8ce8vr5;My Life and Work ou declaração pública registrada;A-;negocios;;;"recuperado de diff de curadoria-frases.csv entre os commits + CHECKPOINT; qid lido da execução do memotiva.js do commit base"
2026-10-01;"Fase 96 (padrão ""[obra] ou declaração pública registrada"")";9f81582;376355e;Malala Yousafzai;Eu decidi que não há nada de errado em se considerar feminista. Feminismo é uma outra palavra para igualdade.;historico-removida;"Padrão ""[obra] ou declaração pública registrada"": sem verificação individual dentro do tempo da sessão, removida pela regra do projeto ""sem achar, não fica""; fila para sessão futura (CHECKPOINT, sessão 29/09/2026 e comentário da Fase 96).";"CHECKPOINT: ""sessão 29/09/2026 — novo padrão de fonte fraca""; comentário da Fase 96 em memotiva.js";qidvrinod6txh;Eu Sou Malala ou declaração pública registrada;A-;empoderamento;;;"recuperado de diff de curadoria-frases.csv entre os commits + CHECKPOINT; qid lido da execução do memotiva.js do commit base"
2026-10-01;"Fase 96 (padrão ""[obra] ou declaração pública registrada"")";9f81582;376355e;Michelle Obama;Não existe limite para o que nós, como mulheres, podemos realizar.;historico-removida;"Padrão ""[obra] ou declaração pública registrada"": sem verificação individual dentro do tempo da sessão, removida pela regra do projeto ""sem achar, não fica""; fila para sessão futura (CHECKPOINT, sessão 29/09/2026 e comentário da Fase 96).";"CHECKPOINT: ""sessão 29/09/2026 — novo padrão de fonte fraca""; comentário da Fase 96 em memotiva.js";qnx13w01jjpsr4;Minha História ou declaração pública registrada;A-;empoderamento;;;"recuperado de diff de curadoria-frases.csv entre os commits + CHECKPOINT; qid lido da execução do memotiva.js do commit base"
2026-10-01;"Fase 96 (padrão ""[obra] ou declaração pública registrada"")";9f81582;376355e;Madre Teresa de Calcutá;Por vezes sentimos que aquilo que fazemos não é senão uma gota de água no mar. Mas o mar seria menor se lhe faltasse uma gota.;historico-removida;"Padrão ""[obra] ou declaração pública registrada"": sem verificação individual dentro do tempo da sessão, removida pela regra do projeto ""sem achar, não fica""; fila para sessão futura (CHECKPOINT, sessão 29/09/2026 e comentário da Fase 96).";"CHECKPOINT: ""sessão 29/09/2026 — novo padrão de fonte fraca""; comentário da Fase 96 em memotiva.js";qlk0xq4zbs7pm;A Simple Path ou declaração pública registrada;A-;fe;;;"recuperado de diff de curadoria-frases.csv entre os commits + CHECKPOINT; qid lido da execução do memotiva.js do commit base"
2026-10-01;"Fase 96 (padrão ""[obra] ou declaração pública registrada"")";9f81582;376355e;Malala Yousafzai;Eu levanto minha voz — não para que eu possa gritar, mas para que aquelas sem voz possam ser ouvidas.;historico-removida;"Padrão ""[obra] ou declaração pública registrada"": sem verificação individual dentro do tempo da sessão, removida pela regra do projeto ""sem achar, não fica""; fila para sessão futura (CHECKPOINT, sessão 29/09/2026 e comentário da Fase 96).";"CHECKPOINT: ""sessão 29/09/2026 — novo padrão de fonte fraca""; comentário da Fase 96 em memotiva.js";q132hues1cosdbx;Eu Sou Malala ou declaração pública registrada;A-;empoderamento;;;"recuperado de diff de curadoria-frases.csv entre os commits + CHECKPOINT; qid lido da execução do memotiva.js do commit base"
2026-10-01;"Fase 96 (padrão ""[obra] ou declaração pública registrada"")";9f81582;376355e;Simone Weil;A amizade é o único afeto que escolhemos livremente.;historico-removida;"Padrão ""[obra] ou declaração pública registrada"": sem verificação individual dentro do tempo da sessão, removida pela regra do projeto ""sem achar, não fica""; fila para sessão futura (CHECKPOINT, sessão 29/09/2026 e comentário da Fase 96).";"CHECKPOINT: ""sessão 29/09/2026 — novo padrão de fonte fraca""; comentário da Fase 96 em memotiva.js";q7yg5mcp6kw0u;A Gravidade e a Graça ou declaração pública registrada;A-;amizade;;;"recuperado de diff de curadoria-frases.csv entre os commits + CHECKPOINT; qid lido da execução do memotiva.js do commit base"
2026-10-01;"Fase 96 (padrão ""[obra] ou declaração pública registrada"")";9f81582;376355e;Colin Powell;Otimismo perpétuo é um multiplicador de forças.;historico-removida;"Padrão ""[obra] ou declaração pública registrada"": sem verificação individual dentro do tempo da sessão, removida pela regra do projeto ""sem achar, não fica""; fila para sessão futura (CHECKPOINT, sessão 29/09/2026 e comentário da Fase 96).";"CHECKPOINT: ""sessão 29/09/2026 — novo padrão de fonte fraca""; comentário da Fase 96 em memotiva.js";q1oyh1302jfbgz;My American Journey ou declaração pública registrada;A-;lideranca;;;"recuperado de diff de curadoria-frases.csv entre os commits + CHECKPOINT; qid lido da execução do memotiva.js do commit base"
2026-10-01;"Fase 96 (padrão ""[obra] ou declaração pública registrada"")";9f81582;376355e;Colin Powell;"Os líderes assumem responsabilidade; eles não colocam culpa nos outros.";historico-removida;"Padrão ""[obra] ou declaração pública registrada"": sem verificação individual dentro do tempo da sessão, removida pela regra do projeto ""sem achar, não fica""; fila para sessão futura (CHECKPOINT, sessão 29/09/2026 e comentário da Fase 96).";"CHECKPOINT: ""sessão 29/09/2026 — novo padrão de fonte fraca""; comentário da Fase 96 em memotiva.js";qohc1i4hyfgjj;My American Journey ou declaração pública registrada;A-;lideranca;;;"recuperado de diff de curadoria-frases.csv entre os commits + CHECKPOINT; qid lido da execução do memotiva.js do commit base"
2026-10-01;"Fase 96 (padrão ""[obra] ou declaração pública registrada"")";9f81582;376355e;Richard Branson;Treine as pessoas bem o suficiente para que elas possam sair, trate-as bem o suficiente para que elas queiram ficar.;historico-removida;"Padrão ""[obra] ou declaração pública registrada"": sem verificação individual dentro do tempo da sessão, removida pela regra do projeto ""sem achar, não fica""; fila para sessão futura (CHECKPOINT, sessão 29/09/2026 e comentário da Fase 96).";"CHECKPOINT: ""sessão 29/09/2026 — novo padrão de fonte fraca""; comentário da Fase 96 em memotiva.js";q1tvo0e2slqgbd;Perdendo a Virgindade ou declaração pública registrada;A-;lideranca;;;"recuperado de diff de curadoria-frases.csv entre os commits + CHECKPOINT; qid lido da execução do memotiva.js do commit base"
2026-10-01;"Fase 96 (padrão ""[obra] ou declaração pública registrada"")";9f81582;376355e;Nelson Mandela;Um verdadeiro líder usa qualquer problema, por mais grave que seja, como oportunidade para melhorar.;historico-removida;"Padrão ""[obra] ou declaração pública registrada"": sem verificação individual dentro do tempo da sessão, removida pela regra do projeto ""sem achar, não fica""; fila para sessão futura (CHECKPOINT, sessão 29/09/2026 e comentário da Fase 96).";"CHECKPOINT: ""sessão 29/09/2026 — novo padrão de fonte fraca""; comentário da Fase 96 em memotiva.js";q1x0qcfi1gm5cka;Longo Caminho para a Liberdade ou declaração pública registrada;A-;lideranca;;;"recuperado de diff de curadoria-frases.csv entre os commits + CHECKPOINT; qid lido da execução do memotiva.js do commit base"
2026-10-01;"Fase 96 (padrão ""[obra] ou declaração pública registrada"")";9f81582;376355e;Nelson Mandela;Uma nação não deve ser julgada pela forma como trata seus cidadãos mais elevados, mas seus cidadãos mais baixos.;historico-removida;"Padrão ""[obra] ou declaração pública registrada"": sem verificação individual dentro do tempo da sessão, removida pela regra do projeto ""sem achar, não fica""; fila para sessão futura (CHECKPOINT, sessão 29/09/2026 e comentário da Fase 96).";"CHECKPOINT: ""sessão 29/09/2026 — novo padrão de fonte fraca""; comentário da Fase 96 em memotiva.js";q1qstusdoidz7a;Longo Caminho para a Liberdade ou declaração pública registrada;A-;politica;;;"recuperado de diff de curadoria-frases.csv entre os commits + CHECKPOINT; qid lido da execução do memotiva.js do commit base"
2026-10-01;"Fase 96 (padrão ""[obra] ou declaração pública registrada"")";9f81582;376355e;Daniel Kahneman;Uma maneira confiável de fazer as pessoas acreditarem em falsidades é a repetição frequente.;historico-removida;"Padrão ""[obra] ou declaração pública registrada"": sem verificação individual dentro do tempo da sessão, removida pela regra do projeto ""sem achar, não fica""; fila para sessão futura (CHECKPOINT, sessão 29/09/2026 e comentário da Fase 96).";"CHECKPOINT: ""sessão 29/09/2026 — novo padrão de fonte fraca""; comentário da Fase 96 em memotiva.js";q14s7jmr1nfrfut;Rápido e Devagar ou declaração pública registrada;A-;manipulacao;;;"recuperado de diff de curadoria-frases.csv entre os commits + CHECKPOINT; qid lido da execução do memotiva.js do commit base"
2026-10-01;"Fase 96 (padrão ""[obra] ou declaração pública registrada"")";9f81582;376355e;John D. Rockefeller;Não tenha medo de desistir do bom para perseguir o ótimo.;historico-removida;"Padrão ""[obra] ou declaração pública registrada"": sem verificação individual dentro do tempo da sessão, removida pela regra do projeto ""sem achar, não fica""; fila para sessão futura (CHECKPOINT, sessão 29/09/2026 e comentário da Fase 96).";"CHECKPOINT: ""sessão 29/09/2026 — novo padrão de fonte fraca""; comentário da Fase 96 em memotiva.js";qncymdj1mjyhdp;Random Reminiscences of Men and Events ou declaração pública registrada;A-;negocios;;;"recuperado de diff de curadoria-frases.csv entre os commits + CHECKPOINT; qid lido da execução do memotiva.js do commit base"
2026-10-01;"Fase 96 (padrão ""[obra] ou declaração pública registrada"")";9f81582;376355e;John D. Rockefeller;O segredo do sucesso é fazer as coisas comuns de maneira extraordinariamente bem.;historico-removida;"Padrão ""[obra] ou declaração pública registrada"": sem verificação individual dentro do tempo da sessão, removida pela regra do projeto ""sem achar, não fica""; fila para sessão futura (CHECKPOINT, sessão 29/09/2026 e comentário da Fase 96).";"CHECKPOINT: ""sessão 29/09/2026 — novo padrão de fonte fraca""; comentário da Fase 96 em memotiva.js";qcgzpkw1y3yebw;Random Reminiscences of Men and Events ou declaração pública registrada;A-;negocios;;;"recuperado de diff de curadoria-frases.csv entre os commits + CHECKPOINT; qid lido da execução do memotiva.js do commit base"
2026-10-01;"Fase 96 (padrão ""[obra] ou declaração pública registrada"")";9f81582;376355e;Henry Ford;O fracasso é simplesmente a oportunidade de recomeçar, desta vez de forma mais inteligente.;historico-removida;"Padrão ""[obra] ou declaração pública registrada"": sem verificação individual dentro do tempo da sessão, removida pela regra do projeto ""sem achar, não fica""; fila para sessão futura (CHECKPOINT, sessão 29/09/2026 e comentário da Fase 96).";"CHECKPOINT: ""sessão 29/09/2026 — novo padrão de fonte fraca""; comentário da Fase 96 em memotiva.js";q3iqdvsy6vi31;My Life and Work ou declaração pública registrada;A-;negocios;;;"recuperado de diff de curadoria-frases.csv entre os commits + CHECKPOINT; qid lido da execução do memotiva.js do commit base"
2026-10-01;"Fase 96 (padrão ""[obra] ou declaração pública registrada"")";9f81582;376355e;Madre Teresa de Calcutá;A alegria é uma rede de amor pela qual você pode capturar almas.;historico-removida;"Padrão ""[obra] ou declaração pública registrada"": sem verificação individual dentro do tempo da sessão, removida pela regra do projeto ""sem achar, não fica""; fila para sessão futura (CHECKPOINT, sessão 29/09/2026 e comentário da Fase 96).";"CHECKPOINT: ""sessão 29/09/2026 — novo padrão de fonte fraca""; comentário da Fase 96 em memotiva.js";q9wb0k11k5uz0;A Simple Path ou declaração pública registrada;A-;fe;;;"recuperado de diff de curadoria-frases.csv entre os commits + CHECKPOINT; qid lido da execução do memotiva.js do commit base"
2026-10-01;"Fase 96 (padrão ""[obra] ou declaração pública registrada"")";9f81582;376355e;Colin Powell;Nunca deixe seu ego ficar tão ligado à sua posição que, quando sua posição cair, seu ego caia junto.;historico-removida;"Padrão ""[obra] ou declaração pública registrada"": sem verificação individual dentro do tempo da sessão, removida pela regra do projeto ""sem achar, não fica""; fila para sessão futura (CHECKPOINT, sessão 29/09/2026 e comentário da Fase 96).";"CHECKPOINT: ""sessão 29/09/2026 — novo padrão de fonte fraca""; comentário da Fase 96 em memotiva.js";qb8qjwfmn2w95;My American Journey ou declaração pública registrada;A-;lideranca;;;"recuperado de diff de curadoria-frases.csv entre os commits + CHECKPOINT; qid lido da execução do memotiva.js do commit base"
2026-10-01;"Fase 96 (padrão ""[obra] ou declaração pública registrada"")";9f81582;376355e;Richard Branson;Se você não se diverte fazendo algo, provavelmente não deveria fazê-lo.;historico-removida;"Padrão ""[obra] ou declaração pública registrada"": sem verificação individual dentro do tempo da sessão, removida pela regra do projeto ""sem achar, não fica""; fila para sessão futura (CHECKPOINT, sessão 29/09/2026 e comentário da Fase 96).";"CHECKPOINT: ""sessão 29/09/2026 — novo padrão de fonte fraca""; comentário da Fase 96 em memotiva.js";qrka0l4j4g4hq;Perdendo a Virgindade ou declaração pública registrada;A-;empreendedorismo;;;"recuperado de diff de curadoria-frases.csv entre os commits + CHECKPOINT; qid lido da execução do memotiva.js do commit base"
2026-10-01;"Fase 96 (padrão ""[obra] ou declaração pública registrada"")";9f81582;376355e;Konrad Adenauer;"A liberdade não é algo que o homem recebe de presente; é algo que deve defender constantemente.";historico-removida;"Padrão ""[obra] ou declaração pública registrada"": sem verificação individual dentro do tempo da sessão, removida pela regra do projeto ""sem achar, não fica""; fila para sessão futura (CHECKPOINT, sessão 29/09/2026 e comentário da Fase 96).";"CHECKPOINT: ""sessão 29/09/2026 — novo padrão de fonte fraca""; comentário da Fase 96 em memotiva.js";q1yzczq035ei65;Memórias de Konrad Adenauer ou declaração pública registrada;A-;politica;;;"recuperado de diff de curadoria-frases.csv entre os commits + CHECKPOINT; qid lido da execução do memotiva.js do commit base"
2026-10-01;"Fase 96 (padrão ""[obra] ou declaração pública registrada"")";9f81582;376355e;Daniel Kahneman;As pessoas tendem a substituir perguntas difíceis por perguntas mais fáceis.;historico-removida;"Padrão ""[obra] ou declaração pública registrada"": sem verificação individual dentro do tempo da sessão, removida pela regra do projeto ""sem achar, não fica""; fila para sessão futura (CHECKPOINT, sessão 29/09/2026 e comentário da Fase 96).";"CHECKPOINT: ""sessão 29/09/2026 — novo padrão de fonte fraca""; comentário da Fase 96 em memotiva.js";q1t8xnskx2gdr1;Rápido e Devagar ou declaração pública registrada;A-;manipulacao;;;"recuperado de diff de curadoria-frases.csv entre os commits + CHECKPOINT; qid lido da execução do memotiva.js do commit base"
2026-10-01;"Fase 96 (padrão ""[obra] ou declaração pública registrada"")";9f81582;376355e;Henry Ford;Qualidade significa fazer certo quando ninguém está olhando.;historico-removida;"Padrão ""[obra] ou declaração pública registrada"": sem verificação individual dentro do tempo da sessão, removida pela regra do projeto ""sem achar, não fica""; fila para sessão futura (CHECKPOINT, sessão 29/09/2026 e comentário da Fase 96).";"CHECKPOINT: ""sessão 29/09/2026 — novo padrão de fonte fraca""; comentário da Fase 96 em memotiva.js";qifhjds1bokrx7;My Life and Work ou declaração pública registrada;A-;negocios;;;"recuperado de diff de curadoria-frases.csv entre os commits + CHECKPOINT; qid lido da execução do memotiva.js do commit base"
2026-10-01;"Fase 96 (padrão ""[obra] ou declaração pública registrada"")";9f81582;376355e;Henry Ford;Um negócio absolutamente dedicado ao serviço terá apenas uma preocupação com os lucros: eles serão surpreendentemente grandes.;historico-removida;"Padrão ""[obra] ou declaração pública registrada"": sem verificação individual dentro do tempo da sessão, removida pela regra do projeto ""sem achar, não fica""; fila para sessão futura (CHECKPOINT, sessão 29/09/2026 e comentário da Fase 96).";"CHECKPOINT: ""sessão 29/09/2026 — novo padrão de fonte fraca""; comentário da Fase 96 em memotiva.js";q1h95ciw8y6tsg;My Life and Work ou declaração pública registrada;A-;negocios;;;"recuperado de diff de curadoria-frases.csv entre os commits + CHECKPOINT; qid lido da execução do memotiva.js do commit base"
2026-10-01;"Fase 96 (padrão ""[obra] ou declaração pública registrada"")";9f81582;376355e;Colin Powell;Não existe segredo para o sucesso. É resultado de preparação, trabalho duro e aprendizado com o fracasso.;historico-removida;"Padrão ""[obra] ou declaração pública registrada"": sem verificação individual dentro do tempo da sessão, removida pela regra do projeto ""sem achar, não fica""; fila para sessão futura (CHECKPOINT, sessão 29/09/2026 e comentário da Fase 96).";"CHECKPOINT: ""sessão 29/09/2026 — novo padrão de fonte fraca""; comentário da Fase 96 em memotiva.js";qsqibfg1wzr6n8;My American Journey ou declaração pública registrada;A-;lideranca;;;"recuperado de diff de curadoria-frases.csv entre os commits + CHECKPOINT; qid lido da execução do memotiva.js do commit base"
2026-10-01;"Fase 96 (padrão ""[obra] ou declaração pública registrada"")";9f81582;376355e;Richard Branson;Não há mais importante habilidade de liderança do que saber ouvir.;historico-removida;"Padrão ""[obra] ou declaração pública registrada"": sem verificação individual dentro do tempo da sessão, removida pela regra do projeto ""sem achar, não fica""; fila para sessão futura (CHECKPOINT, sessão 29/09/2026 e comentário da Fase 96).";"CHECKPOINT: ""sessão 29/09/2026 — novo padrão de fonte fraca""; comentário da Fase 96 em memotiva.js";q18wq1ooh5epm8;Perdendo a Virgindade ou declaração pública registrada;A-;lideranca;;;"recuperado de diff de curadoria-frases.csv entre os commits + CHECKPOINT; qid lido da execução do memotiva.js do commit base"
2026-10-01;"Fase 96 (padrão ""[obra] ou declaração pública registrada"")";9f81582;376355e;Nelson Mandela;Liderança poderosa é liderar a partir do fundo, não do topo.;historico-removida;"Padrão ""[obra] ou declaração pública registrada"": sem verificação individual dentro do tempo da sessão, removida pela regra do projeto ""sem achar, não fica""; fila para sessão futura (CHECKPOINT, sessão 29/09/2026 e comentário da Fase 96).";"CHECKPOINT: ""sessão 29/09/2026 — novo padrão de fonte fraca""; comentário da Fase 96 em memotiva.js";q12e7jms2g3nth;Longo Caminho para a Liberdade ou declaração pública registrada;A-;lideranca;;;"recuperado de diff de curadoria-frases.csv entre os commits + CHECKPOINT; qid lido da execução do memotiva.js do commit base"
2026-10-01;"Fase 96 (padrão ""[obra] ou declaração pública registrada"")";9f81582;376355e;Nelson Mandela;"Não há paixão em se contentar com pouco; em aceitar uma vida menor do que aquela que você é capaz de viver.";historico-removida;"Padrão ""[obra] ou declaração pública registrada"": sem verificação individual dentro do tempo da sessão, removida pela regra do projeto ""sem achar, não fica""; fila para sessão futura (CHECKPOINT, sessão 29/09/2026 e comentário da Fase 96).";"CHECKPOINT: ""sessão 29/09/2026 — novo padrão de fonte fraca""; comentário da Fase 96 em memotiva.js";qsg6o3q19zl7mj;Longo Caminho para a Liberdade ou declaração pública registrada;A-;lideranca;;;"recuperado de diff de curadoria-frases.csv entre os commits + CHECKPOINT; qid lido da execução do memotiva.js do commit base"
2026-10-01;"Fase 96 (padrão ""[obra] ou declaração pública registrada"")";9f81582;376355e;Colin Powell;A liderança é baseada em confiança, respeito e exemplo.;historico-removida;"Padrão ""[obra] ou declaração pública registrada"": sem verificação individual dentro do tempo da sessão, removida pela regra do projeto ""sem achar, não fica""; fila para sessão futura (CHECKPOINT, sessão 29/09/2026 e comentário da Fase 96).";"CHECKPOINT: ""sessão 29/09/2026 — novo padrão de fonte fraca""; comentário da Fase 96 em memotiva.js";qk8wg6d1v97xbn;My American Journey ou declaração pública registrada;A-;lideranca;;;"recuperado de diff de curadoria-frases.csv entre os commits + CHECKPOINT; qid lido da execução do memotiva.js do commit base"
2026-10-01;"Fase 96 (padrão ""[obra] ou declaração pública registrada"")";9f81582;376355e;Colin Powell;A liderança é a arte de conseguir mais do que a ciência da gestão considera possível.;historico-removida;"Padrão ""[obra] ou declaração pública registrada"": sem verificação individual dentro do tempo da sessão, removida pela regra do projeto ""sem achar, não fica""; fila para sessão futura (CHECKPOINT, sessão 29/09/2026 e comentário da Fase 96).";"CHECKPOINT: ""sessão 29/09/2026 — novo padrão de fonte fraca""; comentário da Fase 96 em memotiva.js";q16iae5ozkela3;My American Journey ou declaração pública registrada;A-;lideranca;;;"recuperado de diff de curadoria-frases.csv entre os commits + CHECKPOINT; qid lido da execução do memotiva.js do commit base"
2026-10-01;"Fase 96 (padrão ""[obra] ou declaração pública registrada"")";9f81582;376355e;Colin Powell;A responsabilidade da liderança é resolver problemas e criar oportunidades para as pessoas.;historico-removida;"Padrão ""[obra] ou declaração pública registrada"": sem verificação individual dentro do tempo da sessão, removida pela regra do projeto ""sem achar, não fica""; fila para sessão futura (CHECKPOINT, sessão 29/09/2026 e comentário da Fase 96).";"CHECKPOINT: ""sessão 29/09/2026 — novo padrão de fonte fraca""; comentário da Fase 96 em memotiva.js";q1o10k5ckpsbva;My American Journey ou declaração pública registrada;A-;lideranca;;;"recuperado de diff de curadoria-frases.csv entre os commits + CHECKPOINT; qid lido da execução do memotiva.js do commit base"
2026-10-01;"Fase 96 (padrão ""[obra] ou declaração pública registrada"")";9f81582;376355e;Colin Powell;Um líder deve inspirar confiança e criar um ambiente onde as pessoas possam ter sucesso.;historico-removida;"Padrão ""[obra] ou declaração pública registrada"": sem verificação individual dentro do tempo da sessão, removida pela regra do projeto ""sem achar, não fica""; fila para sessão futura (CHECKPOINT, sessão 29/09/2026 e comentário da Fase 96).";"CHECKPOINT: ""sessão 29/09/2026 — novo padrão de fonte fraca""; comentário da Fase 96 em memotiva.js";q9xccxm1hiqt23;My American Journey ou declaração pública registrada;A-;lideranca;;;"recuperado de diff de curadoria-frases.csv entre os commits + CHECKPOINT; qid lido da execução do memotiva.js do commit base"
2026-10-01;"Fase 96 (padrão ""[obra] ou declaração pública registrada"")";9f81582;376355e;Colin Powell;A liderança exige coragem para tomar decisões impopulares quando elas são necessárias.;historico-removida;"Padrão ""[obra] ou declaração pública registrada"": sem verificação individual dentro do tempo da sessão, removida pela regra do projeto ""sem achar, não fica""; fila para sessão futura (CHECKPOINT, sessão 29/09/2026 e comentário da Fase 96).";"CHECKPOINT: ""sessão 29/09/2026 — novo padrão de fonte fraca""; comentário da Fase 96 em memotiva.js";qw1zhi41gwkvw7;My American Journey ou declaração pública registrada;A-;lideranca;;;"recuperado de diff de curadoria-frases.csv entre os commits + CHECKPOINT; qid lido da execução do memotiva.js do commit base"
2026-10-01;"Fase 96 (padrão ""[obra] ou declaração pública registrada"")";9f81582;376355e;Malala Yousafzai;As mulheres são a verdadeira força da mudança.;historico-removida;"Padrão ""[obra] ou declaração pública registrada"": sem verificação individual dentro do tempo da sessão, removida pela regra do projeto ""sem achar, não fica""; fila para sessão futura (CHECKPOINT, sessão 29/09/2026 e comentário da Fase 96).";"CHECKPOINT: ""sessão 29/09/2026 — novo padrão de fonte fraca""; comentário da Fase 96 em memotiva.js";q13sswo83gg5zr;Eu Sou Malala ou declaração pública registrada;A-;empoderamento;;;"recuperado de diff de curadoria-frases.csv entre os commits + CHECKPOINT; qid lido da execução do memotiva.js do commit base"
2026-10-01;"Fase 96 (padrão ""[obra] ou declaração pública registrada"")";9f81582;376355e;Malala Yousafzai;A educação é o caminho para a liberdade das mulheres.;historico-removida;"Padrão ""[obra] ou declaração pública registrada"": sem verificação individual dentro do tempo da sessão, removida pela regra do projeto ""sem achar, não fica""; fila para sessão futura (CHECKPOINT, sessão 29/09/2026 e comentário da Fase 96).";"CHECKPOINT: ""sessão 29/09/2026 — novo padrão de fonte fraca""; comentário da Fase 96 em memotiva.js";q1kbmbmx1afwop7;Eu Sou Malala ou declaração pública registrada;A-;empoderamento;;;"recuperado de diff de curadoria-frases.csv entre os commits + CHECKPOINT; qid lido da execução do memotiva.js do commit base"
2026-10-01;"Fase 96 (padrão ""[obra] ou declaração pública registrada"")";9f81582;376355e;Malala Yousafzai;Quando o mundo inteiro está em silêncio, até uma voz se torna poderosa.;historico-removida;"Padrão ""[obra] ou declaração pública registrada"": sem verificação individual dentro do tempo da sessão, removida pela regra do projeto ""sem achar, não fica""; fila para sessão futura (CHECKPOINT, sessão 29/09/2026 e comentário da Fase 96).";"CHECKPOINT: ""sessão 29/09/2026 — novo padrão de fonte fraca""; comentário da Fase 96 em memotiva.js";qe5950nbux486;Eu Sou Malala ou declaração pública registrada;A-;empoderamento;;;"recuperado de diff de curadoria-frases.csv entre os commits + CHECKPOINT; qid lido da execução do memotiva.js do commit base"
2026-10-01;"Fase 96 (padrão ""[obra] ou declaração pública registrada"")";9f81582;376355e;Michelle Obama;Acredito que uma das coisas mais importantes que uma mulher pode fazer é elevar outras mulheres.;historico-removida;"Padrão ""[obra] ou declaração pública registrada"": sem verificação individual dentro do tempo da sessão, removida pela regra do projeto ""sem achar, não fica""; fila para sessão futura (CHECKPOINT, sessão 29/09/2026 e comentário da Fase 96).";"CHECKPOINT: ""sessão 29/09/2026 — novo padrão de fonte fraca""; comentário da Fase 96 em memotiva.js";q1w7by8zndfsnr;Minha História ou declaração pública registrada;A-;empoderamento;;;"recuperado de diff de curadoria-frases.csv entre os commits + CHECKPOINT; qid lido da execução do memotiva.js do commit base"
2026-10-01;"Fase 96 (padrão ""[obra] ou declaração pública registrada"")";9f81582;376355e;Malala Yousafzai;As mulheres são capazes de realizar qualquer coisa quando têm acesso à educação e às oportunidades.;historico-removida;"Padrão ""[obra] ou declaração pública registrada"": sem verificação individual dentro do tempo da sessão, removida pela regra do projeto ""sem achar, não fica""; fila para sessão futura (CHECKPOINT, sessão 29/09/2026 e comentário da Fase 96).";"CHECKPOINT: ""sessão 29/09/2026 — novo padrão de fonte fraca""; comentário da Fase 96 em memotiva.js";qjbs98kgntfcd;Eu Sou Malala ou declaração pública registrada;A-;empoderamento;;;"recuperado de diff de curadoria-frases.csv entre os commits + CHECKPOINT; qid lido da execução do memotiva.js do commit base"
2026-10-01;"Fase 96 (padrão ""[obra] ou declaração pública registrada"")";9f81582;376355e;Malala Yousafzai;Eu conto minha história não porque ela seja única, mas porque muitas mulheres têm histórias semelhantes.;historico-removida;"Padrão ""[obra] ou declaração pública registrada"": sem verificação individual dentro do tempo da sessão, removida pela regra do projeto ""sem achar, não fica""; fila para sessão futura (CHECKPOINT, sessão 29/09/2026 e comentário da Fase 96).";"CHECKPOINT: ""sessão 29/09/2026 — novo padrão de fonte fraca""; comentário da Fase 96 em memotiva.js";qjfj8jd1d98sdc;Eu Sou Malala ou declaração pública registrada;A-;empoderamento;;;"recuperado de diff de curadoria-frases.csv entre os commits + CHECKPOINT; qid lido da execução do memotiva.js do commit base"
2026-10-01;"Fase 96 (padrão ""[obra] ou declaração pública registrada"")";9f81582;376355e;Malala Yousafzai;Não podemos todos ter sucesso quando metade de nós é mantida para trás.;historico-removida;"Padrão ""[obra] ou declaração pública registrada"": sem verificação individual dentro do tempo da sessão, removida pela regra do projeto ""sem achar, não fica""; fila para sessão futura (CHECKPOINT, sessão 29/09/2026 e comentário da Fase 96).";"CHECKPOINT: ""sessão 29/09/2026 — novo padrão de fonte fraca""; comentário da Fase 96 em memotiva.js";q13ucacknc5sam;Eu Sou Malala ou declaração pública registrada;A-;empoderamento;;;"recuperado de diff de curadoria-frases.csv entre os commits + CHECKPOINT; qid lido da execução do memotiva.js do commit base"
2026-10-01;"Fase 96 (padrão ""[obra] ou declaração pública registrada"")";9f81582;376355e;Michelle Obama;Não existe uma maneira única de ser uma mulher forte.;historico-removida;"Padrão ""[obra] ou declaração pública registrada"": sem verificação individual dentro do tempo da sessão, removida pela regra do projeto ""sem achar, não fica""; fila para sessão futura (CHECKPOINT, sessão 29/09/2026 e comentário da Fase 96).";"CHECKPOINT: ""sessão 29/09/2026 — novo padrão de fonte fraca""; comentário da Fase 96 em memotiva.js";q1ukopts6n0yh5;Minha História ou declaração pública registrada;A-;empoderamento;;;"recuperado de diff de curadoria-frases.csv entre os commits + CHECKPOINT; qid lido da execução do memotiva.js do commit base"
2026-10-01;"Fase 96 (padrão ""[obra] ou declaração pública registrada"")";9f81582;376355e;Simone Weil;A coragem não é a ausência de medo, mas a capacidade de agir apesar dele.;historico-removida;"Padrão ""[obra] ou declaração pública registrada"": sem verificação individual dentro do tempo da sessão, removida pela regra do projeto ""sem achar, não fica""; fila para sessão futura (CHECKPOINT, sessão 29/09/2026 e comentário da Fase 96).";"CHECKPOINT: ""sessão 29/09/2026 — novo padrão de fonte fraca""; comentário da Fase 96 em memotiva.js";q1dinw2k197a1k6;A Gravidade e a Graça ou declaração pública registrada;A-;filosofos;;;"recuperado de diff de curadoria-frases.csv entre os commits + CHECKPOINT; qid lido da execução do memotiva.js do commit base"
2026-10-01;"Fase 96 (padrão ""[obra] ou declaração pública registrada"")";9f81582;376355e;Simone Weil;A raiz da vida moral está na atenção ao outro.;historico-removida;"Padrão ""[obra] ou declaração pública registrada"": sem verificação individual dentro do tempo da sessão, removida pela regra do projeto ""sem achar, não fica""; fila para sessão futura (CHECKPOINT, sessão 29/09/2026 e comentário da Fase 96).";"CHECKPOINT: ""sessão 29/09/2026 — novo padrão de fonte fraca""; comentário da Fase 96 em memotiva.js";qpax4ekzdvtri;A Gravidade e a Graça ou declaração pública registrada;A-;filosofos;;;"recuperado de diff de curadoria-frases.csv entre os commits + CHECKPOINT; qid lido da execução do memotiva.js do commit base"
2026-10-01;"Fase 96 (padrão ""[obra] ou declaração pública registrada"")";9f81582;376355e;Júlio César;A experiência é a professora de todas as coisas.;historico-removida;"Padrão ""[obra] ou declaração pública registrada"": sem verificação individual dentro do tempo da sessão, removida pela regra do projeto ""sem achar, não fica""; fila para sessão futura (CHECKPOINT, sessão 29/09/2026 e comentário da Fase 96).";"CHECKPOINT: ""sessão 29/09/2026 — novo padrão de fonte fraca""; comentário da Fase 96 em memotiva.js";q1rybzw81kumojk;Comentários de Júlio César ou declaração pública registrada;A-;politica;;;"recuperado de diff de curadoria-frases.csv entre os commits + CHECKPOINT; qid lido da execução do memotiva.js do commit base"
2026-10-01;"Fase 96 (padrão ""[obra] ou declaração pública registrada"")";9f81582;376355e;Júlio César;É mais fácil encontrar homens dispostos a morrer do que encontrar aqueles dispostos a suportar a dor com paciência.;historico-removida;"Padrão ""[obra] ou declaração pública registrada"": sem verificação individual dentro do tempo da sessão, removida pela regra do projeto ""sem achar, não fica""; fila para sessão futura (CHECKPOINT, sessão 29/09/2026 e comentário da Fase 96).";"CHECKPOINT: ""sessão 29/09/2026 — novo padrão de fonte fraca""; comentário da Fase 96 em memotiva.js";qvcoih41u35m5f;Comentários de Júlio César ou declaração pública registrada;A-;politica;;;"recuperado de diff de curadoria-frases.csv entre os commits + CHECKPOINT; qid lido da execução do memotiva.js do commit base"
2026-10-01;"Fase 96 (padrão ""[obra] ou declaração pública registrada"")";9f81582;376355e;Nelson Mandela;A verdadeira característica de uma sociedade livre é que ela pode ser criticada livremente.;historico-removida;"Padrão ""[obra] ou declaração pública registrada"": sem verificação individual dentro do tempo da sessão, removida pela regra do projeto ""sem achar, não fica""; fila para sessão futura (CHECKPOINT, sessão 29/09/2026 e comentário da Fase 96).";"CHECKPOINT: ""sessão 29/09/2026 — novo padrão de fonte fraca""; comentário da Fase 96 em memotiva.js";qejnct81u9dq7a;Longo Caminho para a Liberdade ou declaração pública registrada;A-;politica;;;"recuperado de diff de curadoria-frases.csv entre os commits + CHECKPOINT; qid lido da execução do memotiva.js do commit base"
2026-10-01;"Fase 96 (padrão ""[obra] ou declaração pública registrada"")";9f81582;376355e;Konrad Adenauer;A história é a soma das coisas que poderiam ter sido evitadas.;historico-removida;"Padrão ""[obra] ou declaração pública registrada"": sem verificação individual dentro do tempo da sessão, removida pela regra do projeto ""sem achar, não fica""; fila para sessão futura (CHECKPOINT, sessão 29/09/2026 e comentário da Fase 96).";"CHECKPOINT: ""sessão 29/09/2026 — novo padrão de fonte fraca""; comentário da Fase 96 em memotiva.js";q897ecopuzgm;Memórias de Konrad Adenauer ou declaração pública registrada;A-;politica;;;"recuperado de diff de curadoria-frases.csv entre os commits + CHECKPOINT; qid lido da execução do memotiva.js do commit base"
2026-10-01;"Fase 96 (padrão ""[obra] ou declaração pública registrada"")";9f81582;376355e;Konrad Adenauer;A paz não pode ser mantida pela força, mas pela compreensão.;historico-removida;"Padrão ""[obra] ou declaração pública registrada"": sem verificação individual dentro do tempo da sessão, removida pela regra do projeto ""sem achar, não fica""; fila para sessão futura (CHECKPOINT, sessão 29/09/2026 e comentário da Fase 96).";"CHECKPOINT: ""sessão 29/09/2026 — novo padrão de fonte fraca""; comentário da Fase 96 em memotiva.js";q1b3dnd81ic66f3;Memórias de Konrad Adenauer ou declaração pública registrada;A-;politica;;;"recuperado de diff de curadoria-frases.csv entre os commits + CHECKPOINT; qid lido da execução do memotiva.js do commit base"
2026-10-01;"Fase 96 (padrão ""[obra] ou declaração pública registrada"")";9f81582;376355e;Konrad Adenauer;A Europa deve ser construída sobre a reconciliação e a cooperação.;historico-removida;"Padrão ""[obra] ou declaração pública registrada"": sem verificação individual dentro do tempo da sessão, removida pela regra do projeto ""sem achar, não fica""; fila para sessão futura (CHECKPOINT, sessão 29/09/2026 e comentário da Fase 96).";"CHECKPOINT: ""sessão 29/09/2026 — novo padrão de fonte fraca""; comentário da Fase 96 em memotiva.js";qoa3gf8rv6rhk;Memórias de Konrad Adenauer ou declaração pública registrada;A-;politica;;;"recuperado de diff de curadoria-frases.csv entre os commits + CHECKPOINT; qid lido da execução do memotiva.js do commit base"
2026-10-01;"Fase 96 (padrão ""[obra] ou declaração pública registrada"")";9f81582;376355e;Mikhail Gorbachev;A paz não é a unidade na semelhança, mas a unidade na diversidade.;historico-removida;"Padrão ""[obra] ou declaração pública registrada"": sem verificação individual dentro do tempo da sessão, removida pela regra do projeto ""sem achar, não fica""; fila para sessão futura (CHECKPOINT, sessão 29/09/2026 e comentário da Fase 96).";"CHECKPOINT: ""sessão 29/09/2026 — novo padrão de fonte fraca""; comentário da Fase 96 em memotiva.js";q12y1tmo1f3o0eo;Perestroika ou declaração pública registrada;A-;politica;;;"recuperado de diff de curadoria-frases.csv entre os commits + CHECKPOINT; qid lido da execução do memotiva.js do commit base"
2026-10-01;"Fase 96 (padrão ""[obra] ou declaração pública registrada"")";9f81582;376355e;Mikhail Gorbachev;Precisamos de democracia como precisamos de ar para respirar.;historico-removida;"Padrão ""[obra] ou declaração pública registrada"": sem verificação individual dentro do tempo da sessão, removida pela regra do projeto ""sem achar, não fica""; fila para sessão futura (CHECKPOINT, sessão 29/09/2026 e comentário da Fase 96).";"CHECKPOINT: ""sessão 29/09/2026 — novo padrão de fonte fraca""; comentário da Fase 96 em memotiva.js";qn4wl881c8exiy;Perestroika ou declaração pública registrada;A-;politica;;;"recuperado de diff de curadoria-frases.csv entre os commits + CHECKPOINT; qid lido da execução do memotiva.js do commit base"
2026-10-01;"Fase 96 (padrão ""[obra] ou declaração pública registrada"")";9f81582;376355e;Mikhail Gorbachev;A vida pune aqueles que chegam tarde demais.;historico-removida;"Padrão ""[obra] ou declaração pública registrada"": sem verificação individual dentro do tempo da sessão, removida pela regra do projeto ""sem achar, não fica""; fila para sessão futura (CHECKPOINT, sessão 29/09/2026 e comentário da Fase 96).";"CHECKPOINT: ""sessão 29/09/2026 — novo padrão de fonte fraca""; comentário da Fase 96 em memotiva.js";q182nwbk1v575dz;Perestroika ou declaração pública registrada;A-;politica;;;"recuperado de diff de curadoria-frases.csv entre os commits + CHECKPOINT; qid lido da execução do memotiva.js do commit base"
2026-10-01;"Fase 96 (padrão ""[obra] ou declaração pública registrada"")";9f81582;376355e;Mikhail Gorbachev;Acredito que a responsabilidade de cada geração é construir um mundo melhor.;historico-removida;"Padrão ""[obra] ou declaração pública registrada"": sem verificação individual dentro do tempo da sessão, removida pela regra do projeto ""sem achar, não fica""; fila para sessão futura (CHECKPOINT, sessão 29/09/2026 e comentário da Fase 96).";"CHECKPOINT: ""sessão 29/09/2026 — novo padrão de fonte fraca""; comentário da Fase 96 em memotiva.js";qrg4ii8q4ykc3;Perestroika ou declaração pública registrada;A-;politica;;;"recuperado de diff de curadoria-frases.csv entre os commits + CHECKPOINT; qid lido da execução do memotiva.js do commit base"
2026-10-01;"Fase 96 (padrão ""[obra] ou declaração pública registrada"")";9f81582;376355e;Madre Teresa de Calcutá;A vida é uma oportunidade, agarre-a.;historico-removida;"Padrão ""[obra] ou declaração pública registrada"": sem verificação individual dentro do tempo da sessão, removida pela regra do projeto ""sem achar, não fica""; fila para sessão futura (CHECKPOINT, sessão 29/09/2026 e comentário da Fase 96).";"CHECKPOINT: ""sessão 29/09/2026 — novo padrão de fonte fraca""; comentário da Fase 96 em memotiva.js";qwvo6ssknncpw;A Simple Path ou declaração pública registrada;A-;fe;;;"recuperado de diff de curadoria-frases.csv entre os commits + CHECKPOINT; qid lido da execução do memotiva.js do commit base"
2026-10-01;"Fase 96 (padrão ""[obra] ou declaração pública registrada"")";9f81582;376355e;Henry Ford;Um negócio que não faz nada além de dinheiro é um negócio pobre.;historico-removida;"Padrão ""[obra] ou declaração pública registrada"": sem verificação individual dentro do tempo da sessão, removida pela regra do projeto ""sem achar, não fica""; fila para sessão futura (CHECKPOINT, sessão 29/09/2026 e comentário da Fase 96).";"CHECKPOINT: ""sessão 29/09/2026 — novo padrão de fonte fraca""; comentário da Fase 96 em memotiva.js";q18qkpvke5obib;My Life and Work ou declaração pública registrada;A-;empreendedorismo;;;"recuperado de diff de curadoria-frases.csv entre os commits + CHECKPOINT; qid lido da execução do memotiva.js do commit base"
2026-10-01;"Fase 96 (padrão ""[obra] ou declaração pública registrada"")";9f81582;376355e;Richard Branson;Cuide dos seus funcionários e eles cuidarão dos seus clientes.;historico-removida;"Padrão ""[obra] ou declaração pública registrada"": sem verificação individual dentro do tempo da sessão, removida pela regra do projeto ""sem achar, não fica""; fila para sessão futura (CHECKPOINT, sessão 29/09/2026 e comentário da Fase 96).";"CHECKPOINT: ""sessão 29/09/2026 — novo padrão de fonte fraca""; comentário da Fase 96 em memotiva.js";q1v4zab41fjfscs;Perdendo a Virgindade ou declaração pública registrada;A-;empreendedorismo;;;"recuperado de diff de curadoria-frases.csv entre os commits + CHECKPOINT; qid lido da execução do memotiva.js do commit base"
2026-10-01;"Fase 96 (padrão ""[obra] ou declaração pública registrada"")";9f81582;376355e;Richard Branson;As oportunidades de negócio são como ônibus: sempre há outro chegando.;historico-removida;"Padrão ""[obra] ou declaração pública registrada"": sem verificação individual dentro do tempo da sessão, removida pela regra do projeto ""sem achar, não fica""; fila para sessão futura (CHECKPOINT, sessão 29/09/2026 e comentário da Fase 96).";"CHECKPOINT: ""sessão 29/09/2026 — novo padrão de fonte fraca""; comentário da Fase 96 em memotiva.js";q1874hdnkht1h;Perdendo a Virgindade ou declaração pública registrada;A-;empreendedorismo;;;"recuperado de diff de curadoria-frases.csv entre os commits + CHECKPOINT; qid lido da execução do memotiva.js do commit base"
2026-10-01;"Fase 96 (padrão ""[obra] ou declaração pública registrada"")";9f81582;376355e;Richard Branson;Não aprenda regras demais. Aprenda princípios.;historico-removida;"Padrão ""[obra] ou declaração pública registrada"": sem verificação individual dentro do tempo da sessão, removida pela regra do projeto ""sem achar, não fica""; fila para sessão futura (CHECKPOINT, sessão 29/09/2026 e comentário da Fase 96).";"CHECKPOINT: ""sessão 29/09/2026 — novo padrão de fonte fraca""; comentário da Fase 96 em memotiva.js";q1dzi6yc1uc4v2y;Perdendo a Virgindade ou declaração pública registrada;A-;empreendedorismo;;;"recuperado de diff de curadoria-frases.csv entre os commits + CHECKPOINT; qid lido da execução do memotiva.js do commit base"
2026-10-01;"Fase 96 (padrão ""[obra] ou declaração pública registrada"")";9f81582;376355e;Richard Branson;O negócio é simplesmente uma ideia para melhorar a vida das pessoas.;historico-removida;"Padrão ""[obra] ou declaração pública registrada"": sem verificação individual dentro do tempo da sessão, removida pela regra do projeto ""sem achar, não fica""; fila para sessão futura (CHECKPOINT, sessão 29/09/2026 e comentário da Fase 96).";"CHECKPOINT: ""sessão 29/09/2026 — novo padrão de fonte fraca""; comentário da Fase 96 em memotiva.js";qwg5nog1hkec55;Perdendo a Virgindade ou declaração pública registrada;A-;empreendedorismo;;;"recuperado de diff de curadoria-frases.csv entre os commits + CHECKPOINT; qid lido da execução do memotiva.js do commit base"
2026-10-01;"Fase 96 (padrão ""[obra] ou declaração pública registrada"")";9f81582;376355e;Richard Branson;Arrisque-se. É melhor tentar e falhar do que nunca saber o que poderia ter acontecido.;historico-removida;"Padrão ""[obra] ou declaração pública registrada"": sem verificação individual dentro do tempo da sessão, removida pela regra do projeto ""sem achar, não fica""; fila para sessão futura (CHECKPOINT, sessão 29/09/2026 e comentário da Fase 96).";"CHECKPOINT: ""sessão 29/09/2026 — novo padrão de fonte fraca""; comentário da Fase 96 em memotiva.js";qv294kkwu08mc;Perdendo a Virgindade ou declaração pública registrada;A-;empreendedorismo;;;"recuperado de diff de curadoria-frases.csv entre os commits + CHECKPOINT; qid lido da execução do memotiva.js do commit base"
2026-10-01;"Fase 96 (padrão ""[obra] ou declaração pública registrada"")";9f81582;376355e;Daniel Kahneman;A forma como uma questão é apresentada influencia a resposta das pessoas.;historico-removida;"Padrão ""[obra] ou declaração pública registrada"": sem verificação individual dentro do tempo da sessão, removida pela regra do projeto ""sem achar, não fica""; fila para sessão futura (CHECKPOINT, sessão 29/09/2026 e comentário da Fase 96).";"CHECKPOINT: ""sessão 29/09/2026 — novo padrão de fonte fraca""; comentário da Fase 96 em memotiva.js";q1c8rukgu6d3xb;Rápido e Devagar ou declaração pública registrada;A-;manipulacao;;;"recuperado de diff de curadoria-frases.csv entre os commits + CHECKPOINT; qid lido da execução do memotiva.js do commit base"
2026-10-01;"Fase 96 (padrão ""[obra] ou declaração pública registrada"")";9f81582;376355e;Daniel Kahneman;As pessoas são influenciadas por atalhos mentais que nem sempre percebem.;historico-removida;"Padrão ""[obra] ou declaração pública registrada"": sem verificação individual dentro do tempo da sessão, removida pela regra do projeto ""sem achar, não fica""; fila para sessão futura (CHECKPOINT, sessão 29/09/2026 e comentário da Fase 96).";"CHECKPOINT: ""sessão 29/09/2026 — novo padrão de fonte fraca""; comentário da Fase 96 em memotiva.js";q1tj0c1zqn32vi;Rápido e Devagar ou declaração pública registrada;A-;manipulacao;;;"recuperado de diff de curadoria-frases.csv entre os commits + CHECKPOINT; qid lido da execução do memotiva.js do commit base"
2026-10-01;"Fase 96 (padrão ""[obra] ou declaração pública registrada"")";9f81582;376355e;Daniel Kahneman;A confiança excessiva é uma das principais fontes de erro humano.;historico-removida;"Padrão ""[obra] ou declaração pública registrada"": sem verificação individual dentro do tempo da sessão, removida pela regra do projeto ""sem achar, não fica""; fila para sessão futura (CHECKPOINT, sessão 29/09/2026 e comentário da Fase 96).";"CHECKPOINT: ""sessão 29/09/2026 — novo padrão de fonte fraca""; comentário da Fase 96 em memotiva.js";q1wbgul1mjlilp;Rápido e Devagar ou declaração pública registrada;A-;manipulacao;;;"recuperado de diff de curadoria-frases.csv entre os commits + CHECKPOINT; qid lido da execução do memotiva.js do commit base"
2026-10-01;"Fase 96 (padrão ""[obra] ou declaração pública registrada"")";9f81582;376355e;Daniel Kahneman;A facilidade com que uma informação vem à mente influencia sua avaliação.;historico-removida;"Padrão ""[obra] ou declaração pública registrada"": sem verificação individual dentro do tempo da sessão, removida pela regra do projeto ""sem achar, não fica""; fila para sessão futura (CHECKPOINT, sessão 29/09/2026 e comentário da Fase 96).";"CHECKPOINT: ""sessão 29/09/2026 — novo padrão de fonte fraca""; comentário da Fase 96 em memotiva.js";q4vmalkqq1na6;Rápido e Devagar ou declaração pública registrada;A-;manipulacao;;;"recuperado de diff de curadoria-frases.csv entre os commits + CHECKPOINT; qid lido da execução do memotiva.js do commit base"
2026-10-01;"Fase 96 (padrão ""[obra] ou declaração pública registrada"")";9f81582;376355e;Daniel Kahneman;Erros previsíveis revelam padrões no modo como pensamos.;historico-removida;"Padrão ""[obra] ou declaração pública registrada"": sem verificação individual dentro do tempo da sessão, removida pela regra do projeto ""sem achar, não fica""; fila para sessão futura (CHECKPOINT, sessão 29/09/2026 e comentário da Fase 96).";"CHECKPOINT: ""sessão 29/09/2026 — novo padrão de fonte fraca""; comentário da Fase 96 em memotiva.js";qxu5xupgqw1h3;Rápido e Devagar ou declaração pública registrada;A-;manipulacao;;;"recuperado de diff de curadoria-frases.csv entre os commits + CHECKPOINT; qid lido da execução do memotiva.js do commit base"
2026-10-02;Fecha os 11 itens (verificação);376355e;183c1e7;Elizabeth Stone;A maternidade é a única profissão em que o sucesso se mede pela capacidade de se tornar dispensável.;historico-removida;"Segunda frase sem confirmação em busca dedicada (mensagem do commit 183c1e7 e CHECKPOINT ""Fecha os 11 itens"").";"mensagem do commit 183c1e7 e CHECKPOINT: ""Fecha os 11 itens""";f80kl013em;Black Sheep and Kissing Cousins;A;familia;;;"recuperado de diff de curadoria-frases.csv entre os commits + CHECKPOINT; qid lido da execução do memotiva.js do commit base"
2026-10-02;Fase 78 (dedup de traduções) — visível só no navegador real;6b63032;fb579b1;Morgan Housel;A independência financeira é ter controle sobre seu tempo.;historico-fundida-duplicata;"Duplicata de tradução removida pela Fase 78 do código (anterior a esta curadoria); só aparece na exportação em navegador real porque o jsdom não executa o timer da fase (CHECKPOINT, Auditoria do PR #2, achado A).";"CHECKPOINT: ""Auditoria do PR #2"", achado A";q10cnvhw8i2ljk;A Psicologia Financeira;A-;financas;A independência financeira é a capacidade de fazer aquilo que você quer com seu tempo.;0.62;"recuperado de diff de curadoria-frases.csv entre os commits + CHECKPOINT; qid lido da execução do memotiva.js do commit base"
2026-10-02;Fase 78 (dedup de traduções) — visível só no navegador real;6b63032;fb579b1;Warren Bennis;A confiança é o combustível da liderança.;historico-fundida-duplicata;"Duplicata de tradução removida pela Fase 78 do código (anterior a esta curadoria); só aparece na exportação em navegador real porque o jsdom não executa o timer da fase (CHECKPOINT, Auditoria do PR #2, achado A).";"CHECKPOINT: ""Auditoria do PR #2"", achado A";q1gndn7g4opozj;On Becoming a Leader;A-;lideranca;A confiança é o elemento básico de toda liderança.;0.69;"recuperado de diff de curadoria-frases.csv entre os commits + CHECKPOINT; qid lido da execução do memotiva.js do commit base"
2026-10-02;Fase 78 (dedup de traduções) — visível só no navegador real;6b63032;fb579b1;Marco Aurélio;A vida de um homem é aquilo que seus pensamentos fazem dela.;historico-fundida-duplicata;"Duplicata de tradução removida pela Fase 78 do código (anterior a esta curadoria); só aparece na exportação em navegador real porque o jsdom não executa o timer da fase (CHECKPOINT, Auditoria do PR #2, achado A).";"CHECKPOINT: ""Auditoria do PR #2"", achado A";q17xa7tcjsfd6d;Meditações, Livro IV;A;vida;A nossa vida é aquilo que os nossos pensamentos fazem dela.;0.77;"recuperado de diff de curadoria-frases.csv entre os commits + CHECKPOINT; qid lido da execução do memotiva.js do commit base"
2026-10-02;Fase 78 (dedup de traduções) — visível só no navegador real;6b63032;fb579b1;Nicolau Maquiavel;Todos veem aquilo que você parece ser, poucos conhecem aquilo que você realmente é.;historico-fundida-duplicata;"Duplicata de tradução removida pela Fase 78 do código (anterior a esta curadoria); só aparece na exportação em navegador real porque o jsdom não executa o timer da fase (CHECKPOINT, Auditoria do PR #2, achado A). [similaridade textual com a contraparte baixa (0.53): confirmar manualmente]";"CHECKPOINT: ""Auditoria do PR #2"", achado A";qbqh2qk1tjp13u;O Príncipe;A-;politica;Os homens julgam mais pelos olhos do que pelas mãos: todos veem o que você parece, poucos sentem o que você é.;0.53;"recuperado de diff de curadoria-frases.csv entre os commits + CHECKPOINT; qid lido da execução do memotiva.js do commit base"
2026-10-02;Fase 78 (dedup de traduções) — visível só no navegador real;6b63032;fb579b1;Buda;Melhor do que mil versos sem significado é uma única frase que traz paz ao ouvinte.;historico-fundida-duplicata;"Duplicata de tradução removida pela Fase 78 do código (anterior a esta curadoria); só aparece na exportação em navegador real porque o jsdom não executa o timer da fase (CHECKPOINT, Auditoria do PR #2, achado A).";"CHECKPOINT: ""Auditoria do PR #2"", achado A";q1netma48t22zb;Dhammapada, 100–101;A;fe;Melhor do que mil palavras sem sentido é uma palavra que traz paz ao ouvinte.;0.78;"recuperado de diff de curadoria-frases.csv entre os commits + CHECKPOINT; qid lido da execução do memotiva.js do commit base"
2026-10-02;Fase 78 (dedup de traduções) — visível só no navegador real;6b63032;fb579b1;Krishna;O homem alcança a perfeição quando realiza seu dever com desapego.;historico-fundida-duplicata;"Duplicata de tradução removida pela Fase 78 do código (anterior a esta curadoria); só aparece na exportação em navegador real porque o jsdom não executa o timer da fase (CHECKPOINT, Auditoria do PR #2, achado A).";"CHECKPOINT: ""Auditoria do PR #2"", achado A";qhnm308ux728;Bhagavad Gita, 18.45–46;A;fe;O homem alcança a perfeição quando encontra alegria em cumprir seu próprio dever.;0.68;"recuperado de diff de curadoria-frases.csv entre os commits + CHECKPOINT; qid lido da execução do memotiva.js do commit base"
2026-10-02;Fase 78 (dedup de traduções) — visível só no navegador real;6b63032;fb579b1;Krishna;"Aquele que conquistou a mente alcançou um amigo; aquele que não a conquistou possui um inimigo.";historico-fundida-duplicata;"Duplicata de tradução removida pela Fase 78 do código (anterior a esta curadoria); só aparece na exportação em navegador real porque o jsdom não executa o timer da fase (CHECKPOINT, Auditoria do PR #2, achado A).";"CHECKPOINT: ""Auditoria do PR #2"", achado A";q920s9sgwp2bu;Bhagavad Gita, 6.6;A;fe;"Aquele que controla a mente encontra um amigo; aquele que não controla encontra um inimigo.";0.75;"recuperado de diff de curadoria-frases.csv entre os commits + CHECKPOINT; qid lido da execução do memotiva.js do commit base"
2026-10-02;Fase 78 (dedup de traduções) — visível só no navegador real;6b63032;fb579b1;Krishna;Aquele que abandona o egoísmo e o apego encontra a paz.;historico-fundida-duplicata;"Duplicata de tradução removida pela Fase 78 do código (anterior a esta curadoria); só aparece na exportação em navegador real porque o jsdom não executa o timer da fase (CHECKPOINT, Auditoria do PR #2, achado A).";"CHECKPOINT: ""Auditoria do PR #2"", achado A";q1gnnmbefdrreh;Bhagavad Gita;A-;fe;Aquele que abandona o apego aos frutos da ação alcança a paz.;0.65;"recuperado de diff de curadoria-frases.csv entre os commits + CHECKPOINT; qid lido da execução do memotiva.js do commit base"
2026-10-02;Fase 78 (dedup de traduções) — visível só no navegador real;6b63032;fb579b1;Lao Tsé;Aquele que sabe contentar-se é sempre feliz.;historico-fundida-duplicata;"Duplicata de tradução removida pela Fase 78 do código (anterior a esta curadoria); só aparece na exportação em navegador real porque o jsdom não executa o timer da fase (CHECKPOINT, Auditoria do PR #2, achado A).";"CHECKPOINT: ""Auditoria do PR #2"", achado A";q1w0k8615r2de1;Tao Te Ching, 33 e 46;A;fe;Quem sabe contentar-se é rico.;0.7;"recuperado de diff de curadoria-frases.csv entre os commits + CHECKPOINT; qid lido da execução do memotiva.js do commit base"
2026-10-02;Fase 78 (dedup de traduções) — visível só no navegador real;6b63032;fb579b1;Lao Tsé;O sábio não disputa, por isso ninguém pode disputar com ele.;historico-fundida-duplicata;"Duplicata de tradução removida pela Fase 78 do código (anterior a esta curadoria); só aparece na exportação em navegador real porque o jsdom não executa o timer da fase (CHECKPOINT, Auditoria do PR #2, achado A).";"CHECKPOINT: ""Auditoria do PR #2"", achado A";qws2to317qn80f;Tao Te Ching, 22 e 66;A;fe;O sábio não luta contra ninguém e, por isso, ninguém pode lutar contra ele.;0.73;"recuperado de diff de curadoria-frases.csv entre os commits + CHECKPOINT; qid lido da execução do memotiva.js do commit base"
2026-10-02;Fase 78 (dedup de traduções) — visível só no navegador real;6b63032;fb579b1;Alcorão 8:46;E sejam firmes, pois Deus está com os perseverantes.;historico-fundida-duplicata;"Duplicata de tradução removida pela Fase 78 do código (anterior a esta curadoria); só aparece na exportação em navegador real porque o jsdom não executa o timer da fase (CHECKPOINT, Auditoria do PR #2, achado A).";"CHECKPOINT: ""Auditoria do PR #2"", achado A";q1605ykk8ku69k;Alcorão 8:46 · Alcorão — tradução de Samir El Hayek (edição brasileira de referência);B;fe;Sede pacientes, pois Deus está com os pacientes.;0.72;"recuperado de diff de curadoria-frases.csv entre os commits + CHECKPOINT; qid lido da execução do memotiva.js do commit base"
2026-10-02;Fase 78 (dedup de traduções) — visível só no navegador real;6b63032;fb579b1;Krishna;Aquele que abandona o apego e realiza suas ações com equilíbrio alcança a paz.;historico-fundida-duplicata;"Duplicata de tradução removida pela Fase 78 do código (anterior a esta curadoria); só aparece na exportação em navegador real porque o jsdom não executa o timer da fase (CHECKPOINT, Auditoria do PR #2, achado A).";"CHECKPOINT: ""Auditoria do PR #2"", achado A";q1li7o20fr1xsj;Bhagavad Gita;A-;fe;Aquele que abandona o apego aos frutos da ação alcança a paz.;0.69;"recuperado de diff de curadoria-frases.csv entre os commits + CHECKPOINT; qid lido da execução do memotiva.js do commit base"
2026-10-02;Fase 78 (dedup de traduções) — visível só no navegador real;6b63032;fb579b1;Marco Aurélio;O obstáculo à ação faz avançar a ação. O que está no caminho torna-se o caminho.;historico-fundida-duplicata;"Duplicata de tradução removida pela Fase 78 do código (anterior a esta curadoria); só aparece na exportação em navegador real porque o jsdom não executa o timer da fase (CHECKPOINT, Auditoria do PR #2, achado A). [similaridade textual com a contraparte baixa (0.55): confirmar manualmente]";"CHECKPOINT: ""Auditoria do PR #2"", achado A";qzdk0d01a8m1lj;Meditações, Livro V;A;dificeis;A pedra que obstrui o caminho torna-se o caminho.;0.55;"recuperado de diff de curadoria-frases.csv entre os commits + CHECKPOINT; qid lido da execução do memotiva.js do commit base"
2026-10-02;Fase 78 (dedup de traduções) — visível só no navegador real;6b63032;fb579b1;Sêneca;Quem recebe um benefício com gratidão já pagou a primeira parcela.;historico-fundida-duplicata;"Duplicata de tradução removida pela Fase 78 do código (anterior a esta curadoria); só aparece na exportação em navegador real porque o jsdom não executa o timer da fase (CHECKPOINT, Auditoria do PR #2, achado A).";"CHECKPOINT: ""Auditoria do PR #2"", achado A";q1ct568415pzqvx;Sobre os Benefícios, II;A;gratidao;Quem acolhe um benefício com gratidão, paga a primeira prestação da sua dívida.;0.73;"recuperado de diff de curadoria-frases.csv entre os commits + CHECKPOINT; qid lido da execução do memotiva.js do commit base"
